Date,Title,Source,URL,Event,Keyword,Category,Text
2023-04-24,"Bitcoin ( BTC ) price could hit $100 , 000 by end - 2024 : Standard Chartered",cnbc.com,https://www.cnbc.com/2023/04/24/bitcoin-btc-price-could-hit-100000-by-end-2024-standard-chartered.html,US Fiscal Stimulus + Rising Treasury Yields,US fiscal stimulus; Treasury yields; USD; inflation,Fiscal Policy / Interest Rates,"Bitcoin's value could jump to as much as $100,000 by the end of 2024, Standard Chartered said in a note published Monday.

The collapse of Silicon Valley Bank and other mid-tier U.S. lenders has solidified the case for bitcoin as a ""decentralised, trustless and scarce digital asset,"" Standard Chartered analyst Geoff Kendrick said in the note.

""We see potential for Bitcoin (BTC) to reach the USD 100,000 level by end-2024, as we believe the much-touted 'crypto winter' is finally over,"" Kendrick said in the report, titled ""Bitcoin — Pathway to the USD 100,000 level.""

""The current stress in the traditional banking sector is highly conducive to BTC outperformance – and validates the original premise for Bitcoin as a decentralised, trustless and scarce digital asset,"" Kendrick added.

""Given these advantages, we think BTC's share of total digital assets market cap could move into the 50-60% range in the next few months (from around 45% currently).""

Bitcoin was trading at $27,601.55 as of 9:40 a.m. ET, according to CoinGecko data.

The woes of Circle's USD Coin and other so-called stablecoins, which aim to achieve a 1-to-1 peg to the U.S. dollar, has also benefited bitcoin, Kendrick said.

USDC lost its peg to the dollar after its issuer Circle revealed exposure to SVB. The coin has since regained its $1 value, however its total market value has fallen to $30.7 billion from more than $43 billion since Mar. 10 when the bank was placed into receivership by the U.S. government, according to CoinGecko data.

This, coupled with a stabilization of risk assets and speculation that the Federal Reserve will ease monetary tightening further, means the ""pathway to the USD 100,000 level is becoming clearer,"" Kendrick said.

Proponents of bitcoin maintain the digital currency is an asset worth diversifying into in times of economic distress. As the theory goes, bitcoin has a limited supply of 21 million bitcoins, meaning it should appreciate as demand for alternative assets grows to avoid the effects of high inflation.

The cryptocurrency failed that test last year when it plunged 65%, marking the second-worse year for bitcoin of all time amid a tumultuous backdrop of multibillion-dollar flameouts such as FTX and Terra and regulatory clampdowns.

More recently, however, the token has been climbing, suggesting a recovery may be on the cards. Bitcoin is up 66% since the start of the year — though it has fallen sharply since breaching $30,000 two weeks ago.

""The associated price jump – from below USD 20,000 before the SVB issues to above USD 30,000 – has dramatically increased the profitability of Bitcoin mining companies,"" Kendrick wrote.

Bitcoin miners are volunteers who allocate computing power toward solving complex cryptographic puzzles in order to verify transactions are genuine and mint new units of currency.

""With the price of BTC now well above our USD 15,000 estimate of direct costs, miners are unlikely to sell many coins,"" Kendrick said, noting that this would be a positive development for the cryptocurrency as miners are a major driving force for the market given the size of their holdings.

""The broader macro backdrop for risky assets is also gradually improving as the FOMC nears the end of its tightening cycle. While BTC can trade well when risky assets suffer, correlations to the Nasdaq suggest that it should trade better if risky assets improve broadly.""

Standard Chartered isn't the only one predicting a strong rally of bitcoin's price. Last month, at a blockchain conference in Paris, multiple crypto industry insiders forecast bitcoin hitting a new all-time high in 2023 — with an executive at U.S.-headquartered cryptocurrency exchange Gemini telling CNBC $100,000 could be a possibility.

Last year, CNBC quizzed multiple venture capitalists, investors and analysts on how they think the digital currency will perform in 2023. On the bullish end of the spectrum, Draper Associates founder and noted bitcoin bull Tim Draper said he thought the cryptocurrency could reach $250,000 .

Ironically, on the bearish end, Standard Chartered said that the cryptocurrency could tumble as low as $5,000 in a list of market surprise for 2023.

Some crypto investors are pointing to anticipation of the next so-called bitcoin ""halving,"" which reduces the rewards to bitcoin miners by 50%, as a potential catalyst for another monster rally in the coin's price.

— CNBC's Arjun Kharpal contributed to this report"
2024-03-19,Bank of Japan made a landmark rate pivot . Here what happens next,cnbc.com,https://www.cnbc.com/2024/03/19/boj-bank-of-japan-historic-pivot-interest-rate-hike.html,US Fiscal Stimulus + Rising Treasury Yields,US fiscal stimulus; Treasury yields; USD; inflation,Fiscal Policy / Interest Rates,"Japan's central bank on Tuesday finally ended its experiment with negative rates and unconventional easing tools which were aimed at reflating the world's fourth-largest economy.

The Bank of Japan's decision came just days after Rengo, Japan's largest federation of trade unions, said ongoing ""shunto"" wage negotiations between Japan Inc and unionized employees have so far yielded a provisional weighted average 3.7% spike in base pay . This was even more robust than last year's gains, which were the steepest in three decades.

BOJ Governor Kazuo Ueda had repeatedly said these talks would be key to sustainable price increases that would inform any decision to hike rates for the first time in 17 years. BOJ policymakers expect higher salaries to lead to a virtuous spiral with domestic demand fueling inflation.

Prior to Tuesday, the BOJ had barely budged from its ultra-loose monetary policy posture despite ""core-core inflation"" — which excludes food and energy prices — exceeding its 2% target for more than a year, as policymakers viewed that price increases were largely imported from overseas.

""The BOJ has taken a bit of a punt today on the expectation that the very substantial wage increases in a great number of firms is actually going to deliver household spending growth,"" Rob Carnell, head of Asia Pacific research at ING, told CNBC Tuesday after the BOJ released its decision after its March policy meeting.

""At the moment, they don't know that,"" he cautioned.

The BOJ will now look to utilize its short-term interest rate as its primary policy tool. It will employ an interest rate of 0.1% to current account balances held by financial institutions at the central bank from March 21, while encouraging the uncollateralized overnight call rate (another interest rate used as a policy lever by the bank) to remain at around 0 to 0.1% — effectively raising interest rates from -0.1% previously.

Shortly after the BOJ announcement, Japan's largest banks, including Mitsubishi UFJ Financial Group , Sumitomo Mitsui Financial Group and Mizuho Financial Group , announced they would raise interest rates on ordinary yen deposits.

There are some other highlights of its policy decision:

CNBC takes a look at what could next happen:

The decision Tuesday sparked a sharp selloff in the Japanese yen that stretched into Wednesday.

The yen dived to its weakest against the euro since 2008 on Wednesday. The Japanese currency also fell against the dollar , trading at a four-month low of about 151 yen — weaker than the 150-yen level that previously prompted some form of intervention from Japanese authorities.

At his post-decision press conference, Ueda said a ""rapid"" pace of hikes is unlikely given the fragile economic outlook for the economy — a perspective that likely disappointed some Japanese yen bulls, according to Michael Brown, senior research strategist at forex broker Pepperstone.

In fact, the BOJ cautioned in its initial release it's not about to embark on aggressive rate hikes, saying that it ""anticipates that accommodative financial conditions will be maintained for the time being.""

At Tuesday's press conference, Ueda did not commit to a timeline for a shrinkage of the BOJ's balance sheet, nor did he give any clear signs on any further rate hikes or a terminal rate level.

The global rates team from the Bank of America — among those in the market who forecast the BOJ move following a litany of local Japanese news reports in the last week — said that they expect a ""limited"" immediate impact globally, as the action is already well priced.

The BofA team also noted that just because the BOJ scrapped its yield curve control framework that doesn't mean it will lead to a sharp rise in yields on government bonds (JGBs). This is likely due to the BOJ saying it will continue purchasing government bonds worth ""broadly the same amount"" as before — currently about 6 trillion yen per month.

Barclays economists said that a decrease in the upper bound of offer sizes for JGBs suggested that the BOJ is looking to gradually reduce its purchases.

One of the biggest fears is the extent of any repatriation to Japan.

Decades of accommodative monetary policy in Japan — even as other global central banks tightened policy in the last 12 months — have also concentrated carry trades in the Japanese yen, given the vast interest rate difference between Japan and the U.S. and other parts of the world, keeping the Japanese yen weak. Carry trades involve borrowing in a low-yielding currency to fund investments in higher-yielding assets elsewhere.

An unwind of the traditional yen carry trade along with a return of Japanese capital to its domestic bond market could trigger wider volatility. Japanese investors have looked elsewhere for better returns given years of artificially depressed interest rates in their home market.

But with the BOJ unlikely to aggressively hike rates, there appears to be little chance of a sharp drop in the spread between U.S. Treasurys and JGBs that currently exceeds 300 basis points, Vishnu Varathan, Mizuho's chief Asia ex-Japan economist, said.

""Whereas [an] unexpected dovish turn by the [U.S. Federal Reserve] is a different proposition altogether.""

The Fed is due to announce its own interest rate decision on Wednesday.

In the longer term, Hayden Briscoe, head of APAC multi asset portfolio management at UBS Asset Management, said that there will be a gradual step up in bond yields, ""say, 25, 50 point blocks, [to] make sure the markets are functioning.""

Briscoe thinks that it will take some time for the BOJ to make more changes to the benchmark interest rate, pointing out that ""they don't want to scare people off with short rates going up aggressively, while the year long [yields are] under pressure.""

As such, what he thinks the central bank will do is to allow the longer end of the yield curve to start ""nudging"" higher slowly, then if the BOJ sees demand and prices going up due to higher wages, then the bank will ""start nudging again on the cash rates.""

Briscoe does say though, that this move will not be coming any time soon.

""Whether the Bank of Japan decides to hike rates a smidgeon is not what matters at the March or April meetings. It will be the totality of the announced policy shift that we will focus on, along with what it does to expectations for more of the same,"" Steven Major, HSBC's global head of fixed income research, said in a note ahead of the BOJ's historic move.

""Something big in Japan is about to happen,"" he added.

— CNBC's Shreyashi Sanyal contributed to this story.

Correction: This story has been updated with the correct name for inflation when the metric excludes food and energy prices."
2024-03-19,What Is the Average Tax Refund in 2024 ?,cnbc.com,https://www.cnbc.com/select/average-tax-refund/,US Fiscal Stimulus + Rising Treasury Yields,US fiscal stimulus; Treasury yields; USD; inflation,Fiscal Policy / Interest Rates,"The One Big Beautiful Bill Act (OBBBA) included a number of changes to the tax code , including a larger standard deduction, a boost to the Child Tax Credit and a new deduction for taxpayers 65 and older .

That means most Americans can expect larger refunds this year. In addition, many filers didn't adjust withholding on their paychecks to account for the changes, so they're getting more money back from the IRS.

The result? The White House is forecasting the average 2026 refund will increase by $1,000 or more over last year. The Center for American Progress , a left-leaning policy institute, questioned those figures and pointed to analyses predicting a more modest $331 to $748 increase.

Considering how many Americans rely on their refund to cover basics like housing and credit card bills, any increase is welcome news.

Offers in this section are from affiliate partners and selected based on a combination of engagement, product relevance, compensation, and consistent availability.

The Deluxe plan comes with priority support and live chat, while the paid Pro Support tier adds access to a tax pro, phone support, live screenshare and assistance with federal and state returns

The Deluxe plan comes with priority support and live chat, while the paid Pro Support tier adds access to a tax pro, phone support, live screenshare and assistance with federal and state returns

Guarantees 100% accuracy and maximum refund

Guarantees 100% accuracy and maximum refund

TaxAct Xpert Assist is available starting at $45

TaxAct Xpert Assist is available starting at $45

100% accuracy and maximum refund Terms apply

If you still need to file, the top tax-prep software can process all the new deductions and credits. TurboTax's easy-to-use platform guides you through the filing process from start to finish, with a library of explainers, videos and tip sheets. If you find a larger refund somewhere else, TaxAct will refund the cost of your filing and pay you the difference.

If you have a simple Form 1040 return only (no forms or schedules except as needed to claim the Earned Income Tax Credit, Child Tax Credit, student loan interest, and Schedule 1-A), you can file for free yourself with TurboTax Free Edition, or you can file with TurboTax Expert Assist Basic at the listed price. Roughly 37% of taxpayers are eligible.

Guarantees 100% accuracy and maximum refund

Expert Assist plan includes unlimited assistance and final review. Expert Full Service includes a dedicated expert to complete and file your return.

Read our review of TurboTax tax software .

Federal returns (Form 1040 and limited credits only)

Maximum refund guarantee and $100,000 accuracy guarantee

TaxAct Xpert Assist is available with any plan for a flat $60 fee

If you are getting a refund this year, remember it's just your hard-earned income going back into your pocket, not ""free money."" If you don't need it for day-to-day expenses, here's how to use it to move your financial life forward.

More than a third (37%) of taxpayers use their refund to pay down credit card debt, according to a 2026 MoneyLion survey, especially to cover large holiday purchases. With refunds averaging $3,700 and household card debt averaging close to $6,000, you may not be able to climb back into the black. But even lowering your balances could save you hundreds in interest and fees. According to the avalanche method, you should use the refund to pay off as much as you can of the card with the highest APR first. In the months ahead, pay off any other cards, moving from highest to lowest APR. The snowball method is better suited for people who need an early win to gather momentum. Pay off the card with the smallest balance first, then move to the next smallest, and so on. You'll still have high APR credit card bills, but the feeling of accomplishment when a card balance hits zero can be a real motivator.

Almost 40% of Americans have $250 or less in savings, according to a 2025 GOBankingRates survey . So, if you've paid off your debts, the next most important money move is to put three to six months' worth of living expenses in an emergency fund .

The money should earn interest but still be accessible, so a high-yield savings account or money market account will fit the bill nicely. Happen Bank LevelUp Savings and the UFB Portfolio Savings both earn an above-average APY and don't charge monthly maintenance fees.

4.00% (with monthly deposits of $250 or more), or 3.00%

UFB Portfolio Savings offered by Axos Bank®, a Member FDIC.

UFB Portfolio Savings offered by Axos Bank®, a Member FDIC.

$0, no minimum deposit or balance needed for savings

No monthly maintenance or service fees

Overdraft fees may be charged, according to the terms; overdraft protection available

Read our UFB Portfolio Savings review .

The Trump administration is turning the screws on student loan borrowers, ending several income-driven repayment plans and resuming wage garnishing for defaulted loans.

Using your tax refund to make an oversized loan payment can get you back on track and bring you closer to a life without student loan debt.

Servicers can't repossess your education, but they can notify credit agencies about a delinquent account. Your credit score could drop by up to 200 points if you default.

The average tax refund in 2026 is close to $3,700 . That's a far cry from the $40,000 you'll need to make the median down payment. That doesn't mean it can't help make homeownership a reality for you.

ONE+ loans by Rocket Mortgage require only 1% down. You could also put your refund toward an FHA mortgage , which only requires 3.5% down, or use to cover closing costs, movers and other homebuying expenses.

The money can also go toward closing costs, earnest money, insurance and property taxes, moving and home renovation projects.

Offers in this section are from affiliate partners and selected based on a combination of engagement, product relevance, compensation, and consistent availability.

10, 15 or 30 years for fixed-term conventional loans, 30-year VA and FHA loans. Custom mortgages with fixed-rate terms from 8 to 29 years.

10, 15 or 30 years for fixed-term conventional loans, 30-year VA and FHA loans. Custom mortgages with fixed-rate terms from 8 to 29 years.

620 for conventional, 500 for FHA

620 for conventional, 500 for FHA

0% for VA, 1% for RocketONE+, 3% for conventional, 3.5% for FHA, 10% to 15% for jumbo

0% for VA, 1% for RocketONE+, 3% for conventional, 3.5% for FHA, 10% to 15% for jumbo

3% for DreaMaker℠ or Standard Agency loan

3% for DreaMaker℠ or Standard Agency loan

A 529 college savings plan helps parents save for their children's education by allowing earnings to grow tax-free. Withdrawals used for qualified educational expenses are also tax-free.

ScholarShare 529 and Invest529 are two of our top picks for 529 plans, with returns that are higher than what you'd get with a deposit account, even a HYSA.

Choose from active enrollment year, passive enrollment year; active multi-fund, passive multi-fund and single-fund portfolios

Offers funds from companies such as Dimensional Fund Advisors, Metropolitan West, PIMCP, T. Rowe Price and TIAA-CREF

Total asset-based expense ratio: 0.05% to 0.46%

Options include target enrollment portfolios (also known as age-based portfolios), index portfolios, target risk portfolios, principal protected portfolios and specialty portfolios

Investors can choose funds from Vanguard, Invesco, Blackstone, UBS and more

Total asset-based expense ratio: 0.0% to 0.569%

As of February 2026, tax refunds are averaging 10.9% higher than in 2025. OBBBA made many provisions of the 2017 Tax Cuts and Jobs Act (TCJA) permanent, but it also introduced several new tax breaks.

The TCJA practically doubled the standard deduction in 2018, eliminating the need for many Americans to itemize their returns to shrink their taxable income. Scheduled to expire in 2025, the expanded deduction has now been extended to at least 2028.

In 2025, the standard deduction increased by another $750 for individual filers and by $1,500 for married couples filing jointly.

Seniors and the visually impaired have long been able to claim the Extra Standard Deduction , which is currently is $2,000 for individual filers and $1,600 for married couples filing separately.

Starting this year, though, taxpayers 65 and older can claim an additional $6,000 without itemizing. The Enhanced Deduction for Seniors can be stacked on top of the Extra Standard Deduction and is per individual, so married couples filing jointly can claim up to $12,000. (The enhanced deduction is not available to married couples filing separately.)

For individuals, the deduction is gradually reduced if your modified adjusted gross income (MAGI) exceeds $75,000 and is completely phased out at $175,000. For couples filing jointly, the deduction begins to be phased out at $150,000 and disappears at $250,000.

Touted as ""no tax on tips,"" OBBBA actually introduced a deduction of up to $25,000 for ""qualified"" tips. To be eligible, you must be in a profession where gratuities are customary — like a server, bartender, driver, or hairstylist —and you can only declare voluntary tips from patrons.

A portion of qualified overtime pay is also deductible under OBBBA. It's capped at $12,500 in eligible overtime, which is defined by the Federal Labor Standards Act as anything beyond a 40-hour workweek (paid at time-and-a-half).

If you're claiming either of these tax breaks, the full deduction is only available if you have a MAGI of less than $150,000 ($300,000 for joint filers). You'll also need to attach a Schedule 1-A .

Up to $10,000 of interest paid on a car loan is now deductible, provided it's a new U.S.-assembled vehicle purchased between 2025 and 2028 and not being used for business purposes.

You don't need to itemize to take this tax break, but it's not available for interest on auto leases and it phases out for taxpayers with a MAGI above $100,000 ($200,000 for married filing jointly).

Residents in some states could get a big break on their income and property taxes, thanks to a temporary increase in the federal deduction for state and local taxes (SALT).

Starting this year, the SALT deduction limit has been supercharged to $40,000. It will increase by 1% annually through 2029, then revert to the pre-OBBBA cap of $10,000.

The $40,000 SALT deduction limit starts to phase out if your MAGI exceeds $500,000 and reverts to $10,000 after you pass $600,000. You'll need to itemize your return to claim the SALT deduction.

If you filed online and set up direct deposit, the IRS says you can expect a refund within 21 days. If you mailed a printed return, it could take up to eight weeks.

To check your refund status, you can use the IRS's Where's My Refund? tool, which is updated once a day. You'll need to input your Social Security number, filing status and the refund amount listed on your return.

Hiding or misrepresenting income, or falsifying dependents or deductions, is a criminal offense that can result in prison time. Simply not paying your tax bill on time won't, but fees and penalties will begin to accrue immediately.

Depending on how much you owe and for how long, the IRS can put a lien on your home, repossess your car or even invalidate your passport.

At CNBC Select, our mission is to provide our readers with high-quality service journalism and comprehensive consumer advice so they can make informed financial decisions. Every tax article is based on rigorous reporting by our team of expert writers and editors with extensive knowledge of insurance products . While CNBC Select earns a commission from affiliate partners on many offers and links, we create all our content without input from our commercial team or any outside third parties, and we pride ourselves on our journalistic standards and ethics."
2024-06-14,"CNBC Daily Open : Mega money Musk , Kitty stake grows",cnbc.com,https://www.cnbc.com/2024/06/14/cnbc-daily-open-mega-money-musk-kittys-stake-grows.html,US Fiscal Stimulus + Rising Treasury Yields,US fiscal stimulus; Treasury yields; USD; inflation,Fiscal Policy / Interest Rates,"More records, Dow lags The S&P 500 and the Nasdaq Composite inched their way to a fourth consecutive record close as the latest data showed inflation was easing. Chipmaker Broadcom soared after it delivered better-than-expected second-quarter earnings and announced a 10-for-1 stock split . The Dow Jones Industrial Average was the laggard, falling 65 points, dragged down by Salesforce and Amazon . The yield on the 10-year Treasury slipped after the producer price index unexpectedly fell. U.S. oil prices declined.

Mega bucks Tesla shareholders voted to ratify CEO Elon Musk 's 2018 pay plan at the annual meeting, despite a Delaware judge ordering its rescission five months earlier. The vote, a public relations win for Musk, doesn't override the court's ruling but may aid his future efforts to secure performance options. The package, once valued at $56 billion, was deemed ""unfathomable"" by the court. Speaking after the vote, Musk claimed that his company's Optimus humanoid robots could eventually make the automaker worth more than half the S&P 500's current value of $45.5 trillion, according to FactSet.

Reasonable debt Janet Yellen, U.S. Treasury Secretary, said the ballooning national debt that's currently at $34.7 trillion is manageable. ""If the debt is stabilized relative to the size of the economy, we're in a reasonable place,"" Yellen told CNBC's Andrew Ross Sorkin during a ""Squawk Box"" live interview. ""The way I look at it is that we should be looking at the real interest cost of the debt. That's really what the burden is."" Net interest costs totaled $601 billion during the 2024 fiscal year — more than four times the spending on education.

Roaring Kitty goes long Keith Gill, the meme stock investor known as ""Roaring Kitty,"" seems to have significantly increased his GameStop holdings. A recent screenshot of his E-Trade portfolio posted on Reddit suggests he now owns over 9 million shares, up from 5 million in early June. It appears Gill may have dumped his options and used the proceeds to buy additional shares. This comes amid a renewed frenzy in GameStop stock, with Gill playing a prominent role.

Japan up on BOJ bond decision Japan's Nikkei 225 rose following the Bank of Japan's (BOJ) announcement of plans to reduce its bond-buying program after its July meeting. The yen fell against the U.S. dollar due to the delay in ending the 6 trillion yen ($38.5 billion) monthly purchases of Japanese government bonds. The BOJ also left interest rates unchanged, as widely anticipated. Elsewhere, Australia's S&P/ASX 200 and Hong Kong's Hang Seng index were trading lower. Mainland China's CSI 300 index fell 0.4%, while South Korea's Kospi rose 0.3%.

[PRO] Trillionaires club Chipmaker Broadcom is on course to "" join the trillionaires club ,"" Bank of America is predicting. BofA raised its price target, implying a 34% upside from Wednesday's close. Broadcom's shares soared 13% after reporting earnings that beat analyst expectations and announcing a 10-for-1 stock split.% after reporting earnings that beat analyst expectations and announcing a 10-for-1 stock split.

Three $3 trillion companies — Nvidia , Apple and Microsoft — are vying for the title of the world's most valuable company. Meanwhile, chipmaker Broadcom is just over $200 billion away from joining the trillion-dollar club . As investors are captivated by mega-cap technology stocks, this artificial intelligence-driven surge is concentrating wealth in just a few companies.

Nvidia's remarkable 200% growth in the past year has increased its S&P 500 weighting to 6.6%, while Microsoft and Apple hold 7% and 6.4%, respectively. Evercore ISI chip analyst Mark Lipacis predicts Nvidia could eventually constitute 10%-15% of the index, a level of dominance never seen before.

In March, Goldman Sachs Research noted that ""the 10 largest U.S. stocks now account for 33% of the S&P 500 index's market value,"" surpassing levels seen during the 2000 tech bubble. The Wall Street firm acknowledges that while ""investors usually think of elevated concentration as a sign of downside risk,"" the S&P 500 has historically rallied more often than declined after such episodes.

BTIG chief market technician Jonathan Krinsky noted that U.S. stock markets are currently more imbalanced than at any time since 1999.

On Thursday morning, the S&P 500 was about 4% above its 50-day moving average (DMA), while only 43% of its individual stocks were above their 50-DMA. Historically, such a divergence occurred only in December 1999, just before the tech bubble burst.

Krinsky cautioned that this doesn't necessarily mean the stock market indexes are on the verge of rolling over but, combined with other breadth metrics, it does warrant caution. He pointed out that despite favorable inflation data from CPI and PPI, small-caps remained unchanged, raising questions about why market breadth hasn't improved.

However, Goldman Sachs' Scott Rubner suggests there could be a "" wall of money "" coming into stocks in the second half of the year. He noted that roughly 9 basis points of new money enters the market every July.

""On $29 trillion in assets, that is $26 billion in modeled July inflows,"" Rubner wrote in a note last week. ""Additionally, I am seeing a re-emergence of retail traders during summer; they tend to come around July.""

That money is likely headed in one direction: mega caps.

— CNBC's Jeff Cox, Lisa Kailai Han, Sara Min, Spencer Kimball, Brian Schwartz, Brian Evans, Scott Schnipper, Fred Imbert and Lora Kolodny contributed to this report."
2024-06-06,"The low - end consumer  is really being stretched , says Five Below CEO",cnbc.com,https://www.cnbc.com/2024/06/06/the-low-end-consumer-is-really-being-stretched-says-five-below-ceo.html,US Fiscal Stimulus + Rising Treasury Yields,US fiscal stimulus; Treasury yields; USD; inflation,Fiscal Policy / Interest Rates,"While inflation is showing signs of easing , consumers in the country may still be feeling its effects for quite some time, according to Joel Anderson, CEO of discount retailer Five Below . The executive sees underperformance particularly in the lower-income demographic.

""The lower-end customer is really being stretched,"" Anderson said on an earnings call with analysts Wednesday. ""We've got to deliver value, and we've got to really display that in how we go to market, and when you walk in the store, what you see. But all that's in flight right now, and [we] expect to see some of those changes improve by back half of the year.""

Five Below issued soft revenue guidance for the second quarter and the full year. Revenue for the first quarter also came in below expectations.

Shares plummeted nearly 11% Thursday, hitting a new 52-week low during the trading session. The retailer is down more than 44% in 2024.

""Consumers were more discerning with their dollars, increasingly buying to need,"" Anderson added. The types of products they've been purchasing reflect this, he added, noting that consumers bought more in the company's ""consumable"" categories such as candy, food and beverage, beauty and health and beauty aids.

The CEO also noted that Five Beyond — the company's in-store shop that sells some products for more than $5 — performed the best among its lower-income household stores. This, he said, indicates that when consumers see the value of products, the more they have to ""stretch their dollar.""

Though there has been some indication that aspects of the U.S. economy are improving, consumer sentiment has been lagging . In fact, consumer sentiment dropped more than 10% in May, according to the University of Michigan Survey of Consumers. Not only that, more than half of Americans falsely believe the country is in an economic recession.

""The quarter solidified that consumers are feeling the impact of multiple years of inflation across many key categories, such as food, fuel and rent, and are therefore far more deliberate with their discretionary dollars,"" Anderson said."
2024-08-13,"European markets live updates : stocks , news , data and earnings",cnbc.com,https://www.cnbc.com/2024/08/13/european-markets-live-updates-stocks-news-data-and-earnings.html,US Fiscal Stimulus + Rising Treasury Yields,US fiscal stimulus; Treasury yields; USD; inflation,Fiscal Policy / Interest Rates,"LONDON — European stocks closed higher on Tuesday, as market participants monitored a fresh batch of economic data following last week's volatility.

The pan-European Stoxx 600 index provisionally ended 0.5% higher, with major bourses and most sectors in positive territory. Health care stocks rose 1% to lead gains, while mining stocks slipped 0.5%.

U.K. wage data released by the Office for National Statistics on Tuesday showed that pay excluding bonuses grew 5.4% year-on-year between April and June — the lowest rate in two years.

The unemployment rate fell to 4.2% from 4.4%, the ONS said, while economists polled by Reuters had expected an increase of 4.5%.

Jack Kennedy, senior economist at jobs site Indeed, said the figures showed the labor market remained ""fairly tight"" and that wage pressures were softening only gradually, potentially limiting the level of monetary easing the Bank of England is able to deliver this year.

U.K. inflation data, due on Wednesday, will be the first print since the Bank of England cut interest rates by 25 basis points. After two months at 2%, economists polled by Reuters expect the headline rate to tick higher, to 2.3%.

Money markets are currently pricing in a high probability of further rate cuts amounting to 50 basis points this year. The Bank of England's key rate currently sits at 5%.

The British pound was higher following the labor market data, trading up 0.4% against the U.S. dollar at $1.2823.

Investors around the world will also be analyzing the latest U.S. inflation data this week, in order to get a better picture of the state of health of the world's largest economy.

Data released Tuesday showed the U.S. producer price index , a measure of wholesale prices, rose less than expected in July. The 0.1% rise on the month is likely to be seen to open the door further for the Federal Reserve to start lowering interest rates.

U.S. stocks rose on the news, with investors poised to monitor the more widely followed consumer price index out on Wednesday."
2024-08-08,Bank of Japan yen intervention : A short history,reuters.com,https://www.reuters.com/graphics/JAPAN-YEN/EXPLAINER/xmvjnxjmbvr/,US Fiscal Stimulus + Rising Treasury Yields,US fiscal stimulus; Treasury yields; USD; inflation,Fiscal Policy / Interest Rates,"T he Japanese yen has been under pressure in the past few years as markets focused on the wide U.S.-Japan interest rate differentials. The yen lost more than 20% against the dollar since the outset of 2022, prompting several rounds of intervention by Tokyo to prop up the currency in September and October that year. It kept falling despite further intervention in April and May 2024, touching a 38-year low of 161.96 to the dollar on July 3. Japan is suspected to have stepped in again in mid-July to put a floor under the yen.

The yen’s downtrend has reversed in recent days, following the Bank of Japan’s July 31 decision to raise interest rates and ahead of an expected loosening of U.S. monetary policy.

The BOJ’s hawkish move, along with investors’ concerns about U.S. growth, jolted global stock and bond markets. It triggered an unwinding of the carry trade , whereby investors borrow cheaply in yen to invest in higher-yielding assets. The yen rebounded sharply against the dollar, but remains relatively weak by the standards of the past few decades.

The figure has two line charts, one showing the Nikkei 225 Index and other showing yen against the dollar, both from January 2024 through August 5, 2024.

The yen’s fluctuations matter because the currency has long provided a cheap source of funding for global investors, even as other central banks raised borrowing costs.

Japanese authorities had historically intervened to prevent the yen from strengthening too much, as a strong yen hurts the export-reliant economy. This trend changed in 2022 when Tokyo stepped in and bought yen to defend its value, after the currency plunged on expectations that the BOJ would keep interest rates ultra-low even as other central banks tightened monetary policy to combat soaring inflation.

In both cases, authorities buy or sell yen, usually against the dollar. The Ministry of Finance decides when to step in and the Bank of Japan acts as its agent. The decision is highly political because Japan’s reliance on exports makes the public more sensitive to yen moves than in other countries. With many manufacturers now shifting production overseas, the benefit of a weak yen has diminished. Instead, a weak yen has become a pain for households and retailers by inflating the cost of importing fuel and raw material.

Tokyo intervened on April 29 and May 1 this year, according to Ministry of Finance data, to combat the yen’s declines. After the moves failed to reverse the yen’s downtrend, Japanese authorities are suspected by market participants to have intervened again on several occasions in July.

Japanese authorities typically do not confirm whether they intervened in the currency market, and say only that they would take appropriate action as needed against excessively volatile foreign exchange moves.

The line chart shows the interventions made by the Bank of Japan in the currency market from 1990 to 5 August 2024.

BOJ intervenes to support the yen, selling dollars

In 1991-1992, BOJ intervened to support the yen, selling dollars.

Asian financial crisis pummels yen ; BOJ intervenes to support it

Between 1997 and 1998, the Asian financial crisis pummeled yen and the BOJ intervened to support it.

BOJ sells yen, just before a massive monetary expansion

Between October and November 2011, BOJ sold yen, just before a massive monetary expansion.

Yen nears 152 against the dollar ; Japan intervenes

Between September and October 2022, Japan intervened as yen neared 152 against the dollar.

Suspected intervention after the yen falls to a 34-year low against the dollar

On 29 April 2024, there was a suspected intervention after the yen fell to a 34-year low against the dollar.

Yen surges by nearly 3% on suspected intervention.

On 11 July 2024, the yen surged by nearly 3% on suspected intervention.

BOJ raises interest rate to 0.25% ; yen strengthens sharply in subsequent days

On 31 July 2024, the BOJ raised the interest rate to 0.25% and the yen strengthened sharply in subsequent days.

Various factors caused the yen’s decline. First, the U.S. Federal Reserve’s aggressive interest rate rises and the BOJ’s slow pace in normalizing monetary policy kept the gap between U.S. and Japanese interest rates large, thereby keeping the yen less attractive compared with the dollar. Second, Japan is now importing more fuel and raw material than in the past, which means companies are converting yen into foreign currencies to make payments. Third, many big Japanese manufacturers that shifted production overseas have reinvested profits abroad, rather than repatriating them. That reduced demand for yen.

The line chart shows the gap between Japan’s interest rate and that of the U.S. from 2018 to 2024.

The BOJ ended negative interest rates in March and raised its short-term policy rate again to 0.25% from 0-0.1% in July. Governor Kazuo Ueda has signaled the chance of raising rates again if Japan makes further progress toward meeting the central bank’s 2% inflation target, as it projects.

Analysts expect the BOJ to eventually raise interest rates to levels deemed neutral to the economy, around 1% to 1.5% in the next few years. But such a gradual tightening would leave Japanese borrowing costs very low compared with other countries.

Japanese policymakers are cautious about raising rates too aggressively for fear of hurting already-weak consumption and threatening a fragile economic recovery. They are also wary of the risk of triggering a sharp rise in long-term interest rates that would increase the cost of funding Japan’s huge public debt.

The bar chart shows year-on-year change in GDP from the first quarter of 2021 to the first quarter of 2024. The latest three quarters have been highlighted to show growth contraction.

A weak yen pushes up the cost of importing fuel, food and raw material. That in turn hurts retailers and households through higher living costs. Inflation data shows that the rate of core inflation, which excludes volatile fresh-food prices but includes fuel costs, has been higher than the central bank target for the past 27 months.

The line chart plots Japan’s core inflation, which includes all items except fresh food, along with Japan’s inflation target of 2%.

A weak yen, however, is not necessarily all bad for Japan’s economy. The yen’s decline benefited Japanese export firms by inflating the yen-based profits they earned overseas. The increased profits may lead to higher wages and help underpin consumption.

The line chart plots the value of Japan’s exports in trillion yen from January 2022 to June 2022.

A cheaper yen also boosts tourism. The number of overseas visitors to Japan has surged over the past couple of years, giving hotels, department stores and others relief after enduring COVID-19 restrictions."
2024-12-12,Swiss National Bank takes leap with 50 - basis - point interest rate cut amid franc strength,cnbc.com,https://www.cnbc.com/2024/12/12/swiss-national-bank-takes-leap-with-50-basis-point-interest-rate-cut-amid-franc-strength.html,US Fiscal Stimulus + Rising Treasury Yields,US fiscal stimulus; Treasury yields; USD; inflation,Fiscal Policy / Interest Rates,"The Swiss National Bank on Thursday cut its key interest rate by 50 basis points, exceeding expectations of a smaller trim amid an ongoing tussle with depressed inflation and a strong Swiss franc.

The move takes the bank's main rate to 0.5%. More than 85% of economists polled by Reuters had forecast the bank would implement a smaller, 25-basis-point cut.

Switzerland became the first major economy to loosen its reins on monetary policy in March , implementing four reductions this year in the battle to tame the national currency's appreciation and declines in consumer prices.

""Underlying inflationary pressure has decreased again this quarter. The SNB's easing of monetary policy today takes this development into account,"" the bank said Thursday after its first meeting under new Chair Martin Schlegel. ""The SNB will continue to monitor the situation closely, and will adjust its monetary policy if necessary to ensure inflation remains within the range consistent with price stability over the medium term.""

Speaking to CNBC's Carolin Roth on Thursday, Schlegel attributed the policy decision to lower-than-expected inflation levels and noted that, ""With this cut, negative interest rates have become less likely in the future.""

The bank also issued a new conditional inflation forecast below that of September, reflecting a ""lower-than-expected"" print for oil products and food and predicting ""little change in the medium term.""

The new outlook puts average annual inflation at 1.1% for 2024, 0.3% for 2025 and 0.8% for 2026. It assumes the SNB policy rate holds at 0.5% over the entire forecast horizon.

""More cuts are coming, and zero interest rates are on the cards as soon as June. The 0.3% conditional forecast for next year is probably too close to comfort for policymakers, especially given the recent record of revising these down at every single meeting this year,"" Kyle Chapman, FX markets analyst at Ballinger Group, said in a note following the decision.

Schlegel stressed that Switzerland can withstand a ""temporary"" period of inflation sitting outside of the SNB's price stability range of 0% to 2%, but said the institution targets consumer price growth within that interval in the medium term.

He did not exclude the possibility of resorting to negative interest rates to manage that objective.

""Negative interest rates are unpopular. Nobody likes negative interest rates. Also the SNB does not like negative interest rates. But we cannot rule out at the current junction to introduce negative interest rates again in the future, if necessary,"" he said.

This step, he acknowledged, helped tame the attractiveness of the Swiss franc during a seven-year stretch that ended in 2022. Schlegel also left the door open for a potential SNB initiative to deploy its vast balance sheet and intervene in the foreign exchange market to rein in the national currency.

The U.S. dollar had risen by 0.4% against the Swiss franc by 9:17 a.m. London time, while the euro gained 0.57%.

""The franc is likely to come under more appreciative pressure as the ECB outpaces the SNB in cutting rates and the uncertainty around a Trump presidency heightens safe haven flows,"" Ballinger's Chapman noted.

Schlegel stressed the importance of developments abroad on Swiss finances. When asked about the impact of President-elect Donald Trump's imminent White House return in January, he said, ""Switzerland, as a small open economy, for us, free trade and open borders [are] very important to us.""

Swiss inflation came in at 0.7% year-on-year in November, compared with an annual print of 0.6% in October . Widely viewed as a safe haven amid political turbulence in the euro zone, the franc has largely resisted surrendering ground despite the SNB's rate trims. Its rally has loomed over the outlook for Swiss export opportunities that are already curtailed by tepid demand abroad and weak sales orders.

In October , the business climate index produced by industry association Swissmechanic fell to its weakest level since January 2021, with the body noting expectations of further declines in orders, sales and margins in the fourth quarter.

Fellow industry association Swissmem in November reported a continuing downturn in Switzerland's tech sectors, stressing : ""Key indicators do not point to a recovery any time soon. Against such a backdrop, efforts at the political level must be intensified in order to facilitate access to growing markets for the Swiss export economy. In concrete terms, the free trade.""

The broader economy recorded ""below-average growth"" of 0.2% in the third quarter, following 0.4% in the previous three-month stretch, official figures revealed at the end of November , weighed down by the industrial sector.

Market focus will later in the session turn to a meeting of the European Central Bank, which is also widely expected to trim its rates by 25 basis points."
2024-12-10,"Australia central bank ends 2024 with a dovish pivot , jolting markets",cnbc.com,https://www.cnbc.com/2024/12/10/australias-central-bank-ends-2024-with-a-dovish-pivot-jolting-markets.html,US Fiscal Stimulus + Rising Treasury Yields,US fiscal stimulus; Treasury yields; USD; inflation,Fiscal Policy / Interest Rates,"Australia's central bank held interest rates steady at its last meeting of the year but softened its hawkish tone by noting the board is gaining ""some confidence"" that inflation was heading back to target.

The Australian dollar fell 0.8% to $0.6380 and there-year bond futures rallied 5 ticks to 96.26, the highest since October. Swaps now imply there is a split chance of a rate cut in February, with a first easing more than fully priced in by April next year.

Wrapping up its December policy meeting, the Reserve Bank of Australia kept the cash rate unchanged at 4.35% where it has been all year. The statement omitted a previous line that the RBA Board was ""not ruling anything in or out"" as well as policy needing to remain restrictive.

Markets have heavily wagered on a steady outcome as RBA Governor Michele Bullock has repeatedly said that underlying inflation is still too high for rate cuts in the near-term, including just two weeks ago.

""Recent data on inflation and economic conditions are still consistent with these forecasts, and the Board is gaining some confidence that inflation is moving sustainably towards target,"" said the board in a statement.

The RBA has held its policy steady for over a year now, judging the current cash rate of 4.35% — up from 0.1% during the pandemic — is restrictive enough to bring inflation to its target band of 2-3% while preserving employment gains.

Some investors had bet the RBA could take a dovish turn after data showed economic growth in the third quarter was surprisingly weak, implying the central bank will have to cut its economic forecasts just one month after publishing them.

The expected rebound in consumer spending has yet to appear, with consumers largely holding onto the windfall from the government's tax cuts and paying off debt, according to bank research.

Anecdotal evidence pointed to robust sales over the Black Friday period, but a survey from the National Australia Bank released earlier in the day showed that business conditions slid to the lowest since late 2020 in November, suggesting the economy hasn't picked up momentum as expected this quarter."
2024-12-10,"China exports , imports miss expectations in November as economic worries deepen",cnbc.com,https://www.cnbc.com/2024/12/10/chinas-exports-imports-trade-november.html,US Fiscal Stimulus + Rising Treasury Yields,US fiscal stimulus; Treasury yields; USD; inflation,Fiscal Policy / Interest Rates,"China's exports and imports both missed expectations in November, data from the country's customs authority showed Tuesday, fueling worries over the health of the Chinese economy as consumer demand remains sluggish and tariff threats loom.

Import data surprised with a decline of 3.9%, marking the sharpest fall since September 2023. Analysts had expected imports to grow 0.3%.

Exports rose 6.7% in U.S. dollar terms from a year ago, sharply lower than the 12.7% growth in the previous month. Analysts in a Reuters poll had expected exports to climb 8.5% from a year ago in November.

The exports slowdown in November does not ""mark an end of China's recent export boom,"" Zichun Huang, China economist at Capital Economics said in a note on Tuesday, adding that while U.S. tariffs could reduce export volumes by around 3%, ""they may not be felt until the middle of next year.""

In the short run, the tariff threats ""may even spur exports as U.S. firms ramp up orders"" for Chinese goods, Huang added.

Meanwhile, import volumes may also recover in the short term, as accelerated fiscal spending boosts demand for industrial commodities, Huang said.

China's exports to all its major trading partners — the U.S., European Union and Association of Southeast Asian Nations — all rose in November from a year earlier.

Exports to ASEAN countries increased the most, up by nearly 15%, according to CNBC's analysis of the official data. Imports from its largest trading partner ASEAN fell 3%.

China's exports to the U.S. increased 8% on year while imports fell over 11%. The country's exports to European Union jumped 7.2% while imports shrank 6.5% from a year ago.

China's exports to Russia were down by 2.5% while imports dropped by 6.5%.

The volume of China's rare earths exports rose nearly 5% from a year ago in November, shipping out 4,416 metric tons of the minerals, used in products ranging from electric vehicles to consumer electronics. Cumulative exports in the months through November this year rose 6.6% from a year ago.

The country's rare earths imports declined over 20% from the year before to 11,327 tons.

The country announced a new policy in July to step up its oversight of the domestic rare earths industry over national security concerns.

China's steel exports last month surged by 16% from a year ago to 9.28 million tons. The country's steel exports have been surging this year and are expected to cross 100 million metric ton mark , matching levels last seen in 2016.

Exports have been a rare bright spot for the world's second-largest economy that has been marred with lackluster domestic consumption and a prolonged housing downturn.

The year-to-date exports in U.S. dollar term rose 5.4% to $3.24 trillion, while imports increased 1.2% to $2.36 trillion from a year ago, according to the customs data released Tuesday .

The November trade data came a day after China's top leadership pledged to ramp up monetary and fiscal policy stimulus to boost growth next year, and promised ""unconventional counter-cyclical adjustments"" to bolster domestic consumption demand.

Export growth could further pick up going into early 2025, as U.S. importers continue to ""front load"" Chinese purchases, said Erica Tay, director of macro research at Maybank, while pointing out there could be ""a fall-off in the second half"" of next year, as U.S. tariffs bite.

Manufacturing activity in the country expanded for a second straight month in November, with the official purchasing managers' index rising to 50.3, as Beijing's existing stimulus measures helped lift certain aspects of the ailing economy.

Domestic demand though has remained soft. China's consumer inflation fell to a five-month low in November , climbing 0.2% from a year earlier, official data on Monday showed."
2025-01-13,India inflation slows to lower - than - expected 5 . 22 % in December,cnbc.com,https://www.cnbc.com/2025/01/13/indias-inflation-slows-to-lower-than-expected-5point22percent-in-december.html,US Fiscal Stimulus + Rising Treasury Yields,US fiscal stimulus; Treasury yields; USD; inflation,Fiscal Policy / Interest Rates,"India's annual inflation declined for a second straight month year on year, coming in just below expectations at 5.22% in December , boosting the case for prospective interest rate cuts.

Analysts polled by Reuters had forecast a 5.30% reading. The December print from the Ministry of Statistics and Programme Implementation marked the slowest pace of growth in prices since August 2024.

In October, the country's inflation rate had hit a 14-month high of 6.21% , breaching the 6% tolerance limit of the Reserve Bank of India. Reserve Bank of India Governor Sanjay Malhotra on Dec. 24 forecast an inflation rate of 4.8% for the fiscal year ending March 2025.

Annual growth in food prices — a key metric — eased to 8.39% in December from 9.04% in November, with the MoSPI noting a ""significant decline"" in inflation in vegetables, sugar, cereals and confectionary, among others. Overall inflation for vegetables slipped to 26.56% in December, a step down from the 29.33% of November but a plunge compared with the October print of 42.18%. Despite this, prices for peas, potatoes and garlic observed the three highest year-on-year hikes last month.

Agriculture is a major component of India's GDP, and Malhotra previously wrote that pressures in the food sector were likely to linger in the fiscal third quarter, before starting to ease in the fourth one. This will be due to a seasonal correction in vegetable prices and monsoon harvest arrivals, as well as a likely good output for winter crops and adequate cereal buffer stocks.

The softer inflation reading in December offers more room to the RBI to cut rates, amid slowing growth in the country. India's economy expanded by just 5.4% in its second fiscal quarter ending September, well below estimates by economists and close to a two-year low.

""In terms of the policy implications, today's data – combined with a slowing economy and the change of leadership at the RBI to a seemingly less hawkish direction – suggest that the central bank will kick off the easing cycle at the next MPC meeting in February. We are forecasting a 25bp cut to the repo rate, to 6.25%,"" Harry Chambers, assistant economist at Capital Economics, said in a Monday note circulated after the data release.

However, a weakening rupee has made it tougher to loosen the monetary policy. On Monday, the currency depreciated to a record low of 86.58 against the dollar, which could force the RBI to keep rates elevated in its bid to support the currency.

Under previous Governor Shaktikanta Das, the RBI held rates at 6.5% in its last monetary policy meeting in December in a split decision. Das, whose term ended on Dec.11, was succeeded by Malhotra.

Bank of America analysts said in note earlier this month that India's GDP was expected to recover in 2025, but noted that ""the strength and rally of the recovery seems uncertain for now.""

The bank sees areas such as agricultural production, fuel consumption, core sector recovery and air traffic as likely to stay strong, while credit growth, fiscal and consumption indicators to remain soft.

in November, BofA had downgraded India's GDP forecast for fiscal year ending March 2025 to 6.5% from 6.8% — lower than the RBI's forecast of 6.6%.

— CNBC's Ruxandra Iordache and April Roach contributed to this article."
2025-04-13,How to avoid bond panic and get  peace of mind  income from the market,cnbc.com,https://www.cnbc.com/2025/04/13/how-to-avoid-bond-panic-and-get-peace-of-mind-income-from-the-market.html,US Fiscal Stimulus + Rising Treasury Yields,US fiscal stimulus; Treasury yields; USD; inflation,Fiscal Policy / Interest Rates,"When the stock market is in the middle of a panic, investors flee to bonds. Last week, that fundamental ""flight to safety"" approach didn't work. A surge in U.S. treasury bond yields sparked questions about the fundamental role of bonds in a diversified portfolio, and even bigger questions about whether an unprecedented shift out of the U.S. treasuries market and U.S. dollar could be underway.

Managing bond maturities had already become increasingly difficult for investors in a world of rapid interest rate swings and inflation as the Fed transitioned from an era of ultra-low interest rates to major rate hikes to fight inflation. Many have opted to only invest in ultrashort treasury bond funds to avoid the risk. But there's another concept that's been used by financial advisors and wealth planning firms for decades that investing experts say can work for investors seeking shelter in the market storm that has hit both stocks and bonds as a result of President Trump's trade war: the bond ladder.

In today's volatile atmosphere, this concept has the potential to offer exposure to treasury bonds without having to worry about massive short-term swings in prices and yields, according to ETF experts. The goal of a bond ladder is to invest in a wide range of treasury maturities, hold them all to maturity, and provide regular income, in the form of principal and interest, on a monthly basis.

Many financial advisors and wealth management firms continue to offer this strategy on a custom basis, but it is a lot of work and often reserved for high net worth clients.

The LifeX 2035 Term Income ETF (LDDR) brings the same approach into an ETF at a reasonable cost (an expense ratio of 0.25%, or 25 basis points), investing in treasuries, from 30-day issues to 10-year bonds, and has a fixed monthly income distributing roughly 11% to investors, through 2035. In a sense, for investors familiar with the target-date fund approach that is timed to invest in a manner that meets the life needs of an investor as they age, and who also understand the concept of annuities , this bond ladder ETF brings similar ideas to fixed-income personal finance. It provides monthly income with a decades-long horizon.

""When you buy a bond you know exactly what you're going to get,"" Nate Conrad, head of the LifeX mutual fund franchise at Stone Ridge Asset Management, said on CNBC's ""ETF Edge"" last Wednesday. ""When you create a bond ladder, you don't care about these changes that we're seeing in bond prices because you're going to get what you're going to get,"" he said.

Independent ETF expert Dave Nadig says the bond ladder strategy is a safe bet in an agitated bond market because even as treasury prices and yields swing, it should not matter to the investor holding this kind of fund for regular income needs.

""You need to understand that when things happen like what's going on in the market right now where we have the bond market selloff, the net asset value of these is going to come down and that's going to be a shocker,"" Nadig said. ""That's completely normal and you should not care because the point of this is holding it to completion, holding it to maturity. ... They are, to be blunt, very boring in construction, and I'm a big fan of boring when it's delivering an actual pattern of returns that investors need.""

Most bond investors have opted for the ultrashort fixed-income ETFs amid the market stress. Mike Akins, founding partner at ETF Action, says ultrashort ETFs have become akin to money market funds for many investors.

""Ultrashort is far and away where you're getting most of the money,"" Akins said, with the recent data showing over 90% of bond ETF flows into the ultrashort category, which includes the iShares 0-3 Month Treasury Bond ETF (SGOV) and SPDR Bloomberg 1-3 Month T-Bill ETF (BIL).

But Nadig says the bond ladder can serve a broader goal. ""It's really about protecting the buying power here,"" he said. ""This is about immunization from liabilities,"" he added. For any investor worried about mortgages on primry residences, second properties, and college payments, ""you take that cash flow and put it out of mind. It's a psychological tool. It's much easier to let it ride when you know how it will play out,"" he said.

Of course, no strategy is entirely without risk. In a world of hyper-inflation, there is no way to guarantee any investment can preserve buying power. And after a week during which investors seemed to question whether the U.S. bond market would continue to serve in its long-time role as the surest investment in the world, there is no ruling out the unthinkable, even if it does remain an unlikely outcome.

A U.S. treasury default is the only other reason to worry about a bond ladder strategy.

""God willing, we're in that world where you're never going to see that,"" Nadig said.

Barring that worst-case scenario, ""when you create a ladder, you don't care about the prices,"" Conrad said. What you do care about: ""Peace of mind in a really tough time,"" he said."
2025-04-13,"Japan official wants stronger yen , says Tokyo shouldnt sell Treasurys",cnbc.com,https://www.cnbc.com/2025/04/13/japan-official-wants-stronger-yen-says-tokyo-shouldnt-sell-treasurys.html,US Fiscal Stimulus + Rising Treasury Yields,US fiscal stimulus; Treasury yields; USD; inflation,Fiscal Policy / Interest Rates,"TOKYO, April 13 (Reuters) - Japan must strengthen the yen, such as by helping boost the country's industrial competitiveness, as the currency's weakness has pushed up households' living costs, the ruling party's policy chief said on Sunday.

Ahead of trade talks with the U.S., Itsunori Onodera, chair of the Liberal Democratic Party's Policy Research Council, also said Japan should not intentionally sell its U.S. Treasury holdings, the largest outside the United States, in retaliation against tariffs levied by President Donald Trump.

""As a U.S. ally, the government shouldn't think about intentionally using U.S. Treasury holdings,"" Onodera told a programme on public broadcaster NHK, rejecting an opposition lawmaker's suggestion that Tokyo use its huge holdings of U.S. government debt as a negotiating tool in bilateral trade talks.

By blaming the weak yen for accelerating inflation, Onodera could be signalling that Japanese policymakers consider the yen's downtrend, rather than its recent rebound, as the bigger problem for the economy.

""The weak yen has been among factors pushing up prices,"" Onodera said. ""To strengthen the yen, it's important to strengthen Japanese companies.""

The bilateral trade negotiations this week will likely include the thorny topic of currency policy, with some officials privately bracing for Washington to call on Tokyo to prop up the yen.

The slow pace at which the Bank of Japan is raising interest rates from ultra-low levels could also come under fire, sources have told Reuters.

Tokyo's top trade negotiator Ryosei Akazawa, the minister for economic revitalisation, will meet Treasury Secretary Scott Bessent on Thursday, two people familiar with the negotiations told Reuters.

Japan has historically sought to prevent its currency from rising too much, as a strong yen would hurt its export-reliant economy. But in recent years as the BOJ continued its ultra-loose monetary policy while the Federal Reserve raised U.S. interest rates, the yen slid to nearly three-decade lows.

Tokyo intervened to buy the yen in 2022 and again last year, when the dollar had risen to nearly 160 yen. The Japanese currency has recently rallied in a broad-based sell-off of the dollar, which fell on Friday as low as 142.895 yen, its lowest since September.

The 10 trading days since Trump hit automakers with tariffs were the most convulsive since the pandemic panic of 2020, as prices of stocks, bonds, oil, gold and the dollar swung wildly.

Selling in Treasuries - the linchpin safe asset in global markets - was the heaviest for decades. A massive wave of selling that hit U.S. government debt in Asia on Wednesday stoked market speculation China was among those unloading its holdings.

The Treasury sell-off was among the factors that led Trump to announce a 90-day pause on his ""reciprocal"" tariff plan, with Bessent likely playing a key role.

Japan held $1.079 trillion in Treasuries in January, followed by China with $760.8 billion, according to Treasury Department data."
2025-04-11,"Fed Kashkari says rising bond yields , falling dollar show investors are moving on from the U . S .",cnbc.com,https://www.cnbc.com/2025/04/11/feds-kashkari-says-rising-bond-yields-falling-dollar-show-investors-are-moving-on-from-the-us.html,US Fiscal Stimulus + Rising Treasury Yields,US fiscal stimulus; Treasury yields; USD; inflation,Fiscal Policy / Interest Rates,"Minneapolis Federal Reserve President Neel Kashkari said Friday that recent market trends show investors are moving away from the U.S. as the safest place to invest while President Donald Trump 's trade war escalates.

With Treasury yields rising and the U.S. dollar sagging against its global counterparts in recent days, the trends are running counter to what you might normally see, the central bank official said during a CNBC ""Squawk Box "" interview.

""Normally, when you see big tariff increases, I would have expected the dollar to go up. The fact that the dollar is going down at the same time, I think, lends some more credibility to the story of investor preferences shifting,"" Kashkari said.

The 10-year Treasury yield has surged this week after Trump announced his intention to slap a 10% across-the-board tariff against U.S. trading partners and threatened to impose even harsher select levies before backing down Wednesday.

At the same time, the greenback has slumped more than 3% against a basket of global currencies, with moves potentially signifying a turn away from safe-haven U.S. assets.

""Investors around the world have viewed America as the best place to invest, and if that's true, we will have a trade deficit. So now one of the ways that expresses itself is in lower yields across asset classes in America,"" Kashkari said. ""If the trade deficit is going to go down, it could be that investors are saying, OK, America no longer is the most attractive place in the world to invest, and then you would expect to see bond yields go up.""

Kashkari noted, however, that he is seeing ""stresses"" but not significant dislocations in market functioning.

Kashkari does not vote this year on the rate-setting Federal Open Market Committee but will vote in 2026. He noted that his focus in the current environment is on keeping inflation expectations anchored, echoing other policymakers' statements that rates are unlikely to move until there is clearer visibility on fiscal and trade policy.

Get Your Ticket to Pro LIVE

Join us at the New York Stock Exchange! Uncertain markets? Gain an edge with CNBC Pro LIVE , an exclusive, inaugural event at the historic New York Stock Exchange."
2025-04-06,"Trump tariffs were expected to boost the dollar , but theyre not",cnbc.com,https://www.cnbc.com/2025/04/06/trumps-tariffs-were-expected-to-boost-the-dollar-but-theyre-not.html,US Fiscal Stimulus + Rising Treasury Yields,US fiscal stimulus; Treasury yields; USD; inflation,Fiscal Policy / Interest Rates,"The Wall Street conventional wisdom in November was that President-elect Donald Trump's tariff plans would boost the U.S. dollar. Instead, with the tariffs in place, worries about an impending recession have overwhelmed any positive benefit for the greenback.

The ICE U.S. Dollar Index traded as high as 104.31 on Wednesday, before Trump's tariffs were unveiled. It fell following the announcement and hit a low of 101.27 on Thursday, a 3% swing in roughly 24 hours. Even with a modest rebound on Friday, the index finished down for the week and the dollar is now weaker than it was before the presidential election in November.

""The blowback from Trump's tariffs are already kind of hitting the U.S. economy, and that's not what investors were expecting,"" said Chris Turner, global head of markets at ING. ""Investors were expecting that tariffs would be bullish for the dollar and bad for the rest of the world. But I think the U.S. economy wasn't in a strong enough position to take these maximum tariffs right now.""

While Trump has at different times spoken favorably of both a strong and a weak dollar, traders clearly took his election as a boost to the greenback. The dollar index rallied sharply following Trump's win on Nov. 5 and then continued to climb over the next two months, briefly trading above 110 in mid-January.

Since then, the index has been retreating amid growing signs of economic weakness in the U.S. and as Trump's trade policies proved more aggressive than Wall Street bargained for.

Kathy Kriskey, head of alternatives ETF strategy at Invesco, is still hopeful for a ""short-term pain, long-term gain"" outcome from the Trump administration's economic plan, but says market confidence is shaken.

""The currency reflects the health of the economy, and so I think that right now we are very concerned. We sort of believe Trump has a plan but we don't know, definitively, what that plan is,"" Kriskey said.

To be sure, foreign currencies have not moved uniformly against the dollar lately.

Traditional safe-haven currencies like the Japanese yen and Swiss franc have seen some of the biggest gains. But more economically sensitive currencies like the Australian dollar that are more closely tied to commodities have lost ground against the dollar, especially on Friday, which looked like a ""more traditional risk-off day,"" Turner said.

The flight to safety in other asset classes is also having a mechanical impact on the currency market. For example, the drop in U.S. Treasury yields makes it less attractive for foreign investors to hold dollars or U.S. bonds and collect interest, while dumping of U.S. equities likely includes foreign investors who are shifting that allocation to domestic stocks, selling the greenback along the way.

The euro has proven one exception to the risk-off trade, rising against the greenback this past week even though it's typically viewed as less of a safety play than the dollar. Kriskey said growing optimism around a potential peace deal in Ukraine and promises of more government spending from countries like Germany is helping to bolster the euro.

""It's been bizarre that this new [Trump] administration is actually helping Europe to get their house in order and for those currencies to look more attractive,"" Kriskey said. Betting on the euro to rise is one of the strategies used in the Invesco DB US Dollar Index Bearish Fund (UDN) .

The good news for investors is that the sharp move in currency markets this week doesn't appear to pose an immediate threat to the economy or financial system. Amol Dhargalkar, managing partner at Chatham Financial, said companies may look to be more aggressive in hedging their currency risk in the months ahead but that corporates typically do so in a conservative way, meaning there should be no major trading losses from this week's moves.

""Their main objective is not to take a view, for the most part, on the currency. The main objective is really to mitigate the risk,"" Dhargalkar said.

While there may be hedge funds who were on the wrong side of the dollar move, the foreign exchange market is also enormously liquid, deep and actively traded around the world, meaning it should be able to withstand 3% moves in the dollar without too much issue.

""This is well within the range that the market can digest,"" said Ken Miller, portfolio manager of the Simplify Currency Strategy ETF (FOXY) and the firm's head of trading. He compared this past week favorably to the situation the currency markets faced in the 2008 financial crisis. ""That was a completely different animal in that banks were at risk and counterparties were at risk. I don't sense that here.""

Get Your Ticket to Pro LIVE

Join us at the New York Stock Exchange! Uncertain markets? Gain an edge with CNBC Pro LIVE , an exclusive, inaugural event at the historic New York Stock Exchange."
2025-04-04,"Bitcoin rises slightly , holding at $83 , 000 as global trade war deepens stock market slide",cnbc.com,https://www.cnbc.com/2025/04/04/bitcoin-rises-slightly-holding-at-83000-as-global-trade-war-deepens-stock-market-slide.html,US Fiscal Stimulus + Rising Treasury Yields,US fiscal stimulus; Treasury yields; USD; inflation,Fiscal Policy / Interest Rates,"Bitcoin rose on Friday after China retaliated against President Donald Trump's tariffs , while stocks continued to crater following their worst day since 2020.

The price of the flagship cryptocurrency rose more than 2% to $83,959.19, according to Coin Metrics. Earlier, it rose as much as $84,717.51. Most of the major cryptocurrencies were also in the green Friday. Solana and dogecoin jumped about 6% each.

Most crypto-related stocks fell again, however, with Coinbase down about 6%. The bitcoin proxy MicroStrategy advanced nearly 4%. Meanwhile, spot gold fell 2.4% to $3,037.30 an ounce, while U.S. gold futures were down 2.05% at $3,057.90.

Investors were rattled for a second day after China's commerce ministry on Friday said the country will impose a 34% levy on all U.S. products, matching the tariff Trump revealed Wednesday on Chinese goods coming into the U.S.

""Tariffs do affect the cost for U.S. builders, where inflation and higher goods cost make all this more expensive, presumably encouraging more capital flows and investment to Asia,"" said James Davies, CEO at crypto derivatives trading platform Crypto Valley Exchange. ""The tariffs are reshaping global trade away from the U.S., reducing dollar reliance, changing funding rates and decoupling the U.S. … they impact everything, but crypto is robust. As its decentralized nature indicates, it should be a winner from this, even if the outcome for U.S.-domiciled crypto entities is much less clear.""

Bitcoin has been showing resilience relative to equities, holding above key technical support signals strong underlying demand, according to David Hernandez, crypto investment specialist at 21Shares.

Despite recent market volatility, bitcoin's price has been confined to the $80,000 to $90,000 range for most of the past month, as investors take cues from the equities market absent a crypto-specific catalyst .

Bitcoin slipped on Thursday in the initial market reaction to Trump's sweeping tariffs announcement , but its move was small relative to most stocks and stayed between $81,000 and $83,000.

""Crypto broadly is effected by funding rates and spare capital – if money is being held because of volatility and tariff needs, then it impacts crypto, investment, speculation, and location,"" Davies said.

""It's important to recall that the U.S. accounts for only around 20% of crypto trading, and the world often carries on without the U.S.,"" he added. ""Bitcoin has become a ready source of liquidity and has become a canary in the coalmine of sorts as it relates to global liquidity – it responds first but also rebounds first."""
2025-08-04,Asia stock markets today : live updates,cnbc.com,https://www.cnbc.com/2025/08/04/aia-stock-markets-today-live-updates-nikkei-225-asx-200-kospi-hang-seng-csi-300-sensex-nifty-50.html,US Fiscal Stimulus + Rising Treasury Yields,US fiscal stimulus; Treasury yields; USD; inflation,Fiscal Policy / Interest Rates,"Asia-Pacific markets mostly rose Monday as investors assessed the U.S.' latest round of tariffs and jobs report, which pushed Wall Street lower last Friday and spurred bets on a rate cut by the U.S. Federal Reserve next month.

Investors will also be watching oil prices after OPEC+ concluded a slew of major output hikes .

Asia-Pacific markets mostly ended higher Monday.

Hong Kong's Hang Seng Index rose 0.92% to close at 24,732.55, while mainland China's CSI 300 index increased by 0.39% to 4,070.70.

Japan's Nikkei 225 benchmark ended the day 1.25% lower at 40,290.70, while the broader Topix index fell 1.10% to 2,916.20.

Meanwhile, South Korea's Kospi index advanced 0.91% to close at 3147.75, while the small-cap Kosdaq rose 1.46% to 784.06.

Australia's S&P/ASX 200 benchmark ended the day flat at 8,663.70.

Over in India, the 50-stock benchmark Nifty 50 was up 0.49%, while the BSE Sensex index added 0.42% as of 1.40 p.m. Indian Standard Time (4.10 a.m. ET).

Yields on Japanese Government Bonds (JGBs) mostly fell Monday over fears about demand at the 10-year bond auction Tuesday after a weaker-than-expected jobs data in the U.S.

The yield on 10-year JGBs fell 4.7 basis point to 1.506% while that of 5-year JGBs declined by 5.8 basis points to 1.026%.

Meanwhile, the yield on 20-year JGBs ticked down marginally to 2.554% while that on 30-year JGBs moved up just over 1 basis point to 3.119%.

Elsewhere in the U.S, yields on 10-year Treasurys had ticked up nearly 3 basis points to 4.2493% as of 4 p.m. Singapore time (4 a.m. ET).

Shares of Thai Airways International surged as much as 231.33% after resuming trade Monday.

As of 12:55 p.m. local time (1:55 a.m. ET), shares had pared gains to 186.14% to trade at 9.50.

Shares of Thailand's national carrier last traded on the Stock Exchange of Thailand on May 17, 2021, according to LSEG data.

Trading was reportedly halted after the airline went into bankruptcy-protected restructuring in 2020 at the onset of the pandemic.

Indian stocks started the day higher Monday.

The benchmark Nifty 50 was up 0.35%, while the BSE Sensex index moved up 0.23% as of 9:36 a.m. Indian Standard time (12.06 a.m. ET).

Oil prices declined Monday after OPEC+ agreed to another large output increase and investors assessed the possibility of a global oversupply.

Brent Crude was trading at $69.53 per barrel after moving down 0.2%, as of 11:15 a.m. Singapore time (11:15 p.m. ET Sunday).

Meanwhile, the West Texas Intermediate crude ticked down 0.1% to $67.27.

Spot gold fell Monday after rising 2% to hit a one-week high in its previous session, following concerns over a soft jobs report in the U.S. and possibility of an interest rate cut by the Federal Reserve.

Prices of the yellow metal were down 0.22% at $3,355.37 per ounce as of 11:05 a.m. Singapore time (11:05 p.m. ET Sunday).

Citi Investment Research expects gold to hit $3,500 per ounce in the next three months, up from $3,300 previously.

This is because ""the near-term U.S. cyclical growth and inflation outlook has worsened of late,"" as the higher-than-forecast tariffs ""are likely to result in higher U.S. inflation, the investment firm's analysts wrote in a Monday note.

Other factors that were considered include a weakening U.S. labor market and dollar bearishness, the analysts added.

Chinese and Hong Kong stocks started the day lower Monday, following declines in most of the other key Asia-Pacific markets.

As of 9:40 a.m. local time (9:40 p.m. ET Sunday), the Hang Seng Index lost 0.23%, while mainland's CSI 300 declined by 0.42%.

Japanese stocks fell Monday with the blue-chip Nikkei 225 benchmark and broader Topix index down over 2% in early trade.

Declines were led by financial names and export-oriented companies such as automobiles as the yen weakened against the greenback, following speculation of rate cuts by the U.S. Federal Reserve next month.

The 225-stock Nikkei 225 share average fell 2.05% to hit 39,969.79 at 10:05 a.m. local time (9:05 p.m. Sunday ET), while the broader Topix index declined by 1.81% to 2,895.54.

Meanwhile, the yen had depreciated by 0.22% against the U.S. dollar to 147.69.

Asia-Pacific markets started the day mixed Monday.

Japan's Nikkei 225 benchmark plunged 2.05%, while the broader Topix index declined by 1.86% as of 8:11 a.m. Singapore time (8:11 p.m. ET Sunday).

In South Korea, the Kospi index ticked up 0.13%, while the small-cap Kosdaq added 0.53%.

Over in Australia, the S&P/ASX 200 benchmark fell 0.21%.

U.S. equity futures were little changed in early Asia hours Monday as investors digested the U.S.' latest round of tariffs, which have raised concerns over mounting inflation and an economic slowdown.

Futures tied to the broad-based S&P 500 moved down 0.05%, while Nasdaq 100 futures ticked up 0.06% as of 7:55 a.m. Singapore time (7:55 p.m. Sunday ET). Futures for the Dow Jones Industrial Average declined by 12 points or 0.03%.

Investors are continuing to assess the U.S.'s latest tariffs which have now raised concerns over mounting inflation levels and an economic slowdown.

They will also be keeping a watch on oil prices after OPEC+ agreed to raise production to 547,000 barrels per day in September.

Japan's benchmark Nikkei 225 was set to open lower, with the futures contract in Chicago at 39,965, while its counterpart in Osaka last traded at 39,900, against the index's Monday close of 40,799.60.

Futures for Hong Kong's Hang Seng index stood at 24,282 pointing to a weaker open compared with the HSI's last close of 24,507.81.

Australia's S&P/ASX 200 was set to start the day lower with futures tied to the benchmark at 8,587, compared with its last close of 8,662.

OPEC+ agreed on Sunday to raise oil production by 547,000 barrels per day for September, the latest in a series of accelerated output hikes to regain market share, as concerns mount over potential supply disruptions linked to Russia.

OPEC+ cited a healthy economy and low stocks as reasons behind its decision.

""Given fairly strong oil prices at around $70, it does give OPEC+ some confidence about market fundamentals,"" said Amrita Sen, co-founder of Energy Aspects, adding that the market structure was also indicating tight stocks.

In early Asian trade on Monday, Brent crude futures fell 43 cents, or 0.62%, to $69.24 a barrel by 2218 GMT, while U.S. West Texas Intermediate crude was at $66.94 a barrel, down 39 cents, or 0.58%, after both contracts closed about $2 a barrel lower on Friday.

Stocks closed lower on Friday, after a weaker-than-expected jobs report worried investors that the economy is meaningfully slowing down.

The S&P 500 slipped 1.6% to close 6,238.01, while the Nasdaq Composite pulled back 2.24% 20,650.13. The Dow Jones Industrial Average fell 542.40 points, or 1.23%, to finish the session 43,588.58."
2025-07-30,UBS Q2 earnings 2025,cnbc.com,https://www.cnbc.com/2025/07/30/ubs-q2-earnings-2025.html,US Fiscal Stimulus + Rising Treasury Yields,US fiscal stimulus; Treasury yields; USD; inflation,Fiscal Policy / Interest Rates,"Swiss banking titan UBS on Wednesday doubled net profit year-on-year, beating expectations on the bottom line amid a boost from its investment bank and global wealth management divisions.

Net profitable attributable to shareholders hit $2.395 billion in the second quarter, up from $1.136 billion in the same period of last year and beating a mean LSEG analyst forecast of $1.901 billion. The bank's revenues over the period reached $12.112 billion, just below analyst expectations of $12.45 billion.

The lender's global markets unit of its investment banking arm achieved a 25% annual hike to $2.3 billion in revenues, ""tracking the exceptional levels of volatility early in quarter."" The global wealth management division saw transaction-based income up 12% in the three months to the end of June.

Yet UBS CEO Sergio Ermotti said that, while equity markets are now up 30% from the lows of April when the White House first disclosed its so-called reciprocal tariffs, activity levels reflected a ""healthy"" but not record environment.

""So clients are still on a kind of wait-and-see attitude, not only institutional and private clients, but... also corporate clients. So you see the deployment of cash, but the conviction level is not yet to the extent that it will make it more constructive,"" he told CNBC's Carolin Roth on Wednesday.

In its earnings release, UBS said the third quarter kicked off with ""strong market performance in risk assets, particularly international equities, combined with a weak US dollar.""

The lender's net interest income (NII) — the difference between gains made of loans and investments, and the interest paid on deposits — was $1.965 billion, after UBS had guided for a ""low single-digit percentage"" of declines in the second quarter.

In the third quarter, the bank expects ""broadly stable"" NII at its global wealth management and corporate bank divisions in Swiss francs, while ""in US dollar terms, this translates to a sequential low single-digit percentage increase.""

""The outlook suggests that NII has finally troughed and existing financial targets have been reiterated, but there is no update on capital return plans and it appears UBS' lobbying efforts on recent Swiss capital proposals is set to continue,"" Citi analysts said in a note following the results release.

The NII performance is of particular concern to investors, given Switzerland's June return to 0% interest rates in a broader battle to stave off the fall in national inflation and the strength of the Swiss franc.

""For the time being, it's going to be difficult to see that [interest] rates will go up,"" Ermotti said. ""The economy is still quite resilient and, and inflation has not abated to the level necessary, probably, to take actions.""

UBS' integration of embattled rival Credit Suisse, which it took over in 2023, ""remains on track,"" with one-third of Swiss client accounts now migrated and 70% of the expected $13 billion gross savings implemented, UBS said Wednesday. The bank otherwise said it has completed $1 billion in share buybacks in the first half of the year, with another $2 billion in repurchases to follow in the second six-month stretch.

UBS shares have been on a bumpy ride this year, with the lender suffering as a result of its exposure to U.S. markets in the wake of Washington's imposition of so-called reciprocal tariffs on most global trade partners, which have triggered uncertainty over the outlook for the world's largest economy.

""Investor sentiment remains broadly constructive, tempered by persistent macroeconomic and geopolitical uncertainties,"" UBS said Wednesday. ""Against this backdrop, our client conversations and deal pipelines indicate a high level of readiness among investors and corporates to deploy capital, as conviction around the macro outlook strengthens.""

""People need to see the endgame of all these [trade] discussions,"" Ermotti said. ""Probably there is a little bit of a news fatigue.""

Domestically, UBS has been trapped in a drawn-out row with Swiss authorities, which in June proposed strict new capital rules requiring the bank to hold an additional $26 billion in core capital. The measures are particularly meant to address concerns over UBS' ability to buffer potential losses at its foreign units. Following UBS' takeover of Credit Suisse, Swiss regulators assessed the lender has become ""too big to fail"" and would drag down Switzerland's national economy and financial system in the event of its default.

UBS has been fighting the designation and in June said it supported ""in principle"" the regulatory proposals, while disagreeing with the ""extreme"" increase in capital requirements, which it estimates would push it to hold around $42 billion in additional CET1 capital in total.

Higher capital requirements can considerably diminish a bank's balance sheet and credit supply, dampen risk appetite and potentially impact availabilities of discretionary funds.

In late June, a Swiss parliamentary committee backed a motion that could delay some of the UBS banking proposals, according to Reuters .

Asked on the new capital requirement proposals on Wednesday, Ermotti said UBS must remain focused on finalizing the Credit Suisse integration against this backdrop.

""It's very much clear to me that we will need to see exactly when the proposals are finalized, approved, and then we will consider appropriate actions to protect the interests of our shareholders,"" he said."
2025-07-29,"Bessent , Warsh , Hassett are the leading contenders to get Fed chair job , CNBC survey finds",cnbc.com,https://www.cnbc.com/2025/07/29/bessent-warsh-hassett-are-the-leading-contenders-to-get-fed-chair-job-cnbc-survey-finds.html,US Fiscal Stimulus + Rising Treasury Yields,US fiscal stimulus; Treasury yields; USD; inflation,Fiscal Policy / Interest Rates,"It's a virtual three-way tie to replace Fed Chair Jerome Powell as Fed chair when his term expires.

The CNBC Fed Survey found 24% of respondents saying President Donald Trump will replace Powell with Treasury Secretary Scott Bessent and 24% saying it will be former Fed Governor Kevin Warsh.

Close behind is Kevin Hassett, director of the president's National Economic Council with 22%. More distant is current Fed Governor Chris Waller at 14%.

Trump repeatedly has called for Powell's resignation , saying he's been late to cut interest rates, and has considered firing him.

He's also accused the Fed chair of mismanaging a $2.5 billion renovation of its headquarters and a separate building, a charge Powell has denied and for which the president has provided no evidence beyond the cost overruns.

After a recent visit to the construction site, the president appeared to ease off on his criticism of the project and the Fed's monetary policy, and suggested he would not fire Powell. Powell's term as chair concludes in May 2026 though he can stay on as governor if he wishes until 2028.

In the survey, 84% said the president would not fire Powell before his term ends in May. The 37 respondents include fund managers, economists and strategists.

""With the jockeying going on to become the next Fed chair already appearing inside the Fed, it is clear the Fed's independence has already been compromised,"" economist Joel Naroff wrote. ""This has elevated long rates and weakened the dollar. There is little to believe that would change, especially given the expectation that the next Fed chair will be a Trump loyalist.""

Overall, respondents gave Powell a grade of B -, up from C+ when CNBC last asked the question in 2023. He received solid B's on leadership, transparency, market knowledge and communication, but a C- on economic forecasting (up from a D in 2023). Respondents graded Powell with a B- on economic and regulatory expertise.

Former Fed Chair Ben Bernanke left office with a final grade of B and Janet Yellen's final grade was a B+.

The president's pressure on the Fed to cut rate is believed by some respondents to be having the opposite effect.

While 56% say it's having no impact on policy, 42% believe it makes rate cuts less likely. Just 3% say it makes cuts more likely. No respondent forecasts a rate reduction at this week's meeting, although 27% believe the Fed should cut.

There could be two dissents at the meeting as two Trump-appointed governors have said they supported lower rates in July. But survey respondents see those cuts coming, with 65% expecting one in September and another one likely before year-end. That would bring the funds rate down to about 3.9%.

Further cuts are forecast for 2026, with the average respondent putting the funds rate at 3.5%, though that will remain above the average neutral rate of 3.3%.

Tariff uncertaint y remains the No. 1 threat to the expansion, followed by overall uncertainty about the president's policy and continued high inflation. But overall, some of the uncertainty sparked by administration's policies has eased.

Uncertainty around the economic impact of tariffs fell to 62% from 71% in June. And 65% expect a trade deal with China, up from 54%. A 51% majority now believes tariffs will result in only one-time price increases, rather than broader inflation, an 8-point gain from June.

""Trumpian uncertainties on the economy and policies are settling down,"" wrote Allen Sinai, chief global economist/strategist at Decision Economics. ""That is clarifying and very positive for equities. But there are still big, big societal, political, geopolitical, and non-economic uncertainties.""

Along with less uncertainty has come a modest boost in the economic outlook.

The probability of a recession in the next year has fallen to 31% from 38% in June and 53% in May after the president announced sharply higher ""reciprocal"" tariffs. GDP is forecast to rise 1.4%, up from 1.1% in June, though still below the more optimistic 2.4% in January.

The outlook remains for a recovery next year with an average 2.2% GDP forecast in 2026.

Unemployment is seen rising only slightly from the current rate of 4.1% to 4.4% this year and remaining stable at that level in 2026. But there are widespread concerns about the labor market slowing.

""Employment is not as good as some believe,"" said Drew T. Matus, chief market strategist, MetLife Investment Management. ""This, combined with housing issues and ongoing volatility, is likely to prompt a significant slowing in activity as we approach year-end.""

For most respondents, employment looks to be the key to whether the Fed is in the right place.

""The labor market is slowing, and the housing market is deflating. Ultimately this will force the Fed to cut interest rates,"" said Troy Ludtka, senior U.S. economist at SMBC Nikko Securities Americas.

But Jack Kleinhenz, chief economist, National Retail Federation, wrote, ""A relatively balanced labor market, the recent rise in the [personal consumption expenditures price index], and the potential for tariffs to push up inflation in the coming months justifies the cautious pace by the Federal Reserve. Even though uncertainty continues, the economy is expected to grow.""

Despite better growth and less uncertainty, respondents are cautious about the stock marke t this year.

The average respondent puts the year-end S&P 500 level at 6,344, below the close on Monday. It's forecast to rise to 6,936 next year, a 9% increase.

But there's also greater concern about overvaluation, as 84% see stocks as somewhat or extremely overvalued, up from 58% in June, and the highest in a year."
2025-11-01,"America food trucks nearing $3 billion business , but it rough road",cnbc.com,https://www.cnbc.com/2025/11/01/food-truck-restaurant-billion-dollar-business-keys-success-costs.html,US Fiscal Stimulus + Rising Treasury Yields,US fiscal stimulus; Treasury yields; USD; inflation,Fiscal Policy / Interest Rates,"Food trucks have boomed in visibility and influence, but the road to success is getting rougher. According to a recent report from IBIS , food trucks are approaching the $3 billion annual revenue mark across over 92,000 businesses in the U.S. and are projected to keep growing over the next five years. But once seen as a scrappy alternative to brick-and-mortar restaurants, today's mobile kitchens are navigating many of the same financial pressures that traditional restaurants are facing. While the total number of food trucks is projected to grow in the years ahead by 17%, revenue growth for 2025 is estimated by IBIS to be a mere 0.2% and on the decline.

More cities are embracing food trucks due to a variety of factors, including consumers' increasing demands for innovative, affordable dining options, back-to-office mandates, and bureaucratic easing of regulations. However, inflation and tariffs mean operators are experiencing rising costs, from transportation to ingredients, often risking the push of menu prices to a breaking point for consumers.

For trucks, it is not just imported food staples, but new tariffs on imported aluminum and steel in the trucks and equipment.

Fast food and casual restaurants have seen menu prices increasing in the 5% range. Items that were once under $10 are now an average of $11.56, according to a recent Lending Tree report, and food consumers are pushing back. Chipotle recently reported weak results that sank its stock and can at least partially be attributed to consumer perceptions about rising menu prices across-the-board that have hurt sales, its executives said on an earnings call this week.

""It's been affecting us a lot,"" said Angel Ruiz, general manager of Birria-Landia, a New York City-based food truck that launched in 2019 with multiple locations across the city's boroughs. ""Prices are going up around 30% for some ingredients,"" he said. ""We try to balance those costs so it doesn't impact the customer's pocket,"" he added.

The Queens-based food truck, which was recently named the second-best taco spot in America, according to Yelp , recently upped prices 12.5%.

Some experts say the idea that food trucks are by their nature cheaper was always a false one. Social media savvy food trucks with unique menus can and do get customers to the counter with elevated prices.

""The mainstream food truck, with branding, apps, and culinary innovation are always $10 and up,"" said Sandipan Sen, professor of marketing at Southeast Missouri State University. ""Typically, food trucks are between fast food and a reasonably priced fine dining restaurant.""

In his view, a menu increase of a dollar or two linked to cost pressures will not be a dealbreaker for many food truck enthusiasts. ""The commercial food trucks were never meant to just be cheap,"" he said.

Cities are becoming more friendly toward food trucks as an established part of the local culture, and more events are being designed with food trucks in mind. But despite relatively low startup costs compared to restaurants, running a food truck comes with major logistical hurdles. ""A lot of people think it is easy,"" Ruiz said. ""But the truck itself can cost around $160,000 to $170,000, plus permits and insurance.""

Industry estimates put truck costs anywhere from $120,000 to $200,000.

Along with purchasing the truck, managing one can drain operators' wallets before they ever open to sell their first meal. In fact, ""the biggest misconception people have is that a food truck is a cheap restaurant on wheels,'"" said Ben Goldberg, co-founder and president of the New York Food Truck Association . ""You're talking about managing a mobile restaurant: purchasing the truck, outfitting the truck with kitchen equipment, obtaining all kinds of insurance, and health department permits,"" Goldberg said.

Red tape can be a significant challenge. ""Between health department requirements, commissary regulations, parking restrictions, fire suppression standards, and individual event permits, the process can feel overwhelming,"" Goldberg said. ""On top of this, there are parking challenges, staffing complexities, and many other pitfalls, all while competing in some of the busiest and most regulated cities in the country.""

""You have to make sure you get your spot every night. Sometimes you get lucky, sometimes not,"" Ruiz said, explaining that the only way to ensure you get your spot is to park your car there throughout the day.

""They need to have a back up plan for everything,"" said Sen. ""If the main chef falls ill, who runs the show that day? They need to train alternates to run the operations.""

It is not uncommon for a food truck to be a one-person business. And they have unique commuting and seasonal challenges. ""They need back up street routes if the current routes are not working on a certain day. They need to have collaborations with complementary business, especially during winter months,"" Sen said. He added that the use of technology and social media in particular is key to finding a way to operate in winter ""when there may not be a lot of crowd waiting to be served.""

There was a time earlier in the food truck industry's history when Goldberg says he would have described the businesses as being built around strictly affordable options, but ""the industry has evolved,"" he said.

Quality, creativity, and access are now more important to consumers, and ""even though prices have increased slightly in recent years (due to inflation, tariffs, etc.), a food truck lunch is still less expensive than the average quick service or sit down meal in New York City,"" he said.

With the profit margin of food trucks averaging 5% between 2020-2025, according to IBIS, some food truck owners have turned to catering or private event service to diversify their business, changing the model of ""accessible"" dining to meet the current moment, supplementing core truck sales with weddings, corporate events, and partnerships that have helped to keep street pricing accessible, according to Goldberg.

""Your truck isn't just your kitchen, it's your brand. Think about design, customer experience, and storytelling from day one. A great food truck isn't just serving food; it's creating moments that people remember and share,"" Goldberg said. And the extension of that brand into events is becoming more critical for sales success. ""Many of our most successful members generate the majority of their revenue through private events, brand activations, and catering, not street vending,"" Goldberg said.

The traditional restaurant and truck models are also converging in some cases, Birria-Landia among them. It's planning to open its first brick-and-mortar location in Flushing, Queens, in the Tangram Mall, which is home to retail, dining, and entertainment.

That should not be a surprise, according to Sen: ""Most [food truck] ventures that have survived for more than five years either have a brick-and-mortar presence or were originally a brick-and-mortar restaurant and the food truck is an offshoot,"" he said. ""Food trucks are not a long term business,"" he said. ""Don't be surprised if your favorite food truck goes out of business, or decides to be brick-and-mortar, or becomes a catering service.""

IBIS says ""American"" cuisine remains the largest driver of annual food truck revenue, at roughly $1.3 billion, followed by dessert trucks, Central and South American cuisine, and Asian cuisine. What are called fusion trucks are also trending, such as Roy Choi's Kogi BBQ, and New York's Korilla BBQ, blending Asian and Mexican cuisines.

Goldberg says food trucks often lead the way with new cuisines. ""Trucks are where you find mashups, global flavors, and seasonal specialties you can't always get in brick-and-mortar spots. So while affordability and convenience remain core, the experience: discovering something new, eating outdoors, connecting with the chef directly is what makes food trucks so special today,"" he said.

""It's a lot of work. You just have to be passionate and careful,"" said Ruiz, who has been in the restaurant industry for two decades. ""If you make good food, you always will have people that come back.""

But the first step in eventual success is the blocking and tackling of the business model. ""Success starts with understanding your concept's economics, local demand, and operational logistics,"" Goldberg said."
2025-11-01,Why Im Canceling My Amex Business Platinum,cnbc.com,https://www.cnbc.com/select/why-im-canceling-my-amex-business-platinum/,US Fiscal Stimulus + Rising Treasury Yields,US fiscal stimulus; Treasury yields; USD; inflation,Fiscal Policy / Interest Rates,"Terms apply to American Express benefits and offers. Visit americanexpress.com to learn more.

I've held The Business Platinum Card® from American Express for nearly ten years. I’ve kept it in my wallet through multiple refreshes, fee increases and benefit changes. But when the annual fee jumped from $695 to $895 this fall (see rates and fees ), I finally had to admit what I'd been avoiding: This card no longer makes sense for me.

As someone who's spent over a decade optimizing credit card rewards, canceling a premium credit card I’ve gotten a ton of value from in the past doesn't come easily. But after doing the math on the annual fee and honestly evaluating which benefits I actually use, the decision became clear.

The Business Platinum Card from American Express' welcome bonus is one of the most valuable offers available right now.

You may be eligible for as high as 300,000 Membership Rewards® Points

See rates and fees , terms apply. Read our Amex Business Platinum review . The Business Platinum Card® from American Express Welcome Offer: To view your personalized offer, you must first submit an application. If approved, you will: (1) receive your Welcome Offer details, (2) have the option to accept the Card with that offer, (3) be required to spend $20,000 on eligible purchases within the first 3 months of Card Membership, and (4) earn Membership Rewards® points. Welcome offers vary and you may not be eligible for an offer. If you're approved and accept your offer, a credit check may be conducted, which could impact your credit score. Terms apply.

The Business Platinum Card from American Express is a premium business card loaded with statement credit offers for business services and travel that help justify its steep annual fee.

Highlights shown here are provided by the issuer and have not been reviewed by CNBC Select's editorial staff.

The Amex Business Platinum now offers over $3,000 in potential annual credits, with the key word being ""potential."" In reality, most of these credits don't align with how I actually spend money.

Take the $600 annual hotel credit, which sounds generous, but only works on prepaid stays booked through Fine Hotels & Resorts or The Hotel Collection via American Express Travel . The Hotel Collection requires a minimum two-night stay, and the rates are often higher than booking directly or using other travel portals. Additionally, as someone who values hotel elite status and the flexibility to modify reservations, I find prepaid bookings through Amex Travel unappealing.

The Dell credit is similarly frustrating. Sure, you can get up to $1,150 annually in statement credits, but only if you spend at least $5,000 on Dell purchases. My business doesn't need $5,000 worth of Dell products every year. When I do need electronics, I don’t like having to limit myself to one vendor just to maximize a credit.

If there were a DSM-5 for travel rewards enthusiasts, “benefit exhaustion” would be a diagnosis. Between activating quarterly rotating categories, enrolling in semi-annual credits, selecting preferred airlines and tracking bonus spending thresholds, managing certain rewards credit cards can be a part-time job.

The Amex Business Platinum now offers credits that reset either semi-annually or annually, with some requiring a spending threshold to unlock. And many require enrollment to activate. I’ve concluded that, for an $895 annual fee (see rates and fees ), I shouldn't need to work this hard to break even. The mental overhead of optimizing these benefits has started to outweigh the value I'm getting from them.

Additionally, like many small business owners , I am in a growth phase. Every hour I spend optimizing credit card benefits is an hour I'm not spending on revenue-generating activities. The return on investing those hours into my business is exponentially higher than squeezing out an extra few hundred dollars in statement credits.

Despite all the recent changes, the Business Platinum still earns just 1X points on most purchases. Yes, they bumped certain categories to 2X points, but only on purchases of $5,000 or more and purchases in select categories.

My business doesn't make many $5,000+ purchases, and most of my business spending is on contractor payments and general operating expenses. On all of that, I'm earning just 1X points while paying an $895 annual fee (see rates and fees ).

I can get 2X points or 2% cash back on everything with rewards cards like the Capital One Spark Cash Plus ($150 annual fee) or the Wells Fargo Signify Business Cash Card (no annual fee). That's a better return for how my business actually operates.

When I first got the Amex Business Platinum card , the fee was $450. Then it went to $595. Then $695. Now $895 (see rates and fees ). That's a nearly 99% increase in a span of six years.

I understand inflation and added benefits, but at some point, the value proposition breaks down. And for me, paying nearly $900 annually for a card that requires this much effort to optimize just doesn't make sense anymore.

16.74% - 28.49% Variable; APRs will not exceed 29.99%

See rates and fees , terms apply. Read our Amex Blue Business Plus review .

The Blue Business® Plus Credit Card from American Express is a great option if you're starting a business because it's affordable, earns flexible travel rewards and offers an intro-APR on purchases for a year.

Highlights shown here are provided by the issuer and have not been reviewed by CNBC Select's editorial staff.

2.7% of each transaction after conversion to US dollars.

I’m not giving up on earning American Express Membership Rewards points entirely. Instead, I’ll be using the Blue Business® Plus Credit Card from American Express , which has no annual fee (see rates and fees ) and earns 2X Membership Rewards points on all purchases (up to $50,000 per year, then 1X points).

For all the random business expenses that don't fall into my other cards’ bonus categories, I'm earning twice the points I was getting with the Business Platinum.

Plus, it keeps my Membership Rewards account active, so I don't lose any points I've already earned or forfeit the ability to transfer to Amex partners. I can still move points to some of my favorite airlines and hotels, like Delta and Hilton. I get the best parts of the Amex Membership Rewards points program, without any of the Business Platinum's baggage.

Get more than $3,000 in annual value with Sapphire Reserve.

See rates and fees . Terms apply. Member FDIC.

Read our Chase Sapphire Reserve® review.

The Chase Sapphire Reserve® is a standout premium credit card with luxury perks including, hotel credits, complimentary hotel elite status, travel credits, dining credits, rideshare and delivery benefits and much more.

Highlights shown here are provided by the issuer and have not been reviewed by CNBC Select's editorial staff.

Either $5 or 5% of the amount of each transfer, whichever is greater

I'll be using my Chase Sapphire Reserve® (see rates and fees ) as my primary travel card. At $795 annually, it's still expensive, but the benefits are significantly easier to use and more aligned with my actual spending.

The $300 annual travel credit applies automatically to any travel purchase. It just works. I've used it on rental cars, Ubers, parking and transit without thinking about it.

The Priority Pass membership gives me access to airport lounges , and more importantly, Chase's Sapphire Lounges are genuinely excellent.

Most importantly, the Sapphire Reserve provides primary rental car insurance that recently saved me over $1,000 when I was charged for windshield damage in Paris. That single benefit more than offset the annual fee.

See rates and fees . Terms apply.

Read our Ink Business Preferred® Credit Card review.

The Ink Business Preferred® Credit Card is an excellent business card with useful benefits, valuable rewards and a generous welcome bonus.

Highlights shown here are provided by the issuer and have not been reviewed by CNBC Select's editorial staff.

Either $5 or 5% of the amount of each transfer, whichever is greater

For my business spending, I'm using the Chase Ink Business Preferred® Credit Card (see rates and fees ), with just a $95 annual fee.

I earn 3X points on the first $150,000 spent annually on travel, shipping, internet, cable, phone services and advertising purchases on social media and search engines. These are categories where I genuinely spend money every month—not hypothetical spending I'd need to manufacture to maximize credits.

The Ink Business Preferred also has the same Chase Ultimate Rewards® ecosystem as my Sapphire Reserve, so I can transfer points to airline and hotel partners at a 1:1 ratio.

The Business Platinum offers 35% of points back when using Membership Rewards to book flights through Amex Travel with your selected airline (up to 1 million points back annually). This benefit has come in handy numerous times, when I’ve been unable to find good reward tickets and have had better luck with finding low-priced business-class flights. Depending on the cash price of the ticket, I’ve often spent fewer points using the 35% rebate than I would have by transferring my points to an airline or using a different points currency.

I'll admit, when Centurion Lounges aren't mobbed, they're genuinely wonderful. The food quality is a cut above most airport lounges, with made-to-order options and occasionally local restaurant partnerships.

I’ve spent many a morning at the Centurion Lounge in the Denver International Airport, which is my home base. But I have access to other lounges thanks to cards like my Chase Sapphire Reserve and Capital One Venture X Rewards Credit Card .

Unlike some cardholders who struggle to use incidental fee credits, I never had trouble maximizing this one. Between checked bag fees , seat selection fees and in-flight purchases, I consistently used the full $200 every year.

What made this credit particularly valuable was its flexibility for family travel. Using the fee credit for my family enhanced their travel experience and made it more comfortable. These are not expenses I would typically cover out of pocket, but the credit significantly improved our travel experience.

At CNBC Select, our mission is to provide our readers with high-quality service journalism and comprehensive consumer advice so they can make informed decisions with their money. Every credit card story is based on rigorous reporting by our team of expert writers and editors . While CNBC Select earns a commission from affiliate partners on many offers and links, we create all our content without input from our commercial team or any outside third parties, and we pride ourselves on our journalistic standards and ethics.

For rates and fees of the Blue Business® Plus Credit Card from American Express, click here .

For rates and fees of The Business Platinum® Card from American Express, click here ."
2025-10-30,ECB October 2025 rate decision,cnbc.com,https://www.cnbc.com/2025/10/30/ecb-october-2025-rate-decision.html,US Fiscal Stimulus + Rising Treasury Yields,US fiscal stimulus; Treasury yields; USD; inflation,Fiscal Policy / Interest Rates,"The European Central Bank has kept interest rates on hold, as expected, at its latest meeting on Thursday.

The central bank held its key deposit facility rate at 2% for the third consecutive time, having last cut rates in June. The trim, which coincided with euro zone inflation hitting the ECB's target rate of 2% , was part of a rate-cutting cycle that has brought rates down from last year's record high of 4% .

The ECB said in a statement Thursday that ""inflation remains close to the 2% medium-term target and the Governing Council's assessment of the inflation outlook is broadly unchanged."" ""The economy has continued to grow despite the challenging global environment. The robust labour market, solid private sector balance sheets and the Governing Council's past interest rate cuts remain important sources of resilience,"" it said.

It cautioned, however, that ""the outlook is still uncertain, owing particularly to ongoing global trade disputes and geopolitical tensions.""

While the euro zone inflation rate inched up to 2.2% in September, up from 2% the previous month, the rise was attributed to an increase in services prices and economists had said the central bank was likely to remain cautious about meddling with rates right now.

Expectations that the ECB would keep rates on hold were reinforced earlier Thursday when preliminary euro zone growth data showed the economy had grown 0.2% in the third quarter , from the previous three month period. The figure was above expectations and showed that economic activity remained resilient, despite prevailing uncertainty over business activity following U.S. trade tariffs.

ECB President Christine Lagarde told reporters that while the services sector continued to grow — boosted by strong tourism and a pick-up in digital services — manufacturing had been ""held back by higher tariffs, still heightened uncertainty and a stronger euro.""

She added that the divergence between external and internal demand is ""likely to persist"" in the near term. ""The economy should benefit from consumers spending more as real incomes rise,"" Lagarde noted.

""From a monetary policy point of view, we are in a good place,"" Lagarde told CNBC's Annette Weisbach. ""Is it a fixed, good place? No. But we will do whatever is needed to make sure we stay in a good place.""

After the ECB's announcement, the euro reversed earlier gains to trade 0.26% below the dollar, at $1.1571.

""What a boring announcement,"" Mike Coop, chief investment officer of EMEA at Morningstar Wealth, told CNBC Thursday.

""It does belie the fact that inflation actually has gone back to being pretty much well behaved ... so it's hardly surprising that they're not feeling in a rush to change rates,"" he told CNBC's ""Decision Time.""

""The bigger picture, I think, is that Europe is still adapting to the triple shocks of the removal of cheap energy, worse trade terms with the U.S. and the need to spend more on defense. On top of those three things, you also have now the U.S. sucking investment out of other parts of the world, so Europe hasn't had that stimulus, that we've seen in the U.S., to support growth,"" he told CNBC's Karen Tso.

The central bank has repeatedly said it will take a meeting-by-meeting and data dependent approach to rate setting, and it repeated this stance on Thursday. However, top ECB board members told CNBC this month that the easing cycle is close to, or at its end .

Martin Kocher, European Central Bank Governing Council member and governor at Austrian National Bank, said that as long as nothing ""drastic"" happens, Europe is ""OK.""

""At the moment, I think we're in a good place. So, there's no reason to change anything, as long as there are no changes that force us to do something, Kocher said, speaking to CNBC's Karen Tso at the IMF and World Bank annual meetings in Washington.

""And if you take the larger picture, yes, the easing cycle is close to an end or at its end, but there's no reason to pre-commit at that stage.""

In a separate interview, ECB Governing Council member François Villeroy de Galhau said he recommended ""agile pragmatism"" when it comes to the path for interest rates, adding: ""We are in a good position ... but a good position is not a fixed position.""

A majority of economists polled in mid-October by Reuters said the ECB would hold its deposit rate this year, while 45 of 79 economists polled (57%) saw no change by the end of 2026.

— CNBC's Tasmin Lockwood and Leonie Kidd contributed reporting to this story."
2025-10-30,Bank of Japan holds rates in first meeting after Takaichi ascent to prime minister,cnbc.com,https://www.cnbc.com/2025/10/30/bank-of-japan-holds-rates-in-first-meeting-after-abenomics-proponent-takaichi-took-power.html,US Fiscal Stimulus + Rising Treasury Yields,US fiscal stimulus; Treasury yields; USD; inflation,Fiscal Policy / Interest Rates,"Japan's central bank on Thursday kept benchmark interest rates steady at 0.5% in its first meeting after Sanae Takaichi took power as the country's prime minister earlier this month.

The decision was in line with expectations from economists polled by Reuters, and comes even as inflation has stayed above the central bank's 2% target for 41 months in a row.

The Bank of Japan said the decision was split 7-2, with board members Naoki Tamura and Hajime Takata proposing a 25 basis point hike.

Market reaction to the expected decision was relatively muted, with Japanese 10-year bond yields little changed, the yen 0.2% weaker at 153.03, while the Nikkei stock index was up 0.4%.

Krishna Bhimavarapu, APAC Economist at State Street Investment Management, said in a note after the decision that there was an ""increased likelihood"" of a rate hike within the next two policy meetings when global trade-related volatility is better assessed.

""Nonetheless, the Bank is still likely to move only gradually in the next year as well,"" she added.

This BOJ verdict comes as U.S. Treasury Secretary Scott Bessent on Monday met with Satsuki Katayama, the new finance minister in the Takaichi administration, and appeared to take aim at Tokyo over the yen's weakness , even commenting on the country's monetary policy.

In a statement on Tuesday, the U.S. Treasury Department said that Bessent ""highlighted the important role of sound monetary policy formulation and communication in anchoring inflation expectations and preventing excess exchange rate volatility.""

Higher interest rates tend to strengthen a currency by inviting foreign flows, while lower rates tend to weaken it.

The weak yen has been a sticking point for the U.S. President Donald Trump, who said in March that Tokyo had weakened its currency to gain an unfair trade advantage.

Trump met with Takaichi, who has been an advocate of lower interest rates and has called BOJ's rate hikes as ""stupid"" in the past.

While Takaichi appears to have softened her stance, this push to strengthen the yen is still at odds of with her plans for massive fiscal spending and a loose monetary policy.

""What's most important is for the BOJ and government to coordinate policy and communicate closely,"" Takaichi said on Oct. 21, according to Reuters.

Takaichi is seen as a proponent of ""Abenomics,"" the economic strategy of the late Shinzo Abe that espoused loose monetary policy, fiscal spending and structural reforms .

On Wednesday, Bessent wrote on X that ""the government's willingness to allow the Bank of Japan policy space will be key to anchoring inflation expectations.""

Katayama said in March that yen's real value was likely at about 120-130 against the dollar, about 26% stronger than the current level of around 152.

Takaichi's policies are likely to devalue the yen, according to experts, something that has already happened in the so-called ""Takaichi trade"" that saw the Nikkei 225 hit record levels and the yen weaken beyond the 150 level against the dollar.

The BOJ's decision also comes against the backdrop of a relatively weak export landscape. Japan's exports contracted for four straight months, before seeing a rebound in September, although shipments to the U.S. have still been declining."
2025-10-28,How tariffs may skew retail sales results this earnings season,cnbc.com,https://www.cnbc.com/2025/10/28/how-tariffs-may-skew-retail-sales-results-this-earnings-season.html,US Fiscal Stimulus + Rising Treasury Yields,US fiscal stimulus; Treasury yields; USD; inflation,Fiscal Policy / Interest Rates,"One of the biggest questions for retailers this holiday season will be how to compare results year over year due to the impact of tariffs.

""This is truly unknown,"" Dana Telsey, CEO and chief research officer of the Telsey Group, told CNBC. ""Companies, when speaking, are giving a wide range of price increases, and those price increases are not taken across the board, but only on a select number of items.""

According to Telsey, investors shouldn't be surprised if companies are asked to divulge what was the unit increase versus the sales increase because many retailers may be selling fewer items, but that will be masked by rising sales from the tariff-related price hikes.

Take September's consumer price index , even with the tariffs, it showed inflation holding at 3%, slightly lower than the 3.1% Dow Jones consensus estimate.

""CPI, I honestly think it's a little circular,"" said Oliver Chen, an analyst at TD Cowen. ""The CPI has a lot to do with what the [Federal Reserve] may do with inflation, and then the retail stocks move off of that. But I think retailers and companies are looking at all of this, because if, for some reason, we have to pay much more for necessities, we will not have money for ... a TV and sweaters and stuff.""

This is why it will be critical for analysts to ask about the number of units sold versus more general questions, like pricing, on upcoming earnings calls, Chen said.

""The reason why is the way companies are thinking about price increases,"" he said. ""They think consumers will buy fewer units. The consumer is so pressured that when you raise prices, they're buying fewer, but everyone's paying the price increase and fewer units will neutralize the results. So if you raise prices by 3%, and then you sell 3% fewer units, you are at zero.""

Chen added, ""This is why, in this environment, it is more challenging to say a company will have a price-raising benefit.""

Lauren Murphy, managing director at Wells Fargo Retail Finance, said while revenue remains a key financial indicator in the retail sector, in an inflationary environment, it can be misleading; higher sales don't always reflect stronger performance.

""Pairing revenue metrics with gross profit margin offers a clearer picture,"" said Murphy. ""Gross margin captures the impact of discounts, product costs, freight and customs charges, revealing what it truly costs to drive each sales dollar. Understanding this correlation is essential for fair and accurate year-over-year financial comparisons.""

""We expect upcoming quarterly and year-end earnings will determine which retailers can protect and maintain margin despite tariff pressures,"" said Murphy.

Companies like Costco and Walmart have been smarter in looking at categories where they can strategically eat margins or have the ability to negotiate prices within their supply chains, Chen said.

""For example, Walmart knows that you and I will look at egg prices like crazy,"" said Chen. ""Companies chose different strategies, maybe to rush into buying things in advance, and they all have different levels of capabilities to negotiate with their suppliers.""

As a result, the upcoming quarter, which includes holiday spending, will be hard to assess, Chen said.

""We're hitting this time right now, where consumers are trying to go shopping, and it's a little unclear because the consumers are going to experience the price increases more dramatically and differently,"" he said. ""I think it's a little case-by-case basis and what categories are shopped.""

Telsey added, that retailers also have a better ability to glean what types of products are seeing pricing pressure.

This isn't entirely uncharted territory, according Sean Henry, CEO of logistics company Stord. He told CNBC that the past five years have required unique adjustments to get an accurate picture.

""Numerous supply, demand and resulting price shocks such as Covid, international wars, supply chain disruptions have been transient in nature, so it's been important to exclude their impact to be able to make accurate comparisons,"" said Henry.

A report by Deloitte called out the Covid disruptions as well, saying: ""Comparing 2020 earnings to 2019 was problematic due to the crash, while comparing 2021 earnings to the volatile 2020 created a 'rebound effect' that exaggerated growth.""

However, Henry cautioned that one of the differences with tariffs is that the impact will likely last longer.

""We saw this when President Trump rolled out Section 301 tariffs on China in his first term — those tariffs have remained in place through President Biden's administration,"" said Henry. ""As a result, any year-over- year spend will reflect the true total discretionary spending of consumers and any new price realities.""

Henry said to get a more nuanced look, one can also look at any divergence in retail spending growth relative to retail transaction growth to observe any near-term tariff-related impacts.

""Assuming those continue to separate, it will show increased total spend by consumers, but in a more selective purchasing manner,"" said Henry."
2026-02-02,Gold and silver extend sell - off after historic plunge yellow metal drops 5 %,cnbc.com,https://www.cnbc.com/2026/02/02/gold-silver-sell-off-historic-plunge-.html,US Fiscal Stimulus + Rising Treasury Yields,US fiscal stimulus; Treasury yields; USD; inflation,Fiscal Policy / Interest Rates,"Silver and gold fell on Monday, extending losses after a major sell-off at the end of last week.

Spot silver was last down more than 6% to $78.86 per ounce. Spot gold lost more than 4%, sitting at around $4,662.43.

Futures tied to silver rose 2% to $80.11. On Friday, they fell 28% for their worst day since March 1980. Gold futures last traded 1% lower at $4,694.60

The CME Group increased margin requirements following the steep sell-off last week, effective Monday after the market close. Margins on COMEX gold futures have been raised to 8% from 6%, while those on the COMEX 5,000-ounce silver futures were lifted to 15% from 11%.

Metals saw a violent reversal on Friday as optimism around U.S. interest rate cuts collided with a sudden reassessment of Federal Reserve leadership after President Donald Trump nominated former Fed Governor Kevin Warsh to succeed Chair Jerome Powell after his term ends in May.

""The 'Buy America' trade is back as a result, and the independence bid that drove gold and silver to nosebleed record heights right below $5,600 and $122 per ounce early Thursday morning is unraveling,"" José Torres, senior economist at Interactive Brokers, said in a note Monday.

Christopher Forbes, head of Asia and the Middle East at CMC Markets, said gold's sharp retreat reflects a classic correction after an extraordinary rally rather than a breakdown in the longer-term bullish thesis.

Gold's retreat is a ""classic air-pocket after an extraordinary run,"" Forbes said. ""Profit-taking, a firmer dollar, and fresh geopolitical headlines from Washington have knocked froth off a crowded trade.""

The dollar index, which measures the strength of the greenback against a basket of currencies, has strengthened about 0.8% since Thursday.

A stronger dollar makes greenback-priced gold less attractive for foreign buyers, while higher rates raise the opportunity cost of holding the noninterest-paying yellow metal by making Treasurys more attractive as a safe haven.

Warsh has been an advocate of tighter monetary policy, and his announcement as Fed chair has strengthened the dollar. At the same time, Trump's statements indicating a possible deal with Iran appear to have eased geopolitical concerns — WTI crude futures were down about 4% on Monday.

In the near term, gold prices will remain elevated but volatile as markets await further clarity on Warsh's policy direction, Forbes said.

Silver prices are still up around 16% since the start of the year, while gold prices are also about 8% higher year to date. Gold and silver both saw record-smashing rallies last year, surging about 65% and 145%, respectively.

""Renewed dollar weakness or confirmation of a dovish Warsh would bring dip-buyers back,"" said Forbes, who still maintains a bullish case for bullion in the longer 12-month horizon, adding that the metal can revisit recent highs, if the Fed continues easing while growth and inflation stay uneven."
2026-01-30,Kelly Evans : What a Warsh Fed looks like,cnbc.com,https://www.cnbc.com/2026/01/30/kelly-evans-what-a-warsh-fed-looks-like.html,US Fiscal Stimulus + Rising Treasury Yields,US fiscal stimulus; Treasury yields; USD; inflation,Fiscal Policy / Interest Rates,"I have been getting tons of questions about Kevin Warsh, the president's pick to replace Jerome Powell as Fed chair. Which is interesting. Rarely do I hear from friends and neighbors to such a degree.

So clearly, there is a fair amount of anxiety out there about the president's decision. ""Inflation is still too high,"" one lamented. And the worry is it will head even higher if the president has chosen a ""yes man"" who will lower interest rates simply to follow his wishes. After all, Warsh is still a mostly unfamiliar name to the broader public.

The irony is that markets are worried about the opposite --namely, Warsh's history as a hawk on interest rates and Fed policy. The dollar has popped on the announcement. Silver and platinum are plunging this morning. Palladium is down 9%. Gold is down 5%. Bitcoin is threatening to slide below $80,000!

""Will the real Kevin Warsh please stand up,"" joked Peter Boockvar in his reaction piece this morning. Boockvar added that the markets are reacting as if we're getting the hawkish one. But the real action, he and others note, is going to be not so much over rate cuts right now, but rather over the balance sheet. Whether we get one or two or no more rate cuts this year is somewhat of a side story.

""Warsh is viewed as being less inclined to use the Fed's balance sheet to control longer-dated interest rates,"" wrote BMO's Ian Lyngen. Hence a slight uptick in the 10-year Treasury yield this morning. Warsh is a longtime critic of ""quantitative easing,"" which many argue artificially boosted equities and other asset prices, and so stocks are also trading a bit lower this morning.

But it's unlikely that anything too aggressive will happen on that front while the president is laser-focused on lowering long-term rates (and keeping stock prices high). Which leaves a third avenue for Warsh to lean heavily on: bank deregulation. This is where choosing Warsh, who may be ""independent"" enough that Powell leaves the Fed after all when his chairmanship is up, becomes extra crucial.

Trump needs four of the seven Fed governors to support bank deregulation, which could let banks buy up a lot more Treasuries without needing to hold more capital, which could help push longer-dated rates down. But if both Powell and Lisa Cook were to stay on, that effort could get more complicated.

All told, Warsh is seemingly all-in on the idea of lowering rates--especially longer-term rates. He would just use far more creative ways to get there."
2026-01-28,DoubleLine Jeffrey Gundlach sees no more Fed rate cuts under Jerome Powell,cnbc.com,https://www.cnbc.com/2026/01/28/doublelines-jeffrey-gundlach-sees-no-more-fed-rate-cuts-under-jerome-powell.html,US Fiscal Stimulus + Rising Treasury Yields,US fiscal stimulus; Treasury yields; USD; inflation,Fiscal Policy / Interest Rates,"DoubleLine Capital CEO Jeffrey Gundlach said Wednesday he expects the Federal Reserve to stay on hold for the remainder of Jerome Powell 's term as chair with a more balanced outlook for the economy.

""I think I would bet pretty heavily that there's not another rate cut under Jay Powell,"" Gundlach said on CNBC's "" Closing Bell ."" ""I think he's going out of his way to emphasize that inflation is a little elevated, but not as bad as maybe it was feared a few months ago, that the unemployment rate is no longer separately rising in any kind of meaningful way.""

Powell has just two policy meetings left as chair — in March and April — before his term expires. A new chair would take the helm for the June meeting, assuming Senate confirmation.

On Wednesday, the central bank kept its overnight lending rate steady at a range of 3.5% to 3.75%. The post-meeting statement suggested that economic activity has been ""expanding at a solid pace,"" while policymakers also noted that the unemployment rate has shown some signs of stabilization.

""I think, and many of my colleagues think, it's hard to look at the incoming data and say the policy is significantly restrictive at this time,"" said Powell during his press conference .

Fed funds futures trading suggests two quarter percentage point cuts by the end of 2026, according to the CME FedWatch Tool .

""He's talking about less tension between both sides of the mandate, and I really agree with that,"" Gundlach said, referring to the Fed's dual goals of price stability and maximum employment. ""And I think he's setting the stage.""

Gundlach reiterated his preference for international exposure, saying investors should consider allocating 30% to 40% of their portfolios to unhedged international equities. He said such positions could benefit from gains in local currencies against the U.S. dollar."
2026-01-28,"Asia markets open mostly higher after S & P 500 hits record , South Korea pushes fresh highs",cnbc.com,https://www.cnbc.com/2026/01/28/asia-markets-today-wednesday-hang-seng-index-nikkei-225-kospi-inflation-yen-australia-cpi.html,US Fiscal Stimulus + Rising Treasury Yields,US fiscal stimulus; Treasury yields; USD; inflation,Fiscal Policy / Interest Rates,"South Korea's Kospi hit a second straight day of record highs Wednesday after U.S. President Donald Trump struck a conciliatory tone on his tariff threat against Seoul.

""We will work something out with South Korea,"" he reportedly said. The Kospi closed 1.69% higher at 5,170.81, while the Kosdaq jumped 4.7% to 1,133.52.

Elsewhere, Asia-Pacific markets were mixed Wednesday, breaking ranks with Wall Street after the S&P 500 closed at a record high. The broad market index gained 0.41% to finish at 6,978.60, supported by gains in Apple and Microsoft .

Japan's Nikkei 225 veered into positive territory late in the session, climbing marginally to 53,358.71, but the Topix fell 0.79% to end at 3,535.49.

Late Tuesday, the yen strengthened to its highest level in almost three months against the dollar, touching a low of 152.08 amid intervention expectations swirling around the currency. Hong Kong's Hang Seng Index was up 2.58% in its final hour, led by energy stocks, while the CSI 300 index on mainland China rose 0.26% and closed at 4,717.99.

Australia's S&P/ASX 200 reversed earlier gains and fell 0.13% to 8,929.9, snapping a three-day winning streak. Australia saw headline inflation come in at 3.6% in the last quarter of 2025, its highest level in six quarters.

In Southeast Asia, Indonesia's Jakarta Composite plunged 8%, after index provider MSCI had issued a statement warning of a potential downgrade of the country to frontier-market status.

""Investors highlighted that fundamental investability issues persist due to ongoing opacity in shareholding structures and concerns about possible coordinated trading behaviour that undermines proper price formation,"" MSCI said late Tuesday.

On the commodities front, spot gold prices reached a fresh record of $5,255.71 per ounce.

Overnight in the U.S., the Nasdaq Composite climbed 0.91%, while the Dow Jones Industrial Average broke ranks, losing 408.99 points, or 0.83%, and settling at 49,003.4.

S&P 500 futures were near the flatline ahead of the Federal Reserve's interest rate decision and earnings reports from major tech companies.

The central bank is widely expected to keep its benchmark interest rate steady at a target range of 3.5% to 3.75%, but traders will be seeking hints on longer-term changes to monetary policy.

—CNBC's Sean Conlon and Pia Singh contributed to this report."
2026-04-02,Liberation day 1 year on : Investors are rethinking US assets,cnbc.com,https://www.cnbc.com/2026/04/02/liberation-day-1-year-on-investors-are-rethinking-us-assets.html,US Fiscal Stimulus + Rising Treasury Yields,US fiscal stimulus; Treasury yields; USD; inflation,Fiscal Policy / Interest Rates,"A year ago, on April 2, 2025, U.S. President Donald Trump appeared in the White House Rose Garden with an announcement that would become one of the defining policies of his second term.

The president unveiled a vast list of country-specific tariffs in what he dubbed his ""liberation day"" trade policies — a move that sparked panic and volatility in markets across the globe.

It included steep duties on imports from many trading partners, including 34% on Chinese goods, 20% on the EU and 46% on Vietnam.

The ensuing sell-off gripped various asset classes across the globe — but U.S. equities, Treasurys and the dollar all took a major hit in what would become the ""Sell America"" trade.

In the 12 months since ""liberation day"", U.S. assets have seen further spates of volatility linked to Trump's unpredictable policy mix — generating a number of trading trends from ABUSA (Anywhere But the USA) to the TACO (Trump Always Chickens Out) trade.

Some international markets, including the benchmark indexes of Brazil, the U.K. and Japan, have outperformed the S&P 500 in the year since Trump's ""liberation day"" announcements, benefiting from investors — particularly those outside of the U.S. — looking to diversify away from an overreliance on American returns.

Washington has since struck a series of trade deals that reduced the tariff rates slapped on various key trading partners, such as the EU, the U.K., India and Switzerland.

But, in February, the tariff regime was struck down when the U.S. Supreme Court ruled it was illegal, with a judge later ordering the government to prepare to potentially pay billions of dollars in refunds to importers who paid the tariffs.

Last month, Trump launched Section 301 investigations into more than a dozen trading partners, including China, the EU, Japan, Switzerland and India, paving the way for the White House to impose import duties on those economies. It came after he imposed a 10% ""universal"" tariff on imports, which the administration has said will be raised to 15% .

In a note on Monday, Russ Mould, investment director at AJ Bell, said investors were continuing to reassess their exposure to the U.S..

""Tariffs and strong-arm trade tactics, challenges to the independence of the U.S. Federal Reserve and now military incursions in Latin America and the Middle East, as well as saber-rattling over Greenland, are combining with lofty American stock market valuations and a soaring Federal deficit and prompting investors to reassess the narrative of American exceptionalism,"" he said.

Trump's so-called reciprocal tariffs announced last April ""took trade policy to a whole new level,"" Mould added.

While he noted that neither stock nor bond markets welcomed the policy, Mould pointed out that markets rebounded quickly when Trump walked back parts of his tariff policy.

""However, investors do seem to have thought carefully about where to allocate capital in a post-liberation day world, and one where presidential social media posts carry heft politically, economically and militarily,"" Mould said.

""The U.S. stock market may have bounced back strongly from the liberation day low, but it has not been the first destination of choice, as had been the case for most of the time since the conclusion of the Great Financial Crisis in 2009. In other words, it is no longer a case of America first and the rest nowhere.""

According to AJ Bell analysis, the Shanghai Composite, South Korea's Kospi and Japan's Nikkei 225 have all offered greater returns than all three major Wall Street averages since ""liberation day,"" with emerging markets having ""led the charge.""

Last year, AJ Bell data pointed to a pickup in interest in global funds that exclude the U.S., with investors ""deliberately excluding the U.S."" when they sought out new funds to invest in.

Daniel Casali, partner in investment strategy at London-based Evelyn Partners, told CNBC on Thursday that in sterling terms, the MSCI USA index has risen 14% since ""liberation day"" on April 2 last year — underperforming the MSCI All Country World Index, which is up 18%.

""This relative weakness in U.S. equities likely reflects the impact of President Donald Trump's 'America First' policies, which have prompted Europe to ramp up defense and infrastructure spending as part of a broader fiscal stimulus,"" he said. ""Expectations that the U.S. growth premium over Europe will narrow have also supported European valuations relative to the more expensive U.S. market — particularly against the backdrop of increasingly erratic decision‑making from the White House.""

However, he added that while being underweight U.S. equities has been beneficial over the past year, it does not necessarily imply that the U.S. will underperform over the long term.

""The U.S. economy has a strong and consistent history of growing faster than other major developed economies, giving domestic companies greater scope to expand revenue,"" he said, adding that the U.S. remains a leader in innovation.

""Ultimately, the key to investing is diversification — maintaining balanced exposure between U.S. equities and other global markets,"" he said.

Nigel Green, CEO of deVere Group, told CNBC on Thursday that a year on from liberation day, the S&P ""has still delivered"" but the composition of flows has evolved.

While he noted that capital hasn't exited the U.S., Green added that ""the direction of incremental flows matters,"" pointing to a noticeable increase in allocations to India, Japan and parts of Southeast Asia.

Green also highlighted flows from institutional investors looking to hedge against policy concentration risk in the U.S.

""Investors are no longer treating the US as a uniform opportunity; they're picking sectors that align with policy tailwinds and avoiding those exposed to trade disruption,"" he said.

""Liberation day accelerated a bifurcation in markets. On one side, companies aligned with domestic production, AI and energy security are attracting capital. On the other, globally exposed firms with complex supply chains are facing higher scrutiny and, in some cases, valuation compression.""

Green added that ""U.S. exceptionalism is still intact, but it's no longer automatic.""

""Allocators are running comparative analysis more rigorously; they're looking at governance, policy clarity and currency risk across regions. The US remains central, but it now has to compete a lot harder for capital,"" he told CNBC.

Dorian Carrell, head of multi-asset income at Schroders, highlighted uncertainty around the Iran war, strain in the private credit space and elevated AI capex as more recent developments driving a rethink among international investors.

""A year on from liberation day, what was once a synchronized, policy-driven environment is giving way to one shaped more by domestic priorities, geopolitical friction, and less predictable policy alignment,"" he said.

Carrell said some data suggested ""the opportunity set appears skewed to sectors and regions outside the U.S. market,"" with Europe and Japan standing out from a pure valuation perspective.

""Going forward, concerns over private credit, equity market concentration, rapidly evolving business models and yield curve steepening all indicate that some diversification away for the U.S. is a sensible strategy,"" he added. ""While the U.S. still offers very attractive opportunities, we think a lot more uncertainty is discounted elsewhere."""
2026-03-31,"Stocks , bonds and commodities : How markets have traded the Iran war",cnbc.com,https://www.cnbc.com/2026/03/31/iran-war-stocks-sp500-spx-nasdaq-dow-bonds-treasurys-yields-price-markets-gold-rates.html,US Fiscal Stimulus + Rising Treasury Yields,US fiscal stimulus; Treasury yields; USD; inflation,Fiscal Policy / Interest Rates,"Stocks, bonds, currencies and commodities have all been gripped by volatility over the course of the past month, with many assets seeing wild swings and major losses as the U.S.-Iran war drags on.

While there have been some outliers, bearish sentiment has largely dragged assets lower over the course of the month.

Equities across the globe have been dragged into a bruising sell-off in the five weeks of war between the U.S. and Iran. On Wall Street, all three major averages are on course to end the month in negative territory.

But the sell-off has had much deeper implications for many markets beyond New York, with the outperformance achieved by some international indices last year now upended.

Concerns about the Iran war's impact on energy and inflation have weighed on sentiment toward markets in Europe and Asia, which are far more dependent than the U.S. on oil and gas imports. South Korea, for example, has seen its Kospi index — the top-performing stock market of 2025 — fall by almost 20% in March, thanks to the country's sensitivity to energy shocks .

In a Monday note, strategists at Goldman Sachs said the ""balance of risks has worsened"" for equity markets and the probability of a stagflationary outcome has increased.

""Stagflation has historically been a poor environment for equities, characterised by low real performance and elevated volatility: the median real quarterly Stoxx 600 return falls to around -1%, compared with +3% in non‑stagflation periods,"" they said. ""We do not think the market is fully pricing stagflation. Under stagflation, we would expect further equity downside and weak real returns.""

Dan Coatsworth, head of markets at AJ Bell, shared three tips on trading a falling market in a note earlier this month: diversify, stick with an investment plan, and don't over-trade.

""Constant buying and selling incurs costs and eats into your returns,"" he said. ""Markets have seen wild swings [since the war began], and this volatility might have encouraged investors to bet that certain stocks or funds will move one way or another. The market has quickly changed direction repeatedly, leaving some people sorely disappointed. Sometimes less is more when it comes to investing, rather than picking stocks or funds and selling out a few hours or days later. Investing is about taking a long-term view.""

Outside of equities, government borrowing costs have been rising amid a broad sell-off of developed-market sovereign debt.

Bond yields — which move inversely to bond prices — have been steadily rising throughout March, as investors race to reprice the chances of rate hikes from central banks. Expectations of rate cuts at central banks like the Federal Reserve and the Bank of England have fallen, and in many cases been replaced by anticipations of hawkish monetary policy, sending yields on some European bonds to multi-decade highs .

""The U.S. and European breakeven curves surged as markets repriced inflation expectations and the likelihood of central-bank rate cuts,"" strategists at Amundi said on Tuesday. ""Nominal yields, particularly at the short end, also rose sharply in countries including the U.K. At this stage, some of this reaction seems excessive to us. We think the length of time that energy prices remain high will determine the second-round inflationary effects.""

Foreign exchange markets have also been rattled, with the U.S. dollar clawing back some ground that it lost in the wake of President Donald Trump's ""liberation day"" tariffs announcements last April.

In March, the dollar index — a gauge of the greenback's performance against a basket of major rivals — is on track to gain around 3%.

""Energy‑driven stagflation risks are supporting the USD in the near term,"" strategists at OCBC said in a note on Monday. ""A softer USD may emerge if oil prices fall in 2H26, though resilient US growth will restrict how far the USD can slip.""

Meanwhile, HSBC analysts said in a note that March drawing to a close serves as ""a sobering reminder of how much has changed from end-February.""

""We still find ourselves looking back to the start of the Russia-Ukraine war, the fallout in the shape of higher commodity prices and the FX impact,"" they said. ""Like then, the USD is having the upper hand, Asian and European currencies are struggling amid higher oil, natural gas, fertilizer and petrochemical prices and LatAm FX is a preferred region within an EM context.""

Metals markets have also been volatile. Gold — typically seen as a safe haven asset that benefits from broader turbulence — has been dragged into the sell-off and is headed for its worst monthly performance since 2008. A stronger dollar and the prospect of higher interest rates have weighed on gold prices, but many market watchers maintain a bullish view on the yellow metal.

""Our view is that the decline in gold is likely to be relatively short-lived,"" Mark Haefele, Global Wealth Management Chief Investment Officer at UBS, said in a Monday note. ""While the timing is hard to pinpoint, we do expect gold to rebound and forecast the precious metal to climb to USD 6,200 an ounce by the end of June, scaling back to USD 5,900/oz in early 2027, from around USD 4,500/ oz at present.""

Aluminum prices have also been rocky , with Iranian attacks on producers of the metal across the Gulf region fueling fears of global supply shortages. Copper markets, meanwhile, are being influenced by economic pessimism.

At the center of all of the market jitters is the energy market. The Iran war, and the subsequent blockade of the Strait of Hormuz — a critical oil shipping route — has severely disrupted oil and gas markets, sending prices skyrocketing.

On Tuesday, data out of Europe showed euro zone inflation had jumped above the European Central Bank's 2% target to hit 2.5% in March. Officials said they expected energy inflation to have hit 4.9% in March, up from a contraction of 3.1% the previous month.

""The sheer pace of oil price hikes presents a major risk that consumers could face a sharp increase in the cost of living,"" AJ Bell's Coatsworth said. ""This could potentially lead to a drop in consumption or more selective purchases until consumers get a better grasp on whether higher prices are a short-term issue or a permanent change."""
2026-03-27,"Should You Get a Bilt Card ? 3 Reasons To Apply , 2 Reasons To Hold Off",cnbc.com,https://www.cnbc.com/select/reevaluating-the-new-bilt-credit-cards/,US Fiscal Stimulus + Rising Treasury Yields,US fiscal stimulus; Treasury yields; USD; inflation,Fiscal Policy / Interest Rates,"Terms apply to American Express benefits and offers. Visit americanexpress.com to learn more.

It's been nearly two months since the launch of Bilt 2.0 . Now that the confetti has fallen, it's time to take another look at this version of Bilt.

While it's as complicated as it originally seemed, Bilt is also manageable if you know what you want to get out of it. And with the rollout of three new Bilt credit cards, the best features of the program are more accessible. It may not be the right travel rewards program for everyone, but it's worth careful consideration; there's a lot to love about the new Bilt.

Here's who I think should and shouldn't apply for a Bilt card and what my Bilt credit card application plans are.

With a bit of effort, you can set up the Bilt cards to outperform comparable rewards credit cards . When you factor in Bilt's track record of stellar promos and transfer partners, you could be missing out on a lot of value by overlooking Bilt.

With Bilt's point accelerator, you can earn 2X to 3X points everywhere or effectively 5X points within bonus categories (up to the annual cap).

The point accelerator feature allows you to spend $200 in Bilt Cash to unlock an extra 1X points on up to $5,000 in spending (up to five times per year for 1X bonus points on up to $25,000 in purchases per year). You can earn 4% in Bilt Cash on all purchases (depending on the option you choose for earning housing rewards), which means every $5,000 you spend earns you another $200 in Bilt Cash for the next points accelerator (up to $100 of Bilt Cash earned rolls over to the next year, see terms ). This strategy can propel the Bilt cards beyond the competition.

If you maximize the points accelerator, the Bilt Obsidian Card (see rates and fees ) can earn up to 5X points on up to $25,000 in your choice of dining or grocery purchases every year. That's comparable to what you would earn with the American Express® Gold Card in those categories, and you'll only be on the hook for the Obsidian's $95 annual fee.

The Bilt Obsidian Card offers you the choice of 3X Bilt Points on groceries (up to $25,000 per year) or dining, 2X points on travel and 1X points on everyday purchases. Your 3X category choice remains in effect for the entire calendar year.

See rates/fees and rewards/benefits . Terms apply.

The Bilt Obsidian Card offers 3X Bilt Points on key everyday categories, like groceries (up to $25,000 per year) or dining (your 3X category choice remains in effect for the entire calendar year). It also comes with a $50 Bilt Travel Portal hotel statement credit semiannually.

Highlights shown here are provided by the issuer and have not been reviewed by CNBC Select's editorial staff.

The Amex Gold Card offers over $500 in annual statement credits.

You may be eligible for as high as 100,000 Membership Rewards® Points

See rates and fees , terms apply. Read our American Express® Gold Card review . The American Express Gold® Card Welcome Offer: To view your personalized offer, you must first submit an application. If approved, you will: (1) receive your Welcome Offer details, (2) have the option to accept the Card with that offer, (3) be required to spend $8,000 on eligible purchases within the first 6 months of Card Membership, and (4) earn Membership Rewards® points. Welcome offers vary and you may not be eligible for an offer. If you're approved and accept your offer, a credit check may be conducted, which could impact your credit score. Terms apply.

The American Express Gold Card is great for earning valuable Membership Rewards® points at restaurants worldwide and U.S. supermarkets. Membership Rewards® points transfer to many of the top airline and hotel loyalty programs, which makes this card one of the best options for earning travel rewards.

Highlights shown here are provided by the issuer and have not been reviewed by CNBC Select's editorial staff.

The Bilt Palladium Card (see rates and fees ) can earn 3X points everywhere on up to $25,000 in purchases if you fully utilize the points accelerator. The Palladium's annual fee is only $100 more than the Capital One Venture X Rewards Credit Card , which earns at least 2X miles on all purchases. While the Venture X has simpler annual benefits, the Palladium Card's airport lounge access includes two complimentary guests. To receive the same guest access with the Venture X , you have to hit a high annual spending requirement.

The Bilt Palladium Card offers consumers a way to earns 1.25X points for rent and mortgage payments with no transaction fee, and earns 2X points on everyday spend, without having to track categories

Earn 50,000 points, Gold elite status and $300 Bilt Cash if approved

See rates/fees and rewards/benefits . Terms apply.

The Bilt Palladium Card earns 2X Bilt Points on everyday purchases, and your choice of up to 1.25X on rent and mortgage payments

Highlights shown here are provided by the issuer and have not been reviewed by CNBC Select's editorial staff.

You can add up to four authorized users to your account no fee and they can each receive their own Priority Pass™ airport lounge membership (enrollment required).

Terms apply. Read our Capital One Venture X Rewards Credit Card review.

The Capital One Venture X Rewards Credit Card is a premium credit card with a myriad of benefits and a lower annual fee than other high-end cards with similar features.

$0 at the Transfer APR, 4% of the amount of each transferred balance that posts to your account at a promotional APR that Capital One may offer to you

While the extra points are limited to $25,000 in purchases per year, this doesn't factor in the rewards you could earn on housing payments, which could significantly boost your value.

Bilt is famous for its stunning Rent Day promotions. It doesn't offer a huge bonus every month, but several times a year, Bilt members have access to transfer bonuses of 100% or more. In the past, these deals were harder to access because the bigger bonuses were limited to Bilt's top-tier elite status members.

Now, Bilt status is easier to earn. You can get Gold status just by having the Palladium Card , and spending on any Bilt cards helps you move up the elite status ladder. On top of that, Bilt Cash can unlock higher transfer bonuses.

The opportunity to double your Bilt Points ' transfer value with a massive bonus is more accessible than ever.

I consider Bilt the most valuable transferable travel rewards program. It has the most transfer options and unique partners, such as Atmos Rewards (Alaska Airlines and Hawaiian Airlines) and Spirit Airlines Free Spirit. It offers 1:1 transfers to Japan Airlines JAL Mileage Bank and Emirates Skywards , while most travel programs have reduced transfer ratios to these programs. Bilt is growing as well and just added Wyndham Rewards.

You can transfer Bilt Points to these airline and hotel loyalty programs at a 1:1 ratio unless noted:

Bilt isn't for everyone. If researching optimization strategies exhausts you, you'll appreciate a more straightforward program.

The quickest way for most people to earn a ton of rewards is by opening a new card and earning a giant welcome bonus. The best limited-time welcome offers can provide a 10X to 20X return on the spending you make to earn the bonus.

If you're focused on maximizing your Bilt card's value, you could miss out on other earnings. The Bilt program is a commitment, and if you're not fully committed, the cards start to lose their luster.

Bilt isn't afraid of change. So if there's an aspect of the program you find particularly valuable or useful, it's not entirely unreasonable to expect it to be temporary. Bilt has had its fair share of changes.

You can earn double points on the first day of the month as part of the Rent Day promotion. The double points used to be capped at 10,000 bonus points, and now you're limited to earning 1,000 extra points. With the introduction of Bilt 2.0, you went from being able to earn fee-free rewards on rent with only five transactions a month to needing a significant amount of spending to earn the same level of rewards on housing payments. After the Bilt 2.0 announcement, but before it launched, an additional path to earning rewards on housing payments was added.

I mentioned Rent Day deals as a reason to jump on board with Bilt, but that promotion also has an uncertain future. Bilt has stated it will continue to offer double points during Rent Day through Jan. 1, 2027 , but there's no guarantee this promotion will continue to offer exceptional transfer bonuses.

Points inflation is part of the game. Airlines and hotels regularly ""enhance"" award prices with double-digit percentage increases. Loyalty programs and card issuers also add restrictions or reduce benefits from time to time. But those programs are run by large legacy companies; Bilt is a much smaller fintech startup. It moves quickly and makes fixes along the way. If you don't like change, you may find a relationship with Bilt uncomfortable.

Bilt 2.0 has had its share of issues, with Reddit users reporting trouble with housing payments and others being charged foreign transaction fees (the fees seem to have been refunded ; see rates and fees ). I'm glad I've waited to apply, but I expect the worst of the issues to get worked out, so I'm not going to let them keep me away from a good deal.

As far as Bilt's penchant for changes goes, I see it as a positive because many of the best deals aren't sustainable. Wells Fargo was reportedly losing $10 million a month on its Bilt partnership. I'd rather have a long relationship with a valuable program that's less likely to go out of business without notice than a short fling with rewards that are too good to be true.

For all the Bilt deals that are no more, new opportunities take their place. I recently opened The Rakuten American Express® Card in large part because you can transfer Rakuten cash back to Bilt (1 cent = 1 point). But that 1:1 ratio is only valid until May 15, 2026; then, the ratio drops to 2:1 unless you have Silver Bilt status or higher.

Information about the The Rakuten American Express® Card has been collected independently by CNBC and has not been reviewed or provided by the issuer of the card prior to publication.

Information about the The Rakuten American Express® Card has been collected independently by CNBC and has not been reviewed or provided by the issuer of the card prior to publication.

You can convert cash back Rakuten rewards into Amex Membership® Rewards points if you link an eligible Amex points-earning card to your account.

The Rakuten Amex Card is an OK cash-back card, but its value dramatically increases when you pair it with an Amex card that earns Membership® Rewards points.

Between the increased Rent Day transfer bonuses (for as long as they last) and the ability to earn Bilt Points through the Rakuten shopping portal , Bilt status is looking more valuable. This makes the Palladium Card's automatic Bilt Gold status more appealing.

Even if those deals don't last, I expect more delightful surprises from Bilt.

The one thing everyone got right about the new Bilt program is that it's complicated. But I'm OK with navigating the complications because of the excitement of the potential surprises. Isn't that how all the best relationships work?

At CNBC Select, our mission is to provide our readers with high-quality service journalism and comprehensive consumer advice so they can make informed decisions with their money. Every credit card article is based on rigorous reporting by our team of expert writers and editors . While CNBC Select earns a commission from affiliate partners on many offers and links, we create all our content without input from our commercial team or any outside third parties, and we pride ourselves on our journalistic standards and ethics.

For rates and fees of the American Express® Gold Card, click here ."
2026-04-30,European Central Bank keeps rates on hold as inflation jumps,cnbc.com,https://www.cnbc.com/2026/04/30/european-central-bank-april-2026-rate-decision-inflation-stagflation-risk-iran-war.html,US Fiscal Stimulus + Rising Treasury Yields,US fiscal stimulus; Treasury yields; USD; inflation,Fiscal Policy / Interest Rates,"The European Central Bank kept interest rates on hold at its April meeting, despite a surge in inflation in the euro zone since the war in Iran began.

The ECB's governing council opted to hold its benchmark deposit facility rate at 2% on Thursday.

In a statement, the bank said that while its previous assessment of the inflation outlook was largely unchanged, ""the upside risks to inflation and the downside risks to growth have intensified.""

It said its governing council remained committed to setting monetary policy to ensure that inflation stabilizes at the 2% target in the medium term. Acknowledging that the war in the Middle East had led to a sharp increase in energy prices, pushing up inflation and weighing on economic sentiment, the ECB noted that ""the implications of the war for medium-term inflation and economic activity will depend on the intensity and duration of the energy price shock and the scale of its indirect and second-round effects."" ""The longer the war continues and the longer energy prices remain high, the stronger is the likely impact on broader inflation and the economy,"" the bank stressed.

It said it would closely monitor the situation and take a data-dependent and meeting-by-meeting approach to determining its monetary policy stance. Policymakers would not pre-commit to a particular rate path, it emphasized.

The euro was trading almost 0.2% higher against the dollar after the move, at $1.17. Euro zone bond yields fell slightly, with the interest rate on the 10-year German bund down 3 basis points to 3.0580%, and its French equivalent 4 basis points lower, at 3.7135%.

The ECB's decision came after flash data out Thursday showed inflation in the euro zone jumped to 3% in April , driven largely by a rise in energy costs in the region. Growth slowed in the first quarter, expanding by a meager 0.1%.

ECB President Christine Lagarde told a press conference Thursday that ""domestic demand remains the main driver of growth, supported by a resilient labor market.""

""However, the economic outlook is highly uncertain and will depend on how long the war in the Middle East lasts and how strongly it affects energy and other commodity markets as well as global supply chains,"" she said

""The war in the Middle East remains a downside risk to the euro area economy, adding to the volatile global policy environment.""

Today, she added, the governing council had made ""an informed decision on the basis of yet-insufficient information,"" having debated the bank's various options at length.

Lagarde said at the bank's last gathering in March that policymakers were ready to hike interest rates even if an expected jump in euro zone inflation proved temporary .

Some economists say the bank's June meeting will be the one to watch, with a potential 25-basis-point increase to take its key interest rate to 2.25%. Others insist that the central bank must tread very carefully before hiking rates at a time when the economy appears to be stalling and consumer confidence is waning.

Mark Wall, chief European economist at Deutsche Bank, said the bank is exuding a sense of calm confidence for now, ""with references to the resilience of the economy in recent quarters and longer-term inflation expectations remaining well-anchored.""

""But there is also a sense of rising concern the longer the conflict in the Middle East continues. Overall, this is a statement that does not pre-commit the ECB to hiking in June. But it does not stop the ECB from hiking in June either,"" he added.

Yael Selfin, chief economist at KPMG, sees the potential for a rate increase in the near term. ""In contrast to several other major central banks, including the Bank of England, policy rates in the Eurozone are in neutral territory, contributing to a potential greater need for the ECB to act more swiftly to prevent inflationary pressures from becoming more embedded."" ""Unlike during the energy shock in 2022, fiscal policy across the euro zone is more restrictive and the labor market has softened, reducing the risk of second‑round effects taking hold. However, with inflation rising and energy supply disruptions showing few signs of easing, the ECB is likely to begin its rate hiking cycle in June with any further moves remaining highly dependent on incoming inflation and wage data."""
2026-04-24,Can united kingdom stocks keep outperforming Wall Street equities ?,cnbc.com,https://www.cnbc.com/2026/04/24/ftse-100-price-nasdaq-composite-dow-jones-sp-500-stock-market.html,US Fiscal Stimulus + Rising Treasury Yields,US fiscal stimulus; Treasury yields; USD; inflation,Fiscal Policy / Interest Rates,"London-listed equities have extended their outperformance versus the U.S. into 2026 after a stellar 2025 – but cracks are beginning to show as the war in Iran drags on.

The FTSE 100 index, home to shares of the U.K.'s most valuable listed companies, has gained around 5.3% so far this year, putting it ahead of all three of Wall Street's major averages and building on its 2025 momentum.

In 2025, the FTSE 100 surged 21.5%, outpacing all three of New York's biggest indexes.

Alessandro Dicorrado, head of value at Ninety One, told CNBC in an email on Wednesday that U.K. indices offered a ""striking"" breadth of opportunity, from ""HALO"" sectors such as energy, mining, utilities and industrials — seen as more resilient to disruption — to asset-light software and data businesses.

Russ Mould, investment director at AJ Bell, agreed that the U.K. market has several facets working in its favor, many of which ""have been arguments against investing in it, or at least in favor of underweighting it, for much of the past decade.""

""Just under a fifth of [the FTSE All-Share index's] market cap (and earnings and dividends) come from miners and oils,"" he said in an email, noting that with another fifth of the index being comprised of healthcare and consumer staples firms, it offered ""a lot of defensive ballast.""

""As such, the U.K. is a good hedge against current geopolitical risk and concern over supply chain and raw material availability, as oil prices stay high, gold prices hold firm and some industrial metals set new peaks.""

Another thing luring investors to the U.K. market is lucrative cash returns offered by its constituents, Mould said, via a combination of ordinary dividends, special dividends and share buybacks, as well as takeover payouts.

""The total cash returned to investors via these mechanisms was around £180 billion in 2025 and analysts' forecasts for dividends, buyback announcements and live takeovers already put that total at around £130 billion, or 4.6% of the total market cap [for 2026],"" he said. ""As a cash yield, it beats the Bank of England base rate and inflation, while it is not too far short of the 10-year gilt yield.""

""The U.K. has been unloved, and has underperformed for a long, long time, so it may offer better value than the U.S., which has been lauded as the only option in town for a long time and has outperformed as a result.""

But the London market continues to face the longstanding issues that have made it unpopular in market environments less suited to its defensive attributes. These include shallower pools of local capital than the U.S., an exodus of companies frustrated with lackluster stock price momentum, few quoted tech firms and high listing costs.

Last year was something of a comeback for London's equity market, which benefited from the trend for geographical and sectoral diversification as unpredictable White House policy shook global markets.

The past decade has seen London's benchmark index outperform the S&P 500 , Nasdaq Composite and Dow Jones Industrial Average just three times on an annual basis. While the U.S. indexes rallied in the immediate aftermath of the Covid-19 pandemic in 2020, the FTSE 100 ended the year in negative territory, and political upheaval in the wake of Brexit also took a toll on international confidence in the U.K. as an investment destination.

And U.S. indexes have outperformed London's FTSE 100 since the Iran war began in late February, a shift Jonathon Marchant, a fund manager at Mattioli Woods, labeled ""surprising.""

""This is likely due to the specific nature of the conflict, with the U.S. being more insulated from energy shocks, given significant internal supply,"" he said, adding that U.S. performance has also been bolstered by a stronger dollar.

In March, the U.K.'s inflation rate jumped to 3.3% as fuel prices surged in the wake of the Iran war, data published this week showed. The U.K. is a net energy importer that sources around 40% of its fuel from overseas, making it more vulnerable to volatility in global energy markets than the U.S., a net exporter of energy. Oil and gas prices have surged since the war in Iran began, thanks to the destruction and closure of energy infrastructure and the effective closure of the Strait of Hormuz, a critical shipping route.

The U.K. has also faced domestic political and economic problems. But market watchers seemed unperturbed by mounting pressure on the British economy.

Ninety One's Dicorrado said that despite economic and political turbulence gripping Britain, the U.K. market ""presents a more nuanced picture than the domestic backdrop might suggest.""

He added that a large proportion companies listed in London are headquartered outside of Britain or operate on a global scale, with as much as 75% of FTSE 100 earnings coming from overseas.

""While consumer-facing sectors remain under pressure from high energy costs and elevated mortgage rates, the equity market itself is highly international, with many companies generating the majority of their revenues overseas,"" he told CNBC.

Marchant said the U.K. also benefits from a compelling valuation backdrop. What comes next, he said, may depend on whether U.S. President Donald Trump can make a deal with Iran to stop the war.

""There could be renewed interest in markets outside of the U.S., including the U.K., should the conflict prove short-lived,"" he said.

Toni Meadows, head of investment at U.K.-based BRI Wealth Management, told CNBC that global investors were missing opportunities in London's markets.

""To quote Shakespeare, 'the truth will out' and in market terms truth is always valuation based on value for money,"" he said.

""To a large extent, global investors could, and have, ignored the U.K. market entirely, but that has meant they have been blind to the value or valuation opportunity in U.K.-quoted companies, and to change the quote 'value will out' at some point.""

However, Meadows noted that years of U.S. tech dominance had seen the British stock market shrink in relative importance, and that a resumption of this trend could mean the U.K.'s outperformance is short-lived.

""Last year was the first year in many that the U.K. actually outperformed the U.S., partly due to a return of interest in older sectors and partly as global and American investors diversified, but this was led by the FTSE 100 and not the more domestic indices,"" he said.

""For the U.K. to maintain its outperformance we need investors to look for value in the mid-cap and smaller companies and as yet that doesn't seem to be happening on a sustained basis, even if the value is there."""
2026-04-23,Iran economy in charts : Hyperinflation and depreciating rial,cnbc.com,https://www.cnbc.com/2026/04/23/iran-economy-war-charts-rial-oil-strait-hormuz-blockade.html,US Fiscal Stimulus + Rising Treasury Yields,US fiscal stimulus; Treasury yields; USD; inflation,Fiscal Policy / Interest Rates,"The war in the Middle East is plunging Iran's already fragile economy into freefall.

Tehran's primary war tactic has been economic damage. Iranian strikes have targeted the energy infrastructure of its neighbors and instituted a blockade on the vital Strait of Hormuz, through which around 20% of the world's oil and gas was shipped before the war, precipitating the worst energy shock in decades .

But its own economic position is precarious.

Before the conflict, Iran was already under pressure due to sanctions. Inflation exceeded 50% in 2025 . Its currency, the rial, had lost 60% of its value in the months after the 12-day war against the U.S. last July.

Food inflation soared to 64% by October last year and had accelerated to 105% by February, with bread and cereals up 140%, and oils and fats up 219% in the year through March 2026.

Iranian banks started distributing a 10-million rial bill last month, the largest denomination note in its history, as authorities sought to contain inflation and meet demands for hard cash.

In its World Economic Outlook, the International Monetary Fund estimated that the Iranian economy will shrink by 6.1% in 2026 , with 68.9% inflation. Its currency has fallen to around 1.32 million rial per U.S. dollar.

There are challenges to analyzing how Iran's economy is faring in the war. The country has not published GDP data since 2024, and the widespread internet blackout has made domestic statistics (widely seen as unreliable) inaccessible outside the country.

The effective closure of the Strait of Hormuz and the U.S.' subsequent blockade have cut off most of Iran's international trade, including oil exports.

More than 90% of its annual trade passes through the strait. Renewed strains amid the U.S. blockade could cut off 70% of Iran's export revenues, Jason Tuvey, deputy chief emerging markets economist at Oxford Economics, wrote in an April 15 note .

The war has also triggered a collapse in domestic demand and imports, Tuvey said, adding that while official data are scarce, trade figures for March from trading partners showed exports to Iran have plummeted.

The Trump administration has also dangled the threat of fresh sanctions on Chinese banks facilitating transactions tied to Iran.

The combined pressure of the blockade and the threat of sanctions on Chinese banks supporting Iranian oil trade may be dealing a more severe blow to Iran's economy than many anticipated, said Robin Brooks, a senior fellow at the Washington-based think tank Brookings Institution.

""It shuts down one of Tehran's main lifelines, and brings forward the point when Iran's balance of payments hits a wall,"" Brooks added.

""The efficacy of this blockade and the fear it instils in Iran will [likely] bring Tehran back to the negotiating table in good faith,"" said Brooks.

Iran sees the Strait of Hormuz as key to its economic revival, and anyone in Washington hoping that Iran will give up the leverage of controlling it as part of a peace deal will be disappointed, Jasmine El-Gamal, founder and CEO of Avarice Strategies, told CNBC's ""Europe Early Edition"" in March.

She said Tehran has been ""holding on to it so dearly ... because they know that that is their key, their gateway to economic revival.""

Amir Handjani, board member of the Quincy Institute for Responsible Statecraft, said that, despite severe inflation and contraction in growth, Iran may not face a full economic collapse.

He said that Iran was used to dealing with heavy international sanctions for almost five decades, and had in place an energy transaction system that bypasses U.S. sanctions.

""So long as a peace agreement is reached with the United States that lifts sanctions and unlocks Iran's economy from the 'penalty box' it has been in for four decades, it can recover more quickly than many expect,"" Handjani told CNBC.

Senior Iranian economic officials reportedly warned President Masoud Pezeshkian recently that it may take more than a decade to rebuild the war-torn economy, according to Iranian local media, citing sources familiar with internal deliberations.

Central bank governor Abdolnaser Hemmati has also reportedly urged Pezeshkian to take urgent steps to stabilize the economy, including restoring full internet access and pursuing a peace deal with the U.S.

The key question is how quickly Tehran could repair damage to the energy and industrial infrastructure that underpins its export revenues and employs large portions of its population, analysts say.

Waves of intense U.S.-Israeli strikes have wreaked havoc on Iran's energy infrastructure, deepening the economic squeeze as part of an effort to extract concessions from Tehran at the negotiating table.

""The strikes on oil refineries, power plants, and related facilities represent the most acute economic wound from this conflict,"" Handjani said.

Iran was already running budget deficits before the war, and has suffered an estimated $200 billion to $270 billion in infrastructure damage, according to Seth Krummrich, a retired U.S. Army colonel and vice president at security firm Global Guardian.

""With no economy, failing basic social services, no alternate political or governmental option, and no global friends to save them, and an awful blistering summer headed their way, a serious humanitarian disaster is brewing in Iran,"" Krummrich told CNBC.

Lucila Bonilla, lead emerging markets economist at Oxford Economics, agreed that more hardship was coming for Iran.

Iran's neighbors, alienated by its attacks on their infrastructure, are already looking for alternative routes to circumvent the Strait of Hormuz, she said, while its remaining trading partners, like Russia and China, have shown little desire to come to its rescue .

""We don't know the war if will continue, whether we'll have a deal or not, but what we know is that they [Iran] have a weaker currency, much higher inflation. They will have a much larger fiscal deficit, and then with this situation of re-routing to avoid [the Strait of Hormuz] probably less leverage than what they thought they would have,"" she told CNBC Tuesday.

""Even under a very optimistic scenario"" regarding a peace deal, the outlook is ""just prolonged weakness and hardships for the people rather than recovery,"" she added."
2026-04-21,Global stocks recouped Iran conflict losses but the shadow of Mideast war still looms,cnbc.com,https://www.cnbc.com/2026/04/21/global-stocks-iran-conflict-ai-rally.html,US Fiscal Stimulus + Rising Treasury Yields,US fiscal stimulus; Treasury yields; USD; inflation,Fiscal Policy / Interest Rates,"Global stocks have clawed back losses triggered by the Iran conflict, with major indexes now trading at or above pre-war levels, as investors rapidly unwind geopolitical risk hedges and refocus on the artificial intelligence boom, said market watchers.

The MSCI World Index, which measures the performance of over 1,000 large and mid-cap equities from developed markets, fell 3.29% in the immediate week following the outbreak of the Middle East war. In recent days, however, it has hit a fresh record high and is now almost 2% above its March 2 level, the first trading day after the conflict began.

The sharp rebound has surprised some market watchers because the conflict remains unresolved and a fragile ceasefire faces looming deadlines.

""The rebound has been driven by a rapid unwind of the war-risk premium that was sitting across equities, oil, and the dollar at the peak of the conflict, rather than a fundamental reset,"" said Billy Leung, investment strategist at Global X ETFs.

He added that once ceasefire prospects emerged, ""positioning that had been defensively tilted for weeks reversed quickly, and that repositioning has done most of the heavy lifting.""

Indeed, markets appear to have shifted swiftly from pricing in worst-case disruption scenarios, including a prolonged closure of the Strait of Hormuz, to a more benign outcome in which energy flows normalize and diplomacy prevails.

Zavier Wong, market analyst at eToro, said investors had ""made a fairly early judgement that this would remain a contained, bilateral conflict,"" allowing equities to reprice quickly.

""Once that view took hold, the selloff essentially looked like an overreaction,"" he said, noting that hedge fund short-covering amplified the rally once a ceasefire was announced.

Still, the recovery has not been entirely smooth. Wong said markets have already begun to give back some gains as peace talks show signs of strain, ""which also suggests the rally was more conditional than it may have first appeared.""

U.S. President Donald Trump on Monday again threatened Iran with overwhelming military force, saying ""lots of bombs [will] start going off"" if no deal is reached before a shaky ceasefire with Tehran expires this week.

Beyond positioning dynamics, investors have taken comfort in a macroeconomic backdrop that has held up better than feared. U.S. labor market indicators have shown little deterioration , and expectations for Federal Reserve rate cuts later this year remain intact, according to industry veterans.

At the same time, enthusiasm around artificial intelligence continues to provide a powerful tailwind for equities, particularly in technology-heavy markets.

Yap Fook Hien, senior investment strategist at Standard Chartered, said developments in AI, from surging demand for compute to easing funding concerns, have underpinned confidence in equities, adding that ""earnings growth continues to exhibit disproportionate explanatory power for equity performance.""

That combination of improving sentiment and durable growth drivers has prompted some to declare the return of ""animal spirits"" in markets.

""Animal spirits are back!"" Leung said, pointing to strong flows into cyclicals and small caps, alongside continued momentum in AI-linked sectors.

That view was echoed by veteran market strategist Ed Yardeni, who described the rally as a forward-looking bet that the conflict will prove temporary, even after recent developments.

""I think the market is right that Trump intends to end it sooner rather than later, and that the world economy, which has been remarkably resilient over the past few years, will remain so,"" Yardeni said.

He added that investors appear more willing to ""look past this Middle East confrontation"" and focus instead on a wave of technological innovation spanning artificial intelligence, robotics and autonomous driving.

Still, not all signals are aligned. Analysts caution that while equities have surged, other asset classes suggest a more cautious outlook.

Wong highlighted a growing divergence between equity and bond markets, with fixed income still pricing in potential economic stress.

""Real yields and breakeven inflation rates are pointing towards a market that hasn't fully dismissed the stagflation risk that a prolonged energy shock could result in,"" he said. ""Equities, on the other hand, have largely looked past that."""
2026-08-28,"The price of gold today , August 28 , 2026 and the best places to buy",cnbc.com,https://www.cnbc.com/select/the-price-of-gold-today-august-28-2026-and-the-best-places-to-buy/,US Fiscal Stimulus + Rising Treasury Yields,US fiscal stimulus; Treasury yields; USD; inflation,Fiscal Policy / Interest Rates,"Gold's spot price — or its current trading value — today as of 9:00 a.m. ET is $4,598.89 per ounce, according to CNBC's Gold/ US Dollar Spot Price . That's higher than Thursday's price, when it traded at $4,584.96 per ounce at the same time.

Gold is a safe-haven asset that investors gravitate toward when economic and political turmoil erupts, sending waves through the markets. That's because it's a reliable store of value, a hedge against inflation and can perform well during market downswings.

While there are some drawbacks compared to traditional investments — such as its inability to earn dividends — there are several ways to add gold to your portfolio .

Are you living paycheck to paycheck, or do you have a financial success you're comfortable sharing with a reporter? Please fill out this quick form .

Buying gold bullion — or bars or ingots that are of high purity — is a popular way to get in on the action. You can get them from a variety of gold dealers, including online stores APMEX and JM Bullion . However, you can also source them from some retailers that you shop at every day, including Costco and Walmart .

Buying gold coins is another common way to invest, as they can feature unique and historic designs that provide added value. Many companies sell gold coins, including APMEX and JM Bullion , which offer a wide variety of precious metals and affordable — and sometimes free — shipping.

APMEX is a longstanding gold dealer, selling precious metals online since 2000. It offers gold, silver and platinum in both bullion and coins. The brand offers plenty of educational resources on its website to help you make informed purchases. And, when its time to sell, APMEX also buys gold, silver and platinum from consumers.

Domestic orders of $199 or greater receive free shipping.

JM Bullion has been selling precious metals online since 2011, and sells gold, platinum and silver bullion and coins. In addition to selling precious metal products, the brand also buys gold from consumers and offers a gold IRA. For assistance, the brand's Texas-based customer service team is available from 8 a.m. to 6 p.m. CST Monday through Friday.

Domestic orders of $199 or greater receive free shipping. Shipping on orders under $199 cost $9.95.

Before you buy, you should plan how you'll keep your investment safe and secure, since you'll need to store it yourself. Additionally, keep in mind that these assets aren't immediately convertible into cash — you have to find a dealer who will buy your gold for cash.

Opening a gold IRA removes some of the pressures of investing in physical gold.

Gold IRAs allow you to buy gold from an IRS-approved refinery and a custodian company you choose handles storing it securely. You'll also get tax benefits on the gold you own.

However, getting a gold IRA will cost you. There are often fees, including those for account setup and ongoing management, which could eat into potential growth. Additionally, these accounts don't earn dividends or generate interest like a portfolio of stocks or bonds would — they only grow when the price of gold rises.

Offers in this section are from affiliate partners and selected based on a combination of engagement, product relevance, compensation, and consistent availability.

Minimum initial purchase requirement of $10,000

Minimum initial purchase requirement of $10,000

Account set-up fee of $50. Storage fees of $100 or $15, depending on storage type. Annual account administration fee of $125. Terms apply.

Account set-up fee of $50. Storage fees of $100 or $15, depending on storage type. Annual account administration fee of $125. Terms apply.

Annual IRA fee of $75 for accounts valued at $100,000 or less, $125 for accounts valued at $100,001 or more Storage fee varies with the depository but typically is a flat $100 annual storage fee in most cases

Annual IRA fee of $75 for accounts valued at $100,000 or less, $125 for accounts valued at $100,001 or more

Storage fee varies with the depository but typically is a flat $100 annual storage fee in most cases

If you're interested in a gold IRA, there are plenty of options on the market that simplify the process and clearly advertise their fees.

Birch Gold Group has affordable management, setup and storage fees. It can also waive these fees for the first year if your account is over $50,000 in value.

Minimum initial purchase requirement of $10,000

Goldco offers a buyback guarantee stating you'll get the best possible rate with no additional fees when you're ready to sell.

Minimum initial purchase requirement of $10,000

Account set-up fee of $50. Storage fees of $100 or $15, depending on storage type. Annual account administration fee of $125.

Another easy way to invest in gold is to buy it the same way you'd buy shares of any other investment.

Gold exchange-traded funds (ETFs) track the price of gold. Some gold ETFs directly invest in bullion kept in vaults, while others invest in shares of mining companies that tend to follow the price of gold while also being swayed by the companies' management decisions, efficiency and financials.

You can buy these ETFs in most investing platforms, including our favorite accounts like Schwab and Fidelity .

CNBC Select previously named Fidelity as a top pick for its various options with no commission fees.

Minimum deposit and balance requirements may vary depending on the investment vehicle selected. No minimum to open a Fidelity Go® account, but minimum $10 balance for robo-advisor to start investing.

Fees may vary depending on the investment vehicle selected. Zero commission fees for stock, ETF, options trades and some mutual funds; zero transaction fees for over 3,400 mutual funds; $0.65 per options contract. Fidelity Go® has no advisory fees for balances under $25,000 (0.35% per year for balances of $25,000 and over, which includes access to unlimited 30-minute coaching calls with a Fidelity advisor and tax-loss harvesting on taxable accounts).

None currently. Check Fidelity's promotions page for the latest offers here .

Robo-advisor: Fidelity Go® IRA: Traditional, Roth and Rollover IRAs Brokerage and trading: Fidelity Investments Trading Other: Fidelity Investments 529 College Savings; Fidelity HSA ®

Stocks, bonds, ETFs, mutual funds, CDs, options and fractional shares

Extensive tools and industry-leading, in-depth research from 20-plus independent providers

Schwab is a standout because, unlike other investing apps, it has a $0 minimum deposit for active investing, making it widely accessible.

Minimum deposit and balance requirements may vary depending on the investment vehicle selected. No account minimum for active investing through Schwab One ® Brokerage Account. Automated investing through Schwab Intelligent Portfolios ® requires a $5,000 minimum deposit

Fees may vary depending on the investment vehicle selected. Schwab One ® Brokerage Account has no account fees, $0 commission fees for stock and ETF trades, $0 transaction fees for over 4,000 mutual funds and a $0.65 fee per options contract

Robo-advisor: Schwab Intelligent Portfolios ® IRA: Charles Schwab Traditional, Roth, Rollover, Inherited and Custodial IRAs; plus, a Personal Choice Retirement Account® (PCRA) Brokerage and trading: Schwab One® Brokerage Account, Schwab Global Account™, Schwab Organization Account and Schwab Trading Powered by Ameritrade™

Stocks, bonds, mutual funds, CDs and ETFs

Schwab offers courses, educational articles, videos, and webinars for investors at every level, plus advanced screeners, research tools, and market insights through the Schwab Center for Financial Research .

You can get started investing in gold in a few different ways, but it will largely depend on how much you're looking to invest. Those starting out with smaller investment limits might consider coins or small bullions, while those with higher balances to transfer might consider using a gold IRA.

Investing in gold can diversify your portfolio, as it's seen as a safe-haven investment during times of uncertainty or turmoil and as an inflation hedge.

Gold can be difficult to store at home, as you'll need some way to protect your purchase. Additionally, it can take a few extra steps to liquidate when you do decide to convert it back to cash, compared to other types of investments like stocks or bonds.

At CNBC Select, our mission is to provide readers with high-quality service journalism and comprehensive consumer advice so they can make informed financial decisions. Every article is based on rigorous reporting by our team of expert writers and editors with extensive knowledge of financial products . While CNBC Select earns a commission from affiliate partners on many offers and links, we create all our content without input from our commercial team or any outside third parties, and we pride ourselves on our journalistic standards and ethics."
2026-08-27,Treasury yields ease ahead of jobs data and Jackson Hole,cnbc.com,https://www.cnbc.com/2026/08/27/us-bonds-us10y-jackson-hold.html,US Fiscal Stimulus + Rising Treasury Yields,US fiscal stimulus; Treasury yields; USD; inflation,Fiscal Policy / Interest Rates,"Treasury yields were little changed on Thursday as investors geared up for the start of the Federal Reserve's closely watched annual economic symposium in Jackson Hole, the first under Chair Kevin Warsh.

The benchmark 10-year Treasury note was up less than 1 basis point at 4.672%. The 30-year Treasury bond yield was less than 1 basis point higher as well at 5.19%, while the yield on the 2-year Treasury note rose less than a basis point to 4.232%.

One basis point equals 0.01%, or 1/100th of 1%, and yields and prices move inversely to one another.

The most highly-anticipated event of the week is the Jackson Hole summit, where Warsh will deliver a speech on Friday.

Investors are hungry for more information regarding the chairman's views on the economy, inflation pressures and the role of monetary policymaking. A lack of any forward guidance means markets may be jumpy in response to any perceived dovish or hawkish tilt.

Of particular interest will be whether he also comments on the move higher in U.S. long-term borrowing costs or the Treasury Department's plan to increase its buybacks of government debt in response.

Investors received some insight into the state of the economy heading into the much-anticipated speech. On Thursday, initial jobless claims for the week ended Aug. 22 stood at 203,000, less than the 208,000 that economists polled by Dow Jones anticipated.

The data comes after the Fed's preferred inflation gauge came in slightly higher than expected on Wednesday. The print helped boost the U.S. dollar and left a majority of fed funds futures traders still betting that the Fed will leave rates unchanged in September, according to CME Group's FedWatch tool ."
2026-08-26,CCTV Script 26 / 08 / 26,cnbc.com,https://www.cnbc.com/2026/08/26/cctv-script-26/08/26.html,US Fiscal Stimulus + Rising Treasury Yields,US fiscal stimulus; Treasury yields; USD; inflation,Fiscal Policy / Interest Rates,"– This is the script of CNBC's financial news report for China's CCTV on AUG 26, 2026.

Recently, market skepticism surrounding U.S. Treasury Secretary Bessent's intervention in the bond market has been mounting. Most notably, Druckenmiller—Bessent's former investment mentor and one of Wall Street's most respected macro investors—published an article publicly questioning the effectiveness of these intervention measures.

Druckenmiller and Bessent share a close relationship; in the early 1990s, both worked alongside George Soros to engineer the famous short trade against the British pound. Recently, however, Druckenmiller issued a warning in an article for The Wall Street Journal , stating that unless the U.S. enforces fiscal discipline, attempting to artificially depress U.S. Treasury yields through intervention could not only disrupt the market, but also damage the Treasury Department's credibility.

Wall Street currently harbors widespread concerns regarding whether the Treasury possesses sufficient ""firepower"" to continuously keep yields down given the sheer size of the Treasury market. In 2025 alone, the U.S. government issued roughly $4.8 trillion in debt, and total issuance could expand even further this year.

PETER BOOCKVAR Chief Investment Officer One Point BFG Wealth Partners

The problem with that is, is the market is much bigger than he is. And Druckenmiller saying, just let the market price the level of rates that it believes it should go, because in the piece he said, whenever a government is going to try to fix the price, they're always going to lose against the market.

As market anxiety over the scale of the U.S. fiscal deficit and borrowing costs continues to build, the ""debasement trade"" is regaining momentum on Wall Street.

The ""debasement trade"" refers to a strategy where investors—driven by fears of dollar and U.S. Treasury devaluation amid expanding government spending and rising fiscal risks—turn to assets like gold to preserve value.

Since August, spot gold prices have surged nearly 15%, putting gold on track to record its largest single-month gain since September 1999. During early Asian trading hours today, spot gold was hovering around $4,656 per ounce.

This week, Deutsche Bank analyst Michael Hsueh noted in his latest report that gold prices could breach his target price of $4,800 per ounce.

Rising bond yields also present a fresh challenge for Federal Reserve Chair Warsh. Although the Fed directly sets short-term interest rates, its policy signals influence inflation and rate expectations, which in turn impact long-term U.S. Treasury yields. This week, Warsh will make his debut at the Jackson Hole Economic Symposium, with the market closely monitoring the policy signals he will deliver.

RICK RIEDER CIO of Global Fixed Income BlackRock

I just think we need to know the reaction function. I just think we need to know what are you looking at. What is important to you today? Is it more inflation? Is it more employment? Are you looking at? By the way, there's a series of indicators in employment. Are you looking at demand, supply? Are you looking at a whole series of different indicators to get some clarity on that? Then markets can do their job in interpreting it and putting a price on that.

Analysts told CNBC that Warsh could deliver a hawkish signal at this week's meeting. Meanwhile, the CME FedWatch Tool shows that the market currently places a slightly over 50% probability on the Fed raising rates at its October policy meeting. We will continue to keep you updated on further developments!"
2026-08-26,Indonesia growth ambitions questioned by economists,cnbc.com,https://www.cnbc.com/2026/08/26/indonesia-economy-growth-ambitions-economists.html,US Fiscal Stimulus + Rising Treasury Yields,US fiscal stimulus; Treasury yields; USD; inflation,Fiscal Policy / Interest Rates,"Indonesia may have trouble meeting its economic-growth goals for the coming year, after spending 2026 on the defensive amid questions about fiscal outlays and the prospects of a downgrade from MSCI.

President Prabowo Subianto wants to lift economic growth to 6% in 2027 while keeping the fiscal deficit at 2.4% of GDP. That would mean accelerating from Indonesia's roughly 5% decade-long growth average while keeping the deficit below its 3% statutory ceiling. The draft budget sets eight priorities, including food and energy self-sufficiency.

""They're trying to achieve too much too quickly,"" Ashok Bhundia, deputy chief economist at the Institute of International Finance, said, adding that ""some of these targets are a little bit overly ambitious on timelines."" Reaching 6% next year would likely require ""an unanticipated commodity boom"" that lifts exports, revenues and investment, he said.

The plan comes as MSCI, the index provider, extended until November its review of whether Indonesia should be downgraded to a frontier market. The country has been subject to concerns about fiscal spending like Prabowo's signature free-meal program, particularly after the departure of respected Finance Minister Sri Mulyani, and concerns about central-bank independence after Prabowo's nephew Thomas Djiwandono became deputy governor. The rupiah hit a record low versus the dollar in June.

Growth at 6% would be a ""huge kind of leap,"" according to Gareth Leather, senior Asia economist at Capital Economics. Fiscal stimulus could lift growth, but the proposed budget points to little appetite for loosening. Monetary easing could offer a ""short term boost,"" Leather said, but Bank Indonesia operates independently of the government. Any erosion of that independence could come at the ""cost of the country's credibility,"" he added.

The budget's assumptions are ""completely unrealistic,"" said Yanuar Rizky, senior economist at the think tank Bright Institute, citing the ""fragile state"" of purchasing power and a ""sharp spike in online lending (pinjol)."" Outstanding financing in the sector grew 25.88% year on year in June, according to Indonesia's Financial services Authority .

He said relying on tax revenues would be difficult when purchasing power was supported by ""depleted savings and high-interest debt,"" noting that China's slowdown would be a drag on exports.

Investment-led reforms offer a route to faster growth. Bhundia said a ""slowing China is not inconsistent with additional investment in Indonesia"" if the regulatory framework is right. He also cited ""encouraging"" solar investment and its longer-term ""multiplier effect."" Leather concurs, pointing to greater need for infrastructure spending and measures to attract foreign investment.

However, the projections face multiple challenges, including the Iran conflict. Indonesia has pledged to keep subsidized fuel prices unchanged through 2026, which may strain the budget if oil prices rise again due to supply disruptions or a worsening of military confrontations.

Overall, meeting the dual growth and deficit projections may require Indonesia to put a heightened focus on discipline more generally — and it remains to be seen whether policy makers can straddle that line.

The ""scale of planned fiscal consolidation will require a sharp focus on revenue generation and debt management efforts,"" said Radhika Rao, senior economist at DBS Bank."
2023-12-20,"Asia markets gain , Japan stocks extend rise on dovish BOJ",cnbc.com,https://www.cnbc.com/2023/12/20/asia-markets-gain-japan-stocks-extend-rise-on-dovish-boj.html,Federal Reserve Monetary Policy,Federal Reserve; rate cut; rate hike; Powell; interest rates,Monetary Policy,"Asia markets rose Wednesday, with Japan stocks extending gains to another session after the country's central bank left its ultra-loose monetary policy unchanged at its final meeting this year.

The Bank of Japan kept interest rates at -0.1%, while sticking to its yield curve control policy that keeps the upper limit for 10-year Japanese government bond yield at 1% as a reference. BOJ Governor Kazuo Ueda also struck a dovish tone at a press conference after the policy decision.

The yen , steadied against the dollar, last up 0.08% at 143.71.

The People's Bank of China held its one-year loan prime rate — the peg for most household and corporate loans in the country — at 3.45% . The five-year benchmark loan rate — the peg for most mortgages — was unchanged at 4.2%.

Optimism also spilt over from a rally on Wall Street, which saw the S&P 500 edging close to a record high and the blue-chip Dow Jones Industrial Average recording its ninth straight day of gains.

In Australia, the S&P/ASX 200 ended the session 0.65% higher at 7,537.90, hitting a 10-month high.

Hong Kong's Hang Seng index gained 0.56%, while China's CSI 300 was the only large market in Asia that fell, closing 1.1% lower at 3,297.50.

Japan's Nikkei 225 closed 1.37% higher at 33,675.94, while the broader Topix was 0.67% higher at 2,349.38.

South Korea's Kospi rose 1.78% to end at 2,614.30, gaining the most among Asia-Pacific markets and the small-cap Kosdaq added 0.55% at 862.98.

Overnight, Wall Street's benchmark S&P 500 index rose Tuesday, approaching its record high , as the Federal Reserve's recent dovish shift on rates lifted stocks.

The broad market index gained 0.59% to 4,768.37. With Tuesday's gain, the S&P 500 is about 0.6% from surpassing its record close and 1% from equaling its intraday record, both set in January 2022.

The Dow Jones Industrial Average rose 251.90 points, or 0.68%, to 37,557.92. The Nasdaq Composite advanced 0.66% to 15,003.22. It was the first time the tech-heavy index closed above the 15,000 level since January 2022.

— CNBC's Clement Tan, Sarah Min and Samantha Subin contributed to this report

Chinese ecommerce giant Alibaba slashed its stake in electric-vehicle maker Xpeng , according to a company filing .

Alibaba's Hong Kong-listed shares rose 3% in morning trade. Xpeng shares climbed 0.44%.

As of Dec. 15, Alibaba had a 9.2% stake in Xpeng, compared with 12.5% more than a week ago .

Alibaba is one of the top three stakeholders of Xpeng, according to LSEG data.

China's central bank held its one-year and five-year loan prime rates at 3.45% and 4.2% for December, according to a release by the People's Bank of China .

This is the fourth straight month that the PBOC held the one-year LPR after lowering it from 3.55% to 3.45% in August.

The five-year LPR, meanwhile, has been held at 4.2% for six consecutive months, having been last lowered in June from 4.3%.

China's CSI 300 index opened 0.1% lower after closing flat in the previous session.

Asia-Pacific markets were largely higher on Wednesday, with stocks in Australia hitting their highest level in 10 months.

The the S&P/ASX 200 rose 0.6% to 7,534 to touch its highest since Feb. 7. The index has fallen in just two session over the last two weeks.

The Reserve Bank of Australia held interest rates steady at its last meeting of the year earlier this month, with markets now no longer pricing in a possible of rate hike, partly driven by the Federal Reserve's more dovish tilt.

Minutes from that meeting showed on Tuesday that the Australian central bank deliberated on whether to raise rates by 25 basis points or leave them unchanged, with the board members eventually deciding to hold them at 4.35%.

""The minutes state the board once again debated the case to raise the cash rate or leave policy on hold. We believe the decision to leave the cash rate unchanged in December was straight forward,"" analysts at CBA wrote in a client note.

""We remain comfortable with our base case for an easing cycle to commence in September 2024.""

The Australian dollar was largely flat against the U.S. dollar .

It hasn't been a good year for energy stocks — the only sector left out of November's stock market rally.

And its outlook for 2024 looks similarly underwhelming: the International Energy Agency expects the slowdown to continue next year.

But one portfolio specialist is bullish on the sector's long-term prospects.

""We've been more constructive on energy than we were in the last year,"" Rahul Ghosh, equity portfolio specialist at investment firm T. Rowe Price told CNBC Pro, naming one under-the-radar stock to play the theme.

Oil prices on Tuesday rose more than 1% as traders worry about disruption to shipping through the Red Sea as militants based in Yemen attack vessels.

The West Texas Intermediate contract for January rose 97 cents, or 1.34%, to settle at $73.44 a barrel. The Brent contract for February gained $1.28, or 1.64%, to settle at $79.23 a barrel.

BP announced on Monday that it was pausing shipping through the Suez Canal over safety concerns as Houthi militants attack vessels. The U.S. is expanding a multinational maritime force to protect vessels from attack.

The massive amount of cash moving in to the SPDR S&P 500 Trust (SPY) could be a signal the investor behavior is changing, according to BTIG technical strategist Jonathan Krinsky.

The ETF reported inflows of more than $20 billion on Monday, according to FactSet, and some data sources suggest it will report another sizeable investment for Tuesday. Krinsky said in a note to clients that there may be a connection between the stock market flirting with new record highs and the moves.

""While we can't say there is a clear correlation between significant inflows and performance, that size is notable and perhaps speaks to a 'get me in' mentality?,"" the note said.

Not all stock index funds are seeing the same demand, however. For example, the iShares Core S&P 500 ETF (IVV) reported nearly $9 billion in outflows on Monday.

The KPOP and Korean Entertainment ETF (KPOP) outperformed Tuesday, rising 2% after record label conglomerate JYP Entertainment announced a new boy band NEXZ.

JYP Entertainment shares gained about 8%, on pace for its best day since July 25, 2023 when the stock gained 9.38%."
2023-12-19,"Asia stock markets : Live updates , BOJ decision , RBA minutes",cnbc.com,https://www.cnbc.com/2023/12/19/asia-markets.html,Federal Reserve Monetary Policy,Federal Reserve; rate cut; rate hike; Powell; interest rates,Monetary Policy,"Japan's Nikkei 225 index closed more than 1% higher Tuesday after the country's central bank left the main policy rate unchanged at its final meeting of the year.

The Bank of Japan made no change to its negative interest rate policy, holding the benchmark interest rate at -0.1%. The central bank also kept its stance on its yield curve control policy unchanged.

The central bank also warned of "" extremely high uncertainties"" affecting Japan 's economy, saying that core inflation will stay above 2% throughout fiscal 2024.

The yen weakened 0.6% against the dollar to 143.70 after the decision. The Nikkei 225 closed 1.41% higher at 33,219.39, while the Topix closed up 0.73% at 2,333.81.

""We maintain our call that the BoJ will abolish the NIRP (negative interest rate policy) at the April meeting next year after confirming a robust spring wage settlement,"" Shigeto Nagai, head of Japan Economics at Oxford Economics, wrote in a client note.

""After ending the NIRP, however, our inflation projection anticipates the BoJ maintaining an effective zero-interest rate policy for a few years.""

Separately, the Reserve Bank of Australia' minutes revealed the Australian central bank deliberated on whether to raise rates by 25 basis points or leave them unchanged, with the board members eventually deciding to hold rates at 4.35%.

In Australia, the S&P/ASX 200 rose closed 0.84% at 7,489.10, resuming its climb after the index snapped a six-day winning streak on Monday.

South Korea's Kospi closed flat at 2,568.55, while the small-cap Kosdaq gained 0.86% at 858.30 after hitting its highest level since Sept. 22 on Monday.

Hong Kong's Hang Seng index fell 0.76% in the final hour of trading, while mainland China's CSI 300 closed up 0.14% at 3,334.04.

Overnight in the U.S., the S&P 500 and the Nasdaq Composite advanced 0.45% and 0.61% respectively, while the Dow Jones Industrial Average was flat.

The S&P 500 is now 1.2% away from its all-time closing high at 4,796.56 that was reached in January 2022.

— CNBC's Sarah Min and Hakyung Kim contributed to this report

Japan's central bank left its ultra-loose monetary policy unchanged at its final policy meeting this year in light of ""extremely high uncertainties,"" setting the stage for any long-awaited unwinding in the new year.

The Bank of Japan voted unanimously to hold interest rates at -0.1%, and stuck to its yield curve policy that references the 1% upper bound for 10-year Japanese government bonds as its limit.

The Japanese yen reversed gains after the BOJ decision and traded at about 143.5 against the greenback in midday trade. Yields on the 10-year Japanese government bonds were largely unchanged.

Central bank governor Kazuo Ueda is due to meet the press in Tokyo later Tuesday, where he may offer forward guidance on the BOJ's future path of action.

For more, please read the full story .

The Reserve Bank of Australia considered hiking rates by 25 basis points in December, but eventually decided to hold rates at 4.35%, minutes from the central bank showed.

The RBA said the case for raising rates was tied to expectations that inflation would remain above its 2% target for a prolonged period, and that there were risks this period could be extended.

Furthermore, underlying inflation was noted to be higher in Australia than in several other countries.

On the other hand, the RBA's case for holding rates was due to weak consumption demand growth, with members also noting that the pace of disinflation in some other countries over recent months had accelerated. ""If emulated in Australia, this would be helpful in bringing inflation back to target."" — Lim Hui Jie

Japan's Nippon Steel fell 5.8% to 3,052 yen in the first hour of trading after it agreed to buy U.S. Steel for $14.9 billion in cash late Monday.

Nippon Steel is buying U.S. Steel for $55 per share, representing a nearly 40% premium from U.S. Steel's last closing price of $39.33 on Friday.

The acquisition of U.S. Steel will allow Nippon Steel to move toward 100 million metric tons of global crude steel capacity.

The Nikkei 225 index was flat, while the broader Topix was 0.3% lower as investors awaited the Bank of Japan's decision on interest rates later in the day.

The Japanese yen strengthened against the dollar, trading within the 142 range. It is up for a third straight day.

Investors are gearing up for the Bank of Japan's final rate decision of the year, where the central bank is expected to stick with its negative interest rate policy, according to a Reuters poll of economists.

The BOJ's stance on its yield curve control policy will also be closely watched.

""There is no immediate urgency for the Bank of Japan (BOJ) to change its accommodative stance, but our base‑case scenario is that it will terminate the current negative interest rate policy in April 2024 to coincide with the annual wage negotiations,"" Aadish Kumar, international economist at T. Rowe Price wrote in a client note.

""The other key decision facing the Bank of Japan is when—and how—to remove its yield curve control (YCC) policy. While this could happen as early as December this year, the YCC policy has already been gradually winding down, with the parameters of the 10-year yield cap being loosened toward the point of becoming irrelevant,"" Kumar added.

Japan's Nikkei 225 was headed for a flat open, with the futures contract in Chicago at 32,810 and its counterpart in Osaka at 32,740 against the index's last close of 32,758.98.

Non-artificial intelligence tech stocks that have struggled in 2023 have significant upside potential in 2024, according to Morgan Stanley.

The investment bank's tech analysts say that while AI and cloud computing stocks will likely continue to grow, their valuations are very high.

The Wall Street bank named its 14 ""most preferred"" stocks that have ""re-rating potential around pricing/growth, early cycle and idiosyncratic earnings upside.""

Bank of America has named four small and medium-sized pharmaceutical stocks as its ""top picks"" for 2024, highlighting their strong potential for regulatory approvals and product launches over the next year.

The Wall Street bank noted it remains ""cautiously selective"" in its biotech picks as the sector as a whole has underperformed the broader stock market in 2023.

Meanwhile, the biotech stock with the BofA's biggest upside potential already has approval for a drug that treats a rare kidney disease affecting up to 150,000 people in the U.S.

Oil prices rose more than 1% on Monday as attacks on vessels in the Red Sea create shipping disruptions.

The West Texas Intermediate contract for January rose $1.04, or 1.46%, to settle at $72.47 a barrel. The Brent contract for February gained $1.40, or 1.83%, to settle at $77.95 a barrel.

BP announced on Monday that it was pausing shipping through the Suez Canal in response to attacks by militants in Yemen on vessels in the Red Sea.

Chicago Fed President Austan Goolsbee said on CNBC's "" Squawk Box "" that the market may have misinterpreted the central bank's update from last week, when the Dow jumped to a record high.

""It's not what you say, or what the chair says. It's what did they hear, and what did they want to hear,"" Goolsbee said. ""I was confused a bit — was the market just imputing, here's what we want them to be saying?""

The Fed president also pushed back against the idea that the Fed is actively planning on a series of rate cuts.

""We don't debate specific policies, speculatively, about the future. We vote on that meeting,"" he said.

Real estate and utilities underperformed on Monday. The sectors were the only two trading in negative territory. Real estate was down by 0.8%, while utilities declined 0.6%.

Kimco Realty and Boston Properties were lower by more than 1%, each. Prologis was off by 1.2%.

Exelon shares dropped by 3%, while PG&E declined more than 2%. Pinnacle West Capital fell by 1.5%.

Tech stocks could face a larger wave of pressure in 2024, according to Bernstein senior research analyst Toni Sacconaghi.

""We struggle to recommend an overweight in tech for 2024,"" the analyst wrote in a Monday note. ""Tech has outperformed by 2500+ bps twice in the last 20 years (2009 and 2020) and both times subsequent next year performance was in line with the broader market.""

Sacconaghi said that while the firm finds it difficult to remain overweight on tech stocks, Bernstein is stopping short of moving to an underweight rating due to strong momentum, falling interest rates as well as the overall outperformance of the sector which makes it ""statistically tough (and economically punitive) to actively 'bet against' tech."""
2024-02-16,BOJ juggles yen weakness and fragile growth after GDP surprise,cnbc.com,https://www.cnbc.com/2024/02/16/boj-juggles-yen-weakness-and-fragile-growth-after-gdp-surprise.html,Federal Reserve Monetary Policy,Federal Reserve; rate cut; rate hike; Powell; interest rates,Monetary Policy,"Japan's central bank is expected to exit its negative interest rate regime this spring, though sluggish growth will limit its ability to alleviate depreciation pressure on the yen, according to a former Bank of Japan board member.

BOJ Governor Kazuo Ueda is under pressure to stem yen depreciation driven by the divergence between high U.S. interest rates and Japan's ultra easy policy. Yet, he is also constricted by high inflation that BOJ policymakers still deem unsustainable, even as it crimped domestic demand and tipped the economy into a technical recession . That surprise contraction meant Japan's economy is now the world's fourth largest, falling behind Germany .

""It's a serious challenge and dilemma,"" Sayuri Shirai, an economics professor at Keio University in Tokyo, told CNBC's ""Squawk Box Asia"" on Thursday. She previously served as a member of BOJ policy board from 2011 to 2016, helping to make monetary policy decisions.

""However, I think BOJ is likely to take some policy change, including [the] removal of negative interest rates this spring, because I think they worry about side effects,"" she said.

The yen retreated to around 150 to the dollar this week after U.S. inflation data came in higher than expected , dousing hopes of a quicker Federal Reserve rate cut. The yen's chronic weakness has diminished not only the purchasing power of consumers in Japan, but also the value of the country's exports.

""I think they want to take this opportunity to do some adjustments, and also more market participants anticipate that BOJ will do some normalization this spring. So regardless of whether BOJ is able to achieve 2% in stable manner, I think BOJ will take some policy change this spring,"" Shirai added.

Even if BOJ policymakers deem inflation is still not sustainably driven by domestic demand, the prolonged high inflation rates have hit domestic consumption — a key reason driving the second consecutive contraction in Japan's GDP in the fourth quarter.

While inflation has been gradually slowing, ""core core inflation"" — which excludes food and energy prices — has exceeded the BOJ's 2% target for more than a year.

At its January meeting , the BOJ decided unanimously to keep short-term interest rates at -0.1%. It also stuck to its yield curve control policy, which keeps the upper limit for 10-year Japanese government bond yield at 1% as a reference .

BOJ policymakers have been cautious and fastidious with their primary task: reflating an economy that's been mired in decades of deflationary pressures.

Many in the market expect the BOJ to move away from its negative rates regime at its April policy meeting, once the annual spring wage negotiations confirm a trend of meaningful wage increases. The central bank believes wage increments would translate into a more meaningful spiral, encouraging consumers to spend.

But former BOJ policy board member Shirai said currently Japanese yen-denominated wages and household consumption are both dropping.

""And so, there is no sign to see this about your cycle between price and wages and [consumer] demand. So in this sense, It's quite difficult for BOJ to take [the path of] normalization, even though inflation can be above 2% for some time,"" she added.

""But at the same time, this interest [rate] differential creating huge depreciation [pressure for the Japanese yen] ... so you see it's very difficult to raise interest rates."" Shirai said.

""So even if Bank of Japan raises interest rates a little bit, BOJ has to say they cannot do ... continuous interest rate hikes because the economy is weak. If they do some normalization, [it would be] just [the] removal of negative interest rates — then it doesn't really have much impact on the depreciation of the yen.""

— CNBC's Lee Ying Shan contributed to this story."
2024-02-14,"Asia markets live updates : U . S . inflation , BOJ yen",cnbc.com,https://www.cnbc.com/2024/02/14/asia-markets-.html,Federal Reserve Monetary Policy,Federal Reserve; rate cut; rate hike; Powell; interest rates,Monetary Policy,"Most Asia-Pacific markets fell on Wednesday, with the exception of Hong Kong, after hotter-than-expected U.S. inflation data sent Wall Street tumbling overnight.

U.S. consumer price index climbed 3.1% on a 12-month basis and 0.3% for the month. Economists polled by Dow Jones expected the CPI to have increased by 0.2% month over month in January and 2.9% on an annual basis.

Core prices, which exclude volatile food and energy components, rose 0.4% month over month and 3.9% from a year ago. Core CPI was expected to have increased 0.3% in January and 3.7% from a year earlier, respectively.

Hong Kong's Hang Seng index reversed losses to gain 0.96%, bucking the wider downturn as the city returned to trade after the Lunar New Year holiday. Mainland Chinese markets will remain closed for the week.

Japan's Nikkei 225 retreated from 34-year highs, falling 0.69% to end at 37,703.32, while the Topix saw a larger loss of 1.05% and ended at 2,584.59.

The Nikkei had rallied about 3% to breach the 38,000 mark briefly on Tuesday. It last touched that level in 1990.

Japan's top currency diplomat Masato Kanda said that ""recent movements in the foreign exchange market have been rapid"" with regard to the yen, and authorities are watching these ""with a high sense of urgency,"" according to Reuters.

South Korea's Kospi dropped 1.1% to close at 2,620.42, with heavyweight Samsung Electronics losing 1.6%, while the small-cap Kosdaq returned to positive territory and gained 0.96%, ending the day at 853.3.

In Australia, the S&P/ASX 200 slid 0.87% to close at 7,537.7, extending its losing streak to a third day.

Overnight in the U.S., the hotter-than-expected inflation data saw all three major indexes lose ground, with the Dow Jones Industrial Average falling 1.35%, clocking its worst session since March 2023 on a percentage basis.

The S&P 500 slid 1.37%, while the Nasdaq Composite fell 1.8% to settle at 15,655.60.

— CNBC's Lisa Kailai Han and Brian Evans contributed to this report

Korean Air said Tuesday the European Commission had approved its merger with Asiana Airlines.

Shares of Korean Air fell 1% in afternoon trading on Wednesday, while Asiana Airlines tumbled nearly 8%.

The approval was based on conditions that Asiana Airlines would sell its cargo freighter business, and divest four overlapping passenger routes between Korea and the European Union.

""These measures are designed to maintain a competitive environment in the relevant markets,"" the statement from Korean Air read.

Korean Air needs to find a buyer for Asiana's cargo freighter business, once the merger is complete.

""With the EC approval secured, Korean Air continues to be focused on its discussions with the U.S. competition authority to finalize the overall merger review processes as soon as possible,"" according to Korean Air.

The deal, worth $1.4 billion, was first announced in late 2020 and is yet to receive regulatory approval from U.S. authorities.

Yields on 10-year Japanese government bonds rose to 0.766 on Wednesday, their highest level since Dec. 11.

The move comes as the yen weakened for a seventh straight session, falling below the 150 mark against the dollar.

Under the Bank of Japan's yield curve control policy, the BOJ targets 10-year JGB yields at around 0%, while keeping the upper limit at 1% ""as a reference.""

The electric vehicle industry is seeing cutthroat competition between investor favorite Tesla and several Chinese automakers like BYD .

However, one strategist has his sights on the wider electric vehicle ecosystem.

""While Tesla grabs all the headlines, we don't necessarily think that it's going to be the electric vehicle manufacturers that do the best,"" Morningstar's Chief Markets Strategist David Sekera said, naming two under-the-radar companies he likes.

Japan's yen breached 150 against the dollar on Wednesday, weakening for a seventh straight session.

The country's top currency diplomat Masato Kanda reportedly said that ""recent movements in the foreign exchange market have been rapid"" with regard to the yen.

Kanda also noted that authorities are watching the activity and would take ""appropriate actions on forex if needed,"" according to Reuters.

The Bank of Japan's exit from negative interest rates and other policy measures have been on investors' radar amid expectations of rate cuts by the U.S. Federal Reserve this year.

Investors have been piling into Japan’s markets, repeatedly pushing them to record highs.

Will its bull run continue though, and how should investors play this Asian market?

Here’s what Wall Street and other pros say, and how to invest – including the stocks to buy.

Stocks closed lower on Tuesday after January's hotter-than-anticipated inflation report sent the equity market reeling early in the morning.

The Dow Jones Industrial Average dropped 524.63 points, or 1.35%, to settle at 38,272.75. It was the worst day for the 30-stock index since March 2023. The S&P 500 slipped 1.37% to close at 4,953.17, while the Nasdaq Composite shed 1.80% to finish at 15,655.60.

Oil futures rose Tuesday despite stubborn inflation in the U.S. that dragged the stock market lower.

The West Texas Intermediate contract for March gained 95 cents, or 1.24%, to settle at $77.87 a barrel. The Brent contract for April settled at $82.77 a barrel, up 77 cents or 0.94%.

WTI has struggled to break out of a range of about $68 to $78 a barrel amid uncertainty over war in the Middle East and an unclear supply and demand outlook for the year.

WTI and Brent are up about 8.68% and 7.44%, respectively, for the year, however.

All 11 sectors that comprise the broad S&P 500 traded down at least 1% Tuesday afternoon. As a whole, the benchmark index lost about 1.8%.

Real estate stocks led the index lower, hurt by 5% drops in Boston Properties and Alexandria Real Estate Equities . The utilities and consumer discretionary sectors also weighed on the S&P 500, with each down more than 2%.

On the other hand, health care saw the smallest drop with a slide of 1.2%. Losses for the sector were mitigated by rallies of more than 2% in Incyte and McKesson ."
2024-05-17,CNBC Inside India newsletter : What next for India regulators ?,cnbc.com,https://www.cnbc.com/2024/05/17/cnbcs-inside-india-newsletter-whats-next-for-indias-regulators.html,Federal Reserve Monetary Policy,Federal Reserve; rate cut; rate hike; Powell; interest rates,Monetary Policy,"Bureaucrats, stereotypically but perhaps unfairly, are often seen as moving too slowly. Instead, there's been a flurry of activity this month at a number of regulators across India's financial system.

As the South Asian country's financial markets evolve and expand, the Securities and Exchange Board of India (SEBI) and the Reserve Bank of India (RBI) have been actively implementing new rules.

They say it's to ensure the stability and integrity of the markets.

One area that has caught their attention is the rapidly growing derivatives market, particularly futures and options trading.

In 2023, more than three-quarters of the 108 billion options contracts traded worldwide were on Indian exchanges, according to data from the Futures Industry Association. The significant increase over the past five years has been mainly fuelled by retail investors, with the rise drawing the attention of senior politicians.

""Any unchecked explosion in retail trading of futures and options can create future challenges, not just for the markets, but for investor sentiment and household finances,"" Nirmala Sitharaman, India's finance minister, told an industry conference this week.

SEBI, however, late last month had asked exchanges to pay higher regulatory fees, a move which tanked the shares of the Bombay Stock Exchange by nearly 20% on the following trading day. Similarly, regulators have also banned 80% of the trading activity in the currency futures market to stamp out volatility in the Indian rupee. Another area of focus for regulators has been the IPO market for small and medium-sized companies. SEBI, to protect minority shareholders and to prevent the misuse of a listing platform introduced in 2012, is now considering raising the minimum size of such public offers so that it's limited to only ""serious companies"", Reuters reported this week. Despite the steady stream of regulations, some of these new rules are being welcomed by investors. The central bank, for example, proposed that lenders set aside higher loan loss provisions for infrastructure projects retrospectively. That frightened bank investors and immediately knocked off more than 3% from the India Nifty PSU Bank index. ""RBI has been tightening the screws,"" Rajeev Agrawal, hedge fund manager and managing partner at DoorDarshi India Fund, told CNBC's Inside India. The investor believes that intervention in this instance is justified since the regulator might be concerned that credit growth has been too fast and could lead to a ""bubble"" in asset prices. The central bank's move comes in light of the large defaults across infrastructure loans starting in 2012-2013, which strained the country's banking system. ""I think it's perfect, because it ensures that that system is safe,"" Agrawal added.

India 'very favorable' for IPOs. Shailendra Singh, managing director at Peak XV Partners, formerly Sequoia Capital India & Southeast Asia, told CNBC that India has created "" a very favorable environment "" for companies to go public. There were 220 IPOs in India last year, up 48% from 2022, making it the second-largest IPO market in the world.

India is still relying heavily on coal. According to a new report by energy think tank Ember, India generates 78% of its electricity from fossil fuels , with coal making up 75% of that mix. The country's leaders have been optimistic about its path to net zero, making bold claims that 50% of its power generation will come from non-fossil fuel forms of energy by 2030.

The fallout between Maldives and India is benefiting Sri Lanka. A social media row in January resulted in a sharp drop in Indian visitors to the Maldives this year and is ""absolutely"" helping Sri Lanka's travel industry, according to the country's tourism minister. Nearly 34,400 Indian travelers went to Sri Lanka in January, more than double the 13,759 that visited in January last year.

Indian stocks have partially rebounded this week after a 2% decline last week. The Nifty 50 is up 1.5% so far this week. The index has risen 3% this year.

The 10-year Indian government bond yields have fallen in the last week to 7.08%. The Indian rupee has remained nearly flat against the U.S. dollar over the past week.

On CNBC TV this week, we had Dinesh Kumar Khara, the chairman of State Bank of India , who said the Indian central bank would likely decouple from others like the U.S. Federal Reserve. He predicted some sort of rate move later this year.

We also had hedge fund manager Andrew Holland, who spoke on India's infrastructure projects and the outlook for the country's economy.

And CNBC's Sri Jegarajah reported from Qualcomm's Chennai Design Center on how the country's semiconductor industry is aiming to be a global powerhouse.

The elections will continue next week with the fifth phase starting on Monday. Voting is staggered in phases until June 1 and counting starting a few days afterward.

Next week, Go Digit Insurance, which counts former Indian cricket captain Virat Kohli as an early investor will go public on Thursday."
2024-05-16,"Gold little changed as dollar gains , Fed rate cut bets lend support",cnbc.com,https://www.cnbc.com/2024/05/16/gold-drifts-higher-as-rising-fed-rate-cut-expectations-boost-appeal.html,Federal Reserve Monetary Policy,Federal Reserve; rate cut; rate hike; Powell; interest rates,Monetary Policy,"Gold prices edged lower on Thursday as the dollar rebounded, although signs of cooling U.S. inflation cemented hopes for interest rate cuts from the Federal Reserve this year and kept bullion near the one-month peak.

Spot gold fell 0.3% to $2,377.93 per ounce, after hitting its highest since April 19 earlier in the session. Bullion rose more than 1% on Wednesday.

Meanwhile, U.S. gold futures for June delivery settled 0.5% lower at $2,382.80 per ounce.

""Gold market is seeing some routine profit taking pressure by the short term futures traders after the recent gains, while the firmer U.S. dollar Index today is also adding to that pressure,"" said Jim Wyckoff, senior analyst at Kitco Metals.

The dollar rose 0.2% against its rivals after hitting a multi-month low in the previous session after data showed U.S. consumer prices rose less than expected in April.

A stronger dollar makes gold more expensive for other currency holders.

Meanwhile, Fed Bank of New York President John Williams said that positive news around cooling inflation is not enough to call for the U.S. central bank to cut interest rates sometime soon. Lower interest rates reduce the opportunity cost of holding non-yielding gold.

Market participants are pricing in a roughly 68% chance that the Fed will cut rates in September, according to CME's FedWatch tool.

""Weaker U.S. dollar, declining U.S. Treasury yields as well as elevated geopolitical tensions offered support to gold over the past week and we expect gold prices to stay above $2,250/oz in the coming months,"" Fitch Solutions analysis unit BMI said in a note."
2024-05-09,"Japan not seeking a strong yen but a stable currency , David Roche says",cnbc.com,https://www.cnbc.com/2024/05/09/japan-not-seeking-a-strong-yen-but-a-stable-currency-david-roche-says.html,Federal Reserve Monetary Policy,Federal Reserve; rate cut; rate hike; Powell; interest rates,Monetary Policy,"Japan is not seeking a strong yen but rather aiming for a relatively stable currency, according to veteran investor David Roche.

The Japanese yen has been on a roller coaster ride , with the currency breaking past 160 against the greenback last week — steepest decline in more than three decades. It has since strengthened amid speculation about two interventions by Japanese authorities.

""The Japanese are not aiming at a particularly strong yen. I think they're aiming at a relatively stable yen — they don't want it to go through the floor anymore,"" Roche, president and global strategist at Independent Strategy, told CNBC's ""Squawk Box Asia"" on Thursday.

Japan has acted in way so as ""not to create inflation, which undermines the governor of Bank of Japan.""

The weakness in the yen had persisted after the BOJ's monetary policy decision in April and in spite of warnings from Japanese authorities .

Reportedly , Japanese authorities could have spent about $60 billion to prop up the yen after its sharp fall last week. The yen was last trading at around 155.61 against the dollar.

The summary of the BOJ's latest policy meeting released Thursday revealed that the central bank was concerned that a sharply weaker yen risks driving up import prices.

""The recent depreciation of the yen and rises in prices, such as crude oil, have started to affect producer prices through an increase in import prices,"" the BOJ policy board members said at their last meeting that concluded on April 26.

""While the yen's depreciation is likely to push down the economy in the short run through price rises driven by cost-push factors, it could push up underlying inflation in the medium to long run"" the members said.

The currency has languished alongside continued strength in the greenback as Federal Reserve rate cut expectations get pushed back.

Japan could not ""possibly speak to have policy that really results in a strong yen unless they tighten monetary policy,"" Roche said, adding that it would involve raising interest rates by at least 50 basis points and allowing ""unsterilized intervention"" of the yen.

""In other words, it shrinks the supply of domestic money. As far as I can see from the statistics, they've [Bank of Japan] done nothing like that,"" Roche noted."
2025-04-03,Kelly Evans : The Trump Tariffs : here what we know,cnbc.com,https://www.cnbc.com/2025/04/03/kelly-evans-the-trump-tariffs-heres-what-we-know.html,Federal Reserve Monetary Policy,Federal Reserve; rate cut; rate hike; Powell; interest rates,Monetary Policy,"Well. I'm trying not to be annoyed at the stock market. But come on. The Dow rallied 1000 points from Monday's lows through today's close--right before the president's big tariff announcement. Then, when we finally got the actual details, it gave it all back.

So much for ""it might not be as bad as feared,"" ""it might be gradual,"" ""it might be phased in."" Instead, we got 34% tariffs on China--on top of the previous 20% the administration has already announced. 46% on Vietnam. 26% on South Korea. All of these reciprocal tariffs, detailed here , go into effect next Wednesday. And a baseline 10% universal tariff goes into effect this Saturday.

J.P. Morgan quickly ran the numbers, and expects this to equal about $400 billion in tariff revenue. The gazillion dollar question is what the administration intends to do with it. Pay down the $2 trillion deficit? Abolish the $2 trillion we collect from income taxes? It will have to be something pretty blockbuster, because otherwise, that amounts to a $400 billion U.S. tax hike--the biggest we've had, as a percent of GDP, in almost 60 years.

Greg Ip of The Wall Street Journal noted this could be as big a financial shock as a $50 a barrel oil tax, or a $3 a gallon gasoline tax. ""This impact alone could take the economy perilously close to slipping into recession,"" J.P. Morgan's team wrote. That's why the 10-year Treasury yield is falling, not rising, in reaction to the tariff plans. In fact, it's almost slipped sub-4% tonight.

And maybe that's the point. The Treasury Secretary has been clear that he wants to see bond yields fall. That would certainly help the housing market, which the CEO of RH on their call tonight said is the worst ""in almost 50 years."" (Shares of the company, formerly called Restoration Hardware, are down 26% after hours.)

Is that enough to offset the hit that companies like Walmart and Nike are taking? Both are seeing their shares fall about 7% after hours. But Oren Cass of American Compass shrugged off the potential consumer hit that tariffs pose in a recent WSJ interview, noting that only 15% of our GDP even comes from imports.

""Even very substantial tariffs on imported consumption [are] nothing like what we went through over the past few years,"" he told What's News , ""with 10% inflation in a single year hitting everything you're trying to buy.""

And while many are bracing for the business fallout, Cass pointed to the Reagan administration spurring Japanese automakers to move swaths of their production to the American South as a precedent for what we could see now.

But will the economy be able to avoid a recession as this all plays out? To answer that, watch the labor market. New jobless claims have so far stayed low this year even as consumer and business sentiment has plunged. If that changes, or the monthly jobs reports go negative, that will be the tell.

And if so, you could imagine the Federal Reserve cutting rates further, or restarting ""quantitative easing."" But let's not get too ahead of ourselves just yet. A lot could still happen between now and the market close tomorrow."
2025-03-30,CoreWeave 7 - year journey to IPO wound through crypto before AI,cnbc.com,https://www.cnbc.com/2025/03/30/coreweaves-7-year-journey-to-ipo-wound-through-crypto-before-ai.html,Federal Reserve Monetary Policy,Federal Reserve; rate cut; rate hike; Powell; interest rates,Monetary Policy,"If not for Nvidia , there would be no CoreWeave IPO. The artificial intelligence infrastructure startup might still be plucking away in the crypto market.

In 2020, CoreWeave established a business renting Nvidia's graphics processing units in the cloud. Now the company is generating $2 billion in annual revenue and just raised $1.5 billion in the biggest U.S. venture-backed tech IPO since 2021.

But if not for Nvidia, once again, this week's IPO could have gone off the rails . After CoreWeave said it was going to sell shares at $47 to $55 a piece, investor demand failed to materialize due to a difficult public market environment and questions surrounding the sustainability of the company's business model.

Nvidia, a major supplier and customer, stepped in to buy shares at $40 in a scaled-back offering. That's where the IPO priced on Thursday night and where the stock closed after its Nasdaq debut on Friday.

""I feel like this company has been built on a long list of events where the chips are down and the people at the top being tough as nails, but gets it through,"" Brian Venturo, CoreWeave's co-founder and chief strategy officer, told told CNBC in an interview on Friday. The IPO ""was just another one of those experiences.""

Not that Venturo and his co-founders, CEO Michael Intrator and development chief Brannin McBee, are hurting. The three are worth a combined $5.3 billion on paper. And their company, along with its 250,000 Nvidia GPUs across 32 data centers, now has the attention of public investors as it challenges Amazon , Google , IBM , Microsoft and Oracle .

Intrator says the company is focused on being best in class.

""We are built for speed,"" he said. ""That is all we do, right? And when you build something to do one thing, you end up with a Lamborghini, not a minivan.""

Intrator, 56, has an unconventional background for a technology CEO. He received a bachelor's degree in political science from the State University of New York at Binghamton and a master of public administration degree from Columbia University.

After graduate school, Intrator spent about 16 years at carbon credit buyer Natsource, where he worked on sales of emission credits tied to air pollution. Venturo worked there as an energy trader.

""They were the Michael Jordan and Scottie Pippen of the carbon markets at the time,"" said Alex Baldassano, who was a portfolio manager at Natsource. The Chicago Bulls teammates won six NBA championships in the 1990s.

Intrator and Venturo went up against Goldman Sachs and won. Their firm was involved in the first over-the-counter trade in a cap-and-trade program called the Regional Greenhouse Gas Initiative, Baldassano said. They were pioneers in carbon trading years before the wider market began targeting net-zero emissions, he said.

In 2013, the pair helped start a small natural gas hedge fund, Hudson Ridge Asset Management.

Then came crypto. In 2017, as bitcoin and other cryptocurrencies were rising in price, Intrator and Venturo joined with McBee to establish Atlantic Crypto Corp., which focused on ethereum mining with Nvidia GPUs. They chose ethereum because it didn't require specialized hardware, Venturo said on a podcast in 2020.

Their ethereum effort first consisted of one GPU on a pool table in a Wall Street office. Soon the pool table was covered with GPUs. The trio later turned Venturo's grandfather's garage in New Jersey into a data center.

""One GPU turned into hundreds, then tens of thousands via strategic acquisitions of distressed hardware during the 'crypto-winter' of 2018/2019, and our portfolio of facilities grew to seven,"" Intrator wrote in a 2021 blog post . Intrator worked with employees to set up GPU servers, former engineer John Lynch recalled.

In 2019, the company changed its name to CoreWeave and pursued additional computing jobs that could be handled with GPUs beyond crypto. That included rendering videos and training AI models.

CoreWeave was suddenly competing with some of the world's largest technology companies, including Amazon , which has offered GPUs through the cloud for a decade.

""We quickly started getting inundated with introductions to businesses dependent upon GPU acceleration with a common pain point: legacy cloud providers make it extremely difficult to scale because they offer a limited variety of compute options at monopolistic prices,"" Intrator wrote on the blog. CoreWeave claimed on its website that it charged 80% less than traditional cloud providers.

Andrew Bly was CEO of visual effects studio Molecule VFX at the time. The New York company paid CoreWeave to run computing clusters and workstations after initially using Amazon Web Services. The result was faster rendering, he said, but some employees were having issues on the West Coast, where CoreWeave didn't have data centers.

""The leadership at CoreWeave was like, 'Give us less than a month,'"" Bly said, assuming that timeframe was impossible. But CoreWeave set up infrastructure in Nevada in under one month that made the cloud-based software easy for the West Coast employees to use, he said.

CoreWeave was still generating revenue from ethereum mining, but only when the GPUs weren't being used for other purposes, Venturo said on the podcast. The idea was to achieve 100% utilization of the GPUs, in order to make the most of the infrastructure. The unit eventually shut down in September 2022.

Two months later, an earthquake shook the computing world when OpenAI launched ChatGPT.

Consumers were enamored with the chatbot. It grew to 100 million users in under three months, putting a strain on Microsoft, whose Azure cloud was responsible for providing computing resources to OpenAI. That's when Microsoft agreed to start renting GPUs through CoreWeave, ultimately signing a deal worth potentially billions of dollars.

It was a coup for a company that was, to that point, reliant on testimonials from small startups.

""That's the moment where CoreWeave came into the collective consciousness,"" said Michael Kellner, a communications executive who represented the startup at public relations agency Treble .

Around that same time, Nvidia became a customer and invested in CoreWeave. The two companies enjoy a symbiotic relationship, Intrator said.

""They depend upon us to be able to build and deliver the most performant configuration of their infrastructure in the world,"" he said. ""They depend upon us to build it faster than anyone else. They depend upon us to find the issues within the software, within the hardware, so that we can troubleshoot it, so that it can be deployed globally.""

But CoreWeave really depends on Nvidia. In the risk factors section of its prospectus, CoreWeave said ""all of the GPUs used in our infrastructure today"" are from Nvidia.

Intrator said he stays in touch with Nvidia CEO Jensen Huang.

""I'm not bashful about reaching out to him,"" Intrator said. ""He's not bashful about reaching out to me. We're working on different pieces of similar problems, and so there's a free flow of information in order to optimize outcomes.""

One challenge for public market investors is in figuring out how they should value CoreWeave . It's not a pure technology play with a popular gadget or application. Rather, it's cobbling together another vendor's technology, so that other companies can run their software on it.

It's an expensive model that's required substantial financing. In 2023, CoreWeave raised $2.3 billion in debt led by private equity firm Blackstone and hedge fund Magnetar, now the company's biggest equity investor. It was an unconventional arrangement.

CoreWeave posted the underlying Nvidia GPUs as collateral. In its prospectus, CoreWeave says it pioneered new and ""innovative"" methods of financing. But t came at a high price, with an actual interest rate above 14%.

CoreWeave obtained over $7 billion in additional debt last year from Blackstone, Magnetar and others, borrowing at a rate of about 11%.

""As we have scaled, we have managed to drive lower cost of capital across our financings,"" the company said in its prospectus.

For CoreWeave, it's the cost of playing in a market that's lifted Nvidia to a multitrillion-dollar market cap and, according to many experts, is still in its early days. Analysts at DA Davidson predict that CoreWeave accounts for 6% to 7% of Nvidia's revenue, and the company earlier this month signed a five-year deal with OpenAI valued at nearly $12 billion .

""CoreWeave has helped us build really large-scale computing clusters that led to the creation of some of the models that we're best known for, and helped us deliver these systems to customers at the scale that they need,"" Sam Altman, OpenAI's CEO, said in a recording that CoreWeave included in its IPO roadshow.

With the OpenAI deal, Microsoft will represent less than half of expected future committed contract revenue, CoreWeave said, down from 62% of total sales last year.

Baldassano, who now works in commodities trading, saw the headlines about CoreWeave's debt and other concerns while on vacation in Boston this week.

Still, when asked if he plans to buy stock in the company, he didn't hesitate.

""Of course I am,"" he said.

WATCH: Magnetar Capital's David Snyderman breaks down CoreWeave investment and IPO"
2025-03-22,"Cramer week ahead : Earnings from GameStop , McCormick and Dollar Tree",cnbc.com,https://www.cnbc.com/2025/03/21/cramers-week-ahead-earnings-from-gamestop-mccormick-and-dollar-tree.html,Federal Reserve Monetary Policy,Federal Reserve; rate cut; rate hike; Powell; interest rates,Monetary Policy,"CNBC's Jim Cramer on Friday listed next week's top market-moving events, including earnings reports from GameStop , McCormick and Dollar Tree . He underscored that angst on Wall Street will continue as tariff policy remains uncertain.

""There's a lot going on next week, but until we get some resolution on the trade front, you need to expect more uncertainty and more volatility like we saw today,"" Cramer said. ""There's just too much negativity and, for the moment, it seems impossible to fight it.""

KB Home reports on Monday, and Cramer pointed out the homebuilder faces challenges with inflation and mortgage rates. But he said he doesn't see a bottom in the stock just yet, and it's ""time to bide your time, wait for a better moment.""

McCormick is set to report on Tuesday. If investors are betting on a recession, this could be a good stock to own, Cramer said. He suggested that a slower economy could mean consumers will cook at home more instead of dining out, which is good news for the spice giant. Tuesday will also bring earnings results from GameStop, and Cramer stressed that you ""can't game"" the stock, as it tends to rise around earnings but then start to lag. Investors will be also looking for clarity on rumors that GameStop plans to invest in bitcoin .

Dollar Tree will report on Wednesday, and Cramer said he's not expecting great results because the company isn't providing the value consumers want. Uniform maker Cintas , payroll company Paychex and online pet retailer Chewy will also report on Wednesday. Concerned about small business formation, Cramer said he's worried about Cintas as the group comprises much of the company's customer base. But Cramer said he thinks Paychex will do well and was optimistic about Chewy.

Thursday will bring earnings results from Lululemon , and Cramer noted that the stock has been ""a battleground"" as short sellers bet on lower sales because of its high price point. But he said he likes the company, and he thinks it can be bought on weakness. Dutch Bros can also be bought on weakness, Cramer continued, saying the stock is expensive and still has room to grow. The coffee chain's investor day is Thursday. On the data front, pending home sales will come out on Thursday, and Cramer said he hopes the figures will provide clarity on whether there is actually a slowdown in the housing market.

The personal consumption expenditures report will be released Friday, and Cramer noted the report is an important metric for the Federal Reserve . The Michigan Consumer Sentiment Index is also set to be released on Friday. Cramer said the data could clarify whether geopolitical worries are weighing on consumers.

Click here to read Jim Cramer's Guide to Investing at no cost to help you build long-term wealth and invest smarter

Questions for Cramer? Call Cramer: 1-800-743-CNBC

Want to take a deep dive into Cramer's world? Hit him up! Mad Money Twitter - Jim Cramer Twitter - Facebook - Instagram

Questions, comments, suggestions for the ""Mad Money"" website? madcap@cnbc.com"
2025-03-21,China bond yields are rising but deflation is expected to pull them lower,cnbc.com,https://www.cnbc.com/2025/03/21/chinas-bond-yields-are-rising-but-deflation-is-expected-to-pull-them-lower.html,Federal Reserve Monetary Policy,Federal Reserve; rate cut; rate hike; Powell; interest rates,Monetary Policy,"The recent rebound in China's government bond yields is not a sign of reflation, economists say, as persisting deflationary pressure is expected to keep borrowing costs low.

An intensified sell-off in China's government bonds has sent yields rising in recent weeks , as the People's Bank of China drained liquidity from the money market to stabilize its currency and the sudden rise of DeepSeek prompted funds to rotate into stocks.

The benchmark 10-year yield has gained over 30 basis points from its historic lows in January to hit the psychological level of 2% this week, levels not seen since December.

""The market's optimism is ahead of the reality,"" said Edmund Goh, head of China fixed income at Abrdn, cautioning that there is ""no clear signal that the economy is out of the woods yet.""

Consumer sentiment is near record lows and credit demand from households and corporates is still anemic.

New household loans were just 54.7 billion yuan ($7.5 billion) in January-February period, according to data released by PBOC . That marked the lowest level over the same period in the last two decades, according to Larry Hu, chief China economist at Macquarie, citing fading housing market recovery.

Borrowing costs in the broader economy — which typically move in tandem with government bond yields — will likely be ""lower for longer,"" said Jason Pang, Asia fixed income portfolio manager at JP Morgan asset management.

While expecting monetary policy to remain ""accommodative,"" the asset manager is ""overweight"" China's 10-year government bonds as a ""tariff hedge,"" expecting yields to trade between 1.65% and 2.0%.

Chinese commercial banks have sought to attract customers with record-low interest loans, heeding to Beijing's call to spur lending. People have chosen to sock away money as prospects of income growth remain shaky and a prolonged housing market downturn eroded households' wealth.

Household savings more than doubled from 2018 to about 151 trillion yuan last year even as banks repeatedly cut deposit rates. In the first two months this year, household deposits increased by 6.13 trillion yuan.

National Financial Regulatory Administration last week urged banks to expand issuance of personal consumption loans and set ""reasonable"" credit limits and interest rates.

Several regional banks across the country have doled out cheap consumption loans with rates as low as 2.58% — a dramatic drop from loan rates above 4.36% in May 2022, according to data from Rong360 Digital Technology Institute .

Loan rates will likely fall further as credit demand remains subdued, said Becky Liu, head of China macro strategy at Standard Chartered Bank, ""deflationary pressure is still deepening.""

Liu expects the 10-year government note to yield just 1.4% by the end of this year, as the central bank presses ahead with further monetary easing to bolster growth.

Beijing has made boosting domestic consumption a top policy priority this year as China prepares for a renewed trade war with the U.S. on the back of President Donald Trump's return to the White House.

The new tariffs Trump imposed on Chinese goods have already weighed on the country's export growth .

China's consumer price inflation in February fell into negative territory for the first time in over a year, while producer price deflation has persisted for over two years.

In the first two months of the year, core inflation, which excludes volatile items such as food and energy, is estimated to have risen by just 0.3%, Macquarie's Hu said, predicting that this would mark the longest deflationary streak since 1993.

To be sure, ""low interest rates alone are unlikely to be enough to spark a revival in consumer lending,"" said Frederic Neumann, chief Asia economist at HSBC Bank, stressing that achieving such a goal requires ""an upturn in confidence"" which may only occur gradually.

The majority of Chinese households' wealth is in property, yet the crisis-hit sector is still struggling to find a floor. New home prices fell 4.8% in February from a year ago, while investment into the real estate development slumped 9.8% on year in the first two months.

A rally in U.S. government debt this year, driven by concerns over the impact tariffs will have on the slowing economy, has sent yields lower. That in turn has narrowed the gap between U.S. bond yields and those on corresponding Chinese debt.

A key source of the weakness in the yuan was the capital outflows to the U.S. where bond yields were higher. Recent market moves that have seen U.S. bond yields decline just as Chinese bond yields rise have therefore eased the downward pressure on the yuan.

Notably, the yield gap between China's 10-year government bond and U.S. 10-year Treasury note, while narrowing to a three-month low, was still substantial at 230 basis points as of Friday, according to LSEG data.

""The risk for a strong RMB is in the near term,"" said Ju Wang, head of Greater China FX & rates strategy at BNP Paribas, citing the U.S. Federal Reserve's plan to further scaling back the bonds it holds on its balance sheet and the rising yield in China's long-end bonds.

""This could partially ease friction in trade [as] the market will come to realize that China has not only refrained from devaluing the RMB despite 20% tariff, but also allowed some modest appreciation of the yuan,"" Wang said.

Chinese offshore yuan has regained some ground against the U.S. dollar in recent weeks, after hitting a 16-month low in January. It was last seen trading at 7.2478 against the greenback. Still, it has weakened over 2% since U.S. President Donald Trump's election win in November.

The PBOC has kept its benchmark 7-day reverse repo rate unchanged since September , standing at 1.5%, defying expectations that the central bank would lower rates to stimulate the economy. Officials have repeatedly hinted at its plan of further rate easing this year but have not yet followed through.

The Federal Reserve in a closely watched decision Wednesday kept benchmark interest rates steady while indicating reductions are likely later in the year.

""If [China's] economy continues to slow, or the Fed blinks, the expectation for a rate cut will resurface and the bond yields could fall again,"" Macquarie's Hu said."
2026-03-27,Private credit cracks spark a new tug of war with Wall Street banks,cnbc.com,https://www.cnbc.com/2026/03/27/wall-street-banks-private-credit-market-share-leveraged-loans.html,Federal Reserve Monetary Policy,Federal Reserve; rate cut; rate hike; Powell; interest rates,Monetary Policy,"Wall Street banks may finally be getting a long-awaited opening to claw back market share from private credit lenders.

After a decade in which private credit lenders grew rapidly and took over a large share of financing for leveraged buyouts, signs of strain in that sector, along with easing bank rules, may now be shifting the balance.

""This is an opportune time for banks to regain market share from private credit funds,"" Moody's chief economist Mark Zandi told CNBC in an email.

""Interest rates have declined and banking regulation has eased. Private credit lenders are also struggling with the fallout from their previously aggressive lending,"" he highlighted.

Private credit's rapid ascent was fueled in part by banks' retreat. Following the Federal Reserve's aggressive rate hikes and the 2023 banking crisis, lenders tightened underwriting and pulled back from riskier deals. Borrowers, particularly private equity firms, increasingly turned to direct lenders offering faster execution and looser terms.

At its peak, the shift was dramatic. According to PitchBook data, banks' share of buyout financings above $1 billion fell to just 39% in 2023, down from about 80% in the five years prior. That share has since recovered to just over 50% in 2025.

And the tide may be turning further.

Private credit is facing mounting challenges. Years of aggressive lending are starting to backfire, as higher interest rates make it harder for heavily indebted borrowers to repay loans and increase default risks. Investor demand for liquidity is also rising, with some clients seeking to pull money after years of locking up capital.

Moody's Zandi expects the sector to ""experience more credit problems in the coming months,"" citing fallout from geopolitical tensions, higher borrowing costs and structural pressures in industries such as software. Consumer and healthcare borrowers may also come under strain.

Over the medium term, regulatory changes could also further tilt the playing field.

""Our anticipation of deregulation from the Trump administration includes a likely weakening of the Basel III Endgame implementation, with the U.S. Treasury explicitly aims to redirect business lending back into the banking sector,"" Shannon Saccocia, chief investment officer at Neuberger Berman, told CNBC via email.

The Basel III ""Endgame"" framework is a regulatory overhaul finalized in 2017 in the wake of the 2008 global financial crisis. It was designed to standardize how large banks calculate risk and to establish a capital floor that requires lenders to hold more reserves against loans, particularly higher-risk corporate and leveraged lending.

That has made bank lending less competitive versus private credit funds in recent years, said market veterans.

A weakening or reversal in the Basel III Endgame will raise competition for private credit lenders, Saccocia added, a stance echoed by other market veterans.

""Banks should quickly fill any void left by more cautious private credit lending, said Zandi, pointing to a more favorable regulatory backdrop and improving funding conditions for traditional lenders.

Recent Federal Reserve proposals to adjust the regulatory capital framework could ""position banks to be more competitive on the lending front in hopes of regaining at least some share of their original commercial banking foothold,"" noted Lukatsky.

Recent deals, such as the multi-billion-dollar leveraged loan financings for Electronic Arts and Sealed Air, signal a strong appetite among banks to execute ""jumbo"" transactions when market conditions allow.

However, private credit's grip is far from broken just yet. Direct lenders continue to compete aggressively, offering unitranche loans that bundle different types of debt into one package at a single interest rate.

Blackstone and Ares, for example, were among 33 lenders that reportedly provided about $5 billion in financing to back investment firm Thoma Bravo's acquisition of logistics company WWEX Group, underscoring how private credit firms can still fund large buyout deals even as banks begin to re-enter the market.

Pitchbook's global head of credit and U.S. private equity Marina Lukatsky noted that the expected rebound in buyouts and dealmaking has yet to materialize this year, as uncertainty around trade policy, interest rates and geopolitics has slowed activity. With fewer deals taking place, demand for financing has declined across both banks and private credit.

For banks to make a meaningful comeback, borrowing costs in syndicated loans, which are large loans arranged by banks and funded by a group of lenders, need to become more competitive, she added. Additionally, large buyout activity needs to pick up, and the broader economic outlook needs to improve.

Crucially, private credit retains structural advantages that are difficult for banks to replicate, including speed, certainty of execution and flexible conditions, which some borrowers may continue to value in volatile markets, noted some experts.

That said, a comeback is on the cards.

""The tug of war is just starting,"" said Jeffrey Hooke, senior lecturer in finance at Johns Hopkins Carey Business School

""The rules have been relaxed, so it's only natural that banks want to get back some of their market share in private credit."""
2026-03-25,UK inflation unchanged at 3 % in February in last print before the Iran war,cnbc.com,https://www.cnbc.com/2026/03/25/uk-inflation-february-2026-iran-war-energy-prices-cpi.html,Federal Reserve Monetary Policy,Federal Reserve; rate cut; rate hike; Powell; interest rates,Monetary Policy,"The U.K. inflation rate stood firm at 3% in February, according to the latest figures from the Office for National Statistics (ONS) which marked the last reading before the start of the Iran war.

Economists polled by Reuters had expected the consumer price index to remain unchanged from the previous month.

Core inflation, which excludes energy, food, alcohol, and tobacco, stood at 3.2% in February, up from 3.1% in January .

""After last month's slowdown, annual inflation was unchanged. The largest upwards driver was the price of clothing, which rose this month but fell a year ago,"" Grant Fitzner, the chief economist at ONS, commented on X.

""This was offset by falls in petrol costs, with prices collected before the start of the conflict in the Middle East and subsequent rise in crude oil prices,"" he added.

The inflation print covers the final monthly period data before the U.S. and Israel launched airstrikes on Iran in late February, prompting retaliatory strikes by the Iranian Republic. The British pound was down 0.17% against the dollar at $1.3385 following the data release.

An ongoing and almost total block on the Strait of Hormuz, a vital maritime passage for oil and gas out of the Middle East, has sent global energy prices soaring. The U.K. is particularly exposed to rising energy prices due to its reliance on oil and gas imports, and lack of gas storage facilities.

While economists expect the inflation rate to fall back somewhat in April due to a reduction in household energy bills linked to government cuts to ""green levies,"" consumer prices are broadly expected to rise significantly thereafter if the war continues.

""Brace for impact,"" Deutsche Bank's Chief UK Economist Sanjay Raja warned on Wednesday, stating that ""inflation is poised for another unwelcome detour"" from here on in, while ICAEW Chief Economist Suren Thiru noted that a ""brutal inflation surge"" is coming.

""February's unchanged inflation is a false flag for the economy as these figures pre-date the eyewatering energy shock induced by the Middle East conflict and the subsequent financial pain facing consumers and businesses,"" he said in emailed comments.

""While inflation should fall next month as the cut to green levies temporarily lowers energy bills, a brutal inflation surge looms with skyrocketing oil and gas costs likely to lift the headline rate above 4% by the summer,"" he added.

While the war has rewritten inflation expectations in the U.K., the country was already experiencing a stubbornly high inflation rate compared to its neighbors on the continent.

Nonetheless, the rate of price rises was expected to slow this year towards the Bank of England's 2% target, giving the central bank space to cut interest rates.

The war has put paid to expected cuts for now, however, with economists saying the BOE is likely to keep interest rates on hold at 3.75%, or could even hike again amid the revised inflationary outlook.

Zara Nokes, global market analyst at J.P. Morgan Asset Management, said U.K. inflation data ""is in effect old news, with attention now firmly on what is coming down the tracks as a result of the conflict in the Middle East.""

""Nonetheless, the upside surprise in core inflation today will be of concern for the Bank given it shows we are still contending with sticky price pressures even before accounting for the recent spike in energy prices,"" she added in emailed comments.

But Nokes said that while the energy shock will put upward pressure on inflation over the next couple of quarters, ""we are very unlikely to see an inflation spike in the same magnitude as 2022"" following Russia's invasion of Ukraine.

""We are in a very different world; the labour market is in a much weaker position, and this therefore makes it far less likely that workers – concerned about rising costs – feel able to push for higher wages and thus entrench price pressures more broadly,"" she said, advocating for the BOE to hold, rather than hike, rates.

Last week, the Bank of England's Monetary Policy Committee voted ""unanimously"" keep its benchmark interest rate on hold, stating that ""conflict in the Middle East has caused a significant increase in global energy and other commodity prices, which will affect households' fuel and utility prices and have indirect effects via businesses' costs.""

""Prior to this, there had been continued disinflation in domestic prices and wages. CPI inflation will be higher in the near term as a result of the new shock to the economy,"" the BOE warned.

The BOE said its policymakers are ""alert to the increased risk of domestic inflationary pressures through second-round effects in wage and price-setting, the risk of which will be greater the longer higher energy prices persist.""

ING Economist James Smith said ""we don't think it is at all clear the bar for rate hikes has been met, at current levels of oil and gas prices.""

""Admittedly nobody knows exactly where the threshold for hikes truly lies; last week's meeting didn't give much away. But last summer, Bank research suggested that second-round effects tend to become more pronounced when headline inflation exceeds 3.5 - 4%. This is a helpful line in the sand,"" he added in emailed analysis.

At current energy prices, U.K. inflation would likely peak briefly at 4% in the fall, according to ING. Alternatively, under ING's energy base case, where disruption starts to ease through the second quarter and energy prices begin to gradually fall back, a peak of 3.5% could be hit in September."
2026-03-25,Gold price amid Donald Trump Middle East peace hopes,cnbc.com,https://www.cnbc.com/2026/03/25/gold-prices-oil-us-iran-talks-goldman-forecast-trimp-middle-east-inflation.html,Federal Reserve Monetary Policy,Federal Reserve; rate cut; rate hike; Powell; interest rates,Monetary Policy,"Gold prices climbed on Wednesday as declining oil prices helped temper worries about persistent inflation, following reports that Washington is working on a proposal to end the Middle East conflict.

Spot gold prices added nearly 2% an ounce to $4,558.81. Gold futures for April delivery rose more than 3% to $4,552.30 per ounce.

U.S. President Donald Trump said Tuesday the U.S. and Iran are ""in negotiations right now"" and suggested Tehran is eager to make a peace deal, even as the Islamic Republic has denied it is in direct talks with Washington.

Speaking in the Oval Office, Trump said he decided to back off from his recent threat to order strikes on Iranian energy infrastructure ""based on the fact we're negotiating.""

""They're talking to us, and they're talking sense,"" Trump said when asked to further explain his pivot.

However, the top spokesperson for Iran's military denied talks were taking place, Reuters reported .

""As we have always said... no one like us will make a deal with you. Not now. Not ever,"" Ebrahim Zolfaqari said on state-run television, according to the news agency.

Overnight, Tehran confirmed it would permit passage through the Strait of Hormuz for ""non-hostile"" vessels.

""Non‑hostile vessels belonging to or associated with other countries, provided they do not participate or cooperate in the aggressive operations against Iran and comply with the declared safety and security rules and measures, may benefit from safe passage through the Strait of Hormuz in coordination with the competent Iranian authorities,"" the government said in a statement on X.

The blockade of the waterway, a critical route for oil shipping, has led to surging energy prices for almost four weeks since the war began.

Oil prices fell on Wednesday morning. International benchmark Brent crude futures fell around 5% to $99.13 per barrel, while U.S. West Texas Intermediate futures were down roughly 4% at $88.42 per barrel.

The dollar index, which measures the strength of the greenback against a basket of currencies, was down 0.17% early Asia hours.

Gold prices, however, remain about 17% below their late-January peak.

Goldman Sachs said the recent pullback in gold prices was largely in line with historical patterns, citing higher interest rate expectations and market volatility as key drivers behind the decline.

""We don't think that the decline … is surprising in light of our existing pricing framework,"" said the bank's co-head of global commodities research Daan Struyven on Wednesday. He noted that rising rate expectations have weighed on investor demand, particularly through gold-backed ETFs, which are ""very rate sensitive.""

Episodes of extreme market stress can also pressure bullion, Struyven told the media in a briefing call, as investors facing margin calls tend to sell gold alongside other assets.

He also suggested that gold's latest rally has overshot fundamentals, with part of the correction reflecting ""a bit of normalization.""

Still, Goldman has maintained a structurally bullish outlook, forecasting gold to reach $5,400 by year-end, underpinned by continued central bank buying as countries seek to diversify into assets with ""lower geopolitical and financial risks."""
2026-03-24,Gold sinks deeper into bear market territory as sell - off extends,cnbc.com,https://www.cnbc.com/2026/03/24/gold-sinks-deeper-into-bear-market-territory-as-sell-off-extends.html,Federal Reserve Monetary Policy,Federal Reserve; rate cut; rate hike; Powell; interest rates,Monetary Policy,"Gold rebounded from earlier losses on Tuesday, but stayed firmly in bear market territory as a stronger U.S. dollar and elevated Treasury yields continue to dull the yellow metal's allure.

Spot gold prices were last down 0.1% at $4,400 per ounce, well off their session lows. Gold futures for April delivery were last seen 0.3% lower at $4,395.70 per ounce.

The dollar index, which measures the strength of the greenback against a basket of currencies, was up 0.5% on Tuesday. A stronger dollar reduces greenback-priced bullion's appeal by making it more expensive for holders of other currencies.

Spot gold has now lost 21% since it hit a record high of $5,594.82 per ounce at the end of January, with the precious metal losing almost 10% last week in its worst showing since September 2011. The dollar index, meanwhile, has strengthened around 3% since the start of the war.

Market watchers attributed the decline to a mix of macro and positioning-driven factors.

""Although gold initially gained due to safe haven demand at the start of the [Iran] conflict, prices have recently pulled back,"" said Rajat Bhattacharya, senior investment strategist at Standard Chartered.

""We see this pattern often repeated during periods of heightened market stress as investors raise cash to pay margin calls or simply book profits where they can,"" he told CNBC via email, adding that the dollar's recent strength has also weighed on gold demand.

Market participants have also been reassessing expectations for U.S. monetary policy, with persistent inflation reducing the likelihood of aggressive Federal Reserve rate cuts, keeping Treasury yields higher.

Higher yields dent the appeal of non-interest-bearing bullion. The yield on 10-year Treasuries was about 5 basis point higher at 4.384% on Tuesday.

Some analysts noted the sell-off was a natural correction after an extended rally fueled by geopolitical uncertainty and structural demand. Gold rose over 64% last year.

""Gold's recent rally to record highs was driven less by inflation than by a broader loss of confidence: fiscal deficits, geopolitical fragmentation, and central banks quietly diversifying away from dollar reserves,"" said Zavier Wong, market analyst at eToro.

""After a run like that, some position unwinding was inevitable. Gold has been one of the better-performing assets over the past year, and when markets get choppy, leveraged funds and institutional investors tend to reduce exposure.""

As investors get bearish on gold, industry watchers broadly maintain a constructive long-term view, arguing that structural drivers such as geopolitical risks, fiscal concerns and ongoing central bank demand continue to underpin its longer-term bull case ."
2026-05-07,How To Get Out of an Upside - Down Car Loan,cnbc.com,https://www.cnbc.com/select/how-to-get-out-of-an-upside-down-car-loan/,Federal Reserve Monetary Policy,Federal Reserve; rate cut; rate hike; Powell; interest rates,Monetary Policy,"As car prices and interest rates climb, a growing share of Americans owe more on their car than it's actually worth — a situation referred to as an ""upside-down"" or ""underwater"" car loan . In the final quarter of 2025, roughly 30% of trade-ins came with negative equity, according to car shopping site Edmunds . The average amount owed hit an all-time high of $7,214. Having a trade-in with negative equity means you'll have to pay your balance out of pocket or roll it into a new loan. Not only will you start out underwater on day one, but you'll face higher payments and more interest over time. ""The biggest risk is you never get out of it, and it just keeps [compounding],"" said Jessica Caldwell, director of insight at Edmunds. ""You could be buying a $30,000 vehicle, but because you're rolling over debt from your previous loan, you're now paying $37,000."" Some buyers keep repeating the process, Caldwell told CNBC Select. ""Then, one day, you find yourself paying $50,000 for a Toyota Camry.""

Unlike homes, cars don't generally gain value as they get older. A new car loses up to 20% of its value in just its first year, ""especially luxury vehicles, electric vehicles or anything with more technology, features and creature comforts,"" Caldwell said.

Your loan is considered upside down when you owe more on your vehicle than its current market value. It's most common early on, when the car is losing value faster and your payments are going mainly toward interest, not principal.

Having sizable negative equity makes it harder to get approved for another loan: If you owe $20,000 on a car worth $14,000 and trade it in for one that costs $10,000, the dealer would have to roll over the $6,000 balance. That means lending you $16,000 for an asset worth $10,000.

According to a 2024 report from the Consumer Financial Protection Bureau , consumers who rolled over negative equity into new financing were 1.5 times as likely to have their car repossessed within two years.

""Negative equity is risky for banks,"" Caldwell said. ""You can't simply trade in your vehicle for something cheap, as many people suggest, because banks won't approve those loans.""

Trade-ins are usually only approved if the old balance is low enough that the new loan still looks justifiable.

Negative equity is primarily an issue if you're trying to sell or trade in your car. But it can also be a problem if the vehicle is totaled or stolen — your insurance company will typically reimburse you only for its depreciated value, not the cost to replace it.

That's why drivers who finance their vehicle are usually required to carry gap insurance , which can cover the difference. (Even if the car is gone, you still need to make payments.)

Offers in this section are from affiliate partners and selected based on a combination of engagement, product relevance, compensation, and consistent availability.

Geico auto coverage is available in all 50 states and Washington, D.C., with 16 discounts and add-ons like roadside assistance, rental car reimbursement and mechanical breakdown insurance.

Geico auto coverage is available in all 50 states and Washington, D.C., with 16 discounts and add-ons like roadside assistance, rental car reimbursement and mechanical breakdown insurance.

Progressive offers an array of riders, including rideshare insurance and a Deductible Savings Bank that deducts $50 each policy period you go without a claim. It also offers mechanical breakdown insurance, which covers unexpected major system failures.

Progressive offers an array of riders, including rideshare insurance and a Deductible Savings Bank that deducts $50 each policy period you go without a claim. It also offers mechanical breakdown insurance, which covers unexpected major system failures.

According to the Edmunds report, the average monthly car payment for buyers who rolled negative equity into a new auto loan reached a record $916, compared to an overall average of about $806 . ""That's a fairly significant amount of someone's budget allocated just to transportation,"" Caldwell said. ""And that doesn't include gas or insurance, which can be quite expensive as well.""

Here's how to check if you have negative equity in your vehicle.

You can get a real-time estimate of your car's worth by using an online appraisal tool from sites like Kelley Blue Book , Edmunds , Carfax or Carvana . For a more specific figure, make sure you have your mileage and Vehicle Identification Number (VIN), located on the driver's side of the dashboard.

Log in to your account or reach out to your lender for your loan payoff amount, which reflects the total balance you owe when your term is scheduled to end. It will include any remaining principal, plus accrued interest since your latest payment and any applicable fees.

To find how much equity you have in your vehicle, subtract the loan payoff amount from the current market value. If the number is negative, you're upside down. For example, if your car is worth $10,000 but your loan payoff amount is $18,000, you have an upside-down loan with $8,000 in negative equity. The value of your car can change dramatically, so review your standing every few months. That's especially important if you're thinking about selling or trading in or are concerned about insurance coverage.

Offers in this section are from affiliate partners and selected based on a combination of engagement, product relevance, compensation, and consistent availability.

Freedom Debt Relief has resolved over $20 billion in outstanding debts since 2002. It offers free credit card debt relief consultations.

Freedom Debt Relief has resolved over $20 billion in outstanding debts since 2002. It offers free credit card debt relief consultations.

There isn't a quick fix if you're already underwater, according to Caldwell, but there are strategies that can help minimize the impact. Hold onto your car. ""The average age of a trade-in vehicle for people with negative equity was 3.5 years,"" Caldwell said. ""Could you keep a vehicle longer than that? Yes, absolutely, especially with the quality of vehicles today. There's no reason to trade in a vehicle after three-and-a-half years."" Your car will always lose value, but the rate of depreciation will eventually slow, according to the credit bureau Experian , especially after about five years. Make extra payments. Whether you make one lump sum payment or increase how much you send each month, anything you can do to lower your loan balance will help. Just make sure the additional funds go to your principal, and not the interest.

Refinance your car loan. If your credit score or income has improved since you took out your loan, refinancing could get you a lower interest rate or a shorter repayment term. Capital One Auto Finance lets borrowers prequalify online without a hard credit check and approval decisions can be made in under 24 hours.

Sell the car. Selling your car won't make your loan balance disappear, but you can use the money to pay it off. Selling cars privately usually garners more money than a trade-in. Contact your lender to see how much you need to pay to fully satisfy your loan, then look up your car's value on Kelley Blue Book or Edmunds.

According to Edmunds , the spike in negative equity is concentrated among borrowers with higher-dollar debt: More than a quarter (27%) of underwater trade-ins carried balances of $10,000 or more. Of those, a record 9.2% owed more than $15,000.

Carrying negative equity can make it harder to trade in or sell your vehicle and, if it's stolen or totaled, cost you thousands. Here's how to steer clear of the problem when you're shopping for a car. Don't roll over negative equity. Adding your existing loan to new financing puts you underwater on day one. Pay off your old balance before financing another car. Make a larger down payment. With a smaller loan, ""the risk is somewhat mitigated,"" Caldwell said. A 20% down payment can offset the immediate depreciation that occurs in that first year. Select a shorter loan term. It might stretch your budget, but a 36 to 48-month term will mean a larger monthly payment, which will speed up how fast you pay off the principal. Buy a used car . Buying a car that's at least a few years old lets someone else absorb that early depreciation. However, Caldwell cautions, a loan for a used car usually comes with a higher interest rate, ""so, look at the all-in cost.""

Pay up front. Dealerships often try to roll taxes, registration fees, extended warranties and other costs into your loan, all of which will cost you more in the long run. Pay for as much as you can upfront.

Research the car's resale value. All cars depreciate as they get older, but some brands, like Toyotas and Hondas, are known for retaining value longer.

An upside-down (or underwater) car loan is one in which the total balance due exceeds the vehicle's current market value.

There's no foolproof way to avoid negative equity, but a larger down payment (at least 20%) will lower your loan amount and make it less likely you'll end up underwater, as can a shorter loan term (48 months or less). Steer clear of long loan terms (72-84 months) or rolling taxes and fees into your loan.

Most providers require borrowers to obtain gap insurance within 30 days of initial financing. If the vehicle is stolen or totaled, the policy will pay the difference between its market value and what your insurance company is willing to reimburse you.

At CNBC Select, our mission is to provide our readers with high-quality service journalism and comprehensive consumer advice to help them make informed financial decisions. Every auto loan article is based on rigorous reporting by our team of expert writers and editors . While CNBC Select earns a commission from affiliate partners on many offers and links, we create all our content without input from our commercial team or any outside third parties, and we pride ourselves on our journalistic standards and ethics."
2026-05-04,5 things to know before the market opens Monday,cnbc.com,https://www.cnbc.com/2026/05/04/5-things-to-know-before-the-market-opens.html,Federal Reserve Monetary Policy,Federal Reserve; rate cut; rate hike; Powell; interest rates,Monetary Policy,"Happy Monday. Congratulations to Golden Tempo on winning the Kentucky Derby. However, as a financial journalist, I felt inclined to root for Emerging Market.

Stock futures are falling this morning. The market is coming off a winning week.

Here are five key things investors need to know to start the trading day:

Berkshire Hathaway on Saturday held its first annual meeting since Warren Buffett left the chief executive role at the start of the year. CEO Greg Abel discussed company performance and answered questions from attendees, at times flanked by other leaders from the trillion-dollar conglomerate.

Spirit Airlines ceased operations early Saturday after the budget airline failed to get its bond investors behind a $500 million government bailout deal. As CNBC's Leslie Josephs writes, it marks the end of an era in discount travel.

The Florida-based airline, known for its yellow planes and no-frills service, was plagued by soaring costs and a failed merger. Spirit said 17,000 direct and indirect employees lost their jobs.

The air carrier said it would automatically refund tickets purchased directly with a credit or debit card. Other airlines said they would cap fairs in a bid to help stranded travelers. If you had a ticket to fly on Spirit, here's what you should know.

President Donald Trump said yesterday that the U.S. will try to ""free"" ships that have been stuck in the Strait of Hormuz since the Iran war began. Trump did not elaborate how the effort, which he said would begin this morning, would be run or how military forces would be involved.

Oil prices are higher this morning after Iranian state media reported that missiles hit a U.S. vessel near the Strait of Hormuz. U.S. Central Command denied those reports, saying in a post on X that ""no U.S. Navy ships have been struck."" But the jump in oil prices put pressure on stocks: Futures tied to the Dow Jones Industrial Average are more than 200 points, or 0.40%, lower before the bell.

CNBC's Morning Squawk recaps the biggest stories investors should know before the stock market opens, every weekday morning.

Meta is returning to court in New Mexico today in a child safety case that could decide whether the Facebook parent is a public nuisance. The state's attorney general is seeking ""approximately $3.7 billion in abatement costs as well as injunctive relief,"" Meta said in a filing last week.

The Big Tech company in March lost the first round of the trial, which focused on claims that the company did not adequately protect children from sexual predators on its apps. The jury ruled that Meta willfully violated New Mexico's unfair practices act and owed $375 million. Now, the second phase of the trial will determine whether the company's actions amounted to a public nuisance and could necessitate product changes.

Meanwhile, proceedings in the California trial between Tesla CEO Elon Musk and OpenAI CEO Sam Altman are set to resume this week. As CNBC's Ashley Capoot writes, Musk's testimony was the main event from the case's first week in court.

Kevin Warsh, Trump's nominee to lead the Federal Reserve, seems to have his own take on the independence of the central bank. As CNBC's Steve Liesman and Matt Peterson report, many former Fed officials aren't on board with it yet.

Six former central bank leaders told CNBC that Warsh's comments during his Senate confirmation hearing last week were unclear and confusing at best, and worrisome at worst. Yet the officials said they were not ready to come to conclusions about Warsh's potential leadership. Warsh declined CNBC's request for comment.

Here's what we're keeping an eye on this week:

— CNBC's Yun Li, Sarah Min, Alex Crippen, Becky Quick, Leslie Josephs, Azhar Sukri, Garrett Downs, Justina Lee, Jonathan Vanian, Ashley Capoot, Steve Liesman and Matt Peterson contributed to this report."
2026-04-29,"Fed meeting today live updates : Powell , Kevin Warsh in focus",cnbc.com,https://www.cnbc.com/2026/04/29/fed-meeting-today-live-updates-warsh-powell.html,Federal Reserve Monetary Policy,Federal Reserve; rate cut; rate hike; Powell; interest rates,Monetary Policy,"Federal Reserve policymakers made their latest decision on interest rates, opting to keep the benchmark at a range of 3.5% to 3.75%. It's likely the last call under Jerome Powell 's leadership. The decision came with some fireworks among Fed officials, with four dissenting votes — a first since 1992.

At his press conference, Powell said that after his chairmanship concludes on May 15, he will remain on the Fed board, acting as a central bank governor. Powell said that he will stay on the Fed because of the legal actions taken against him.

""I had long planned to be retiring,"" Powell said. ""The things that have happened really in the last three months have, I think, left me no choice but to stay until I see them through at least that long.""

It also was a big day for Powell's anticipated successor. Kevin Warsh 's nomination as Fed chair was advanced from the Senate Banking Committee Wednesday morning. The vote fell along party lines, but it tees up President Donald Trump's pick for a final confirmation vote in the Republican-controlled Senate.

Powell warned that the Fed's independence is ""at risk"" amid a period of ""legal assaults.""

""The institution is being battered over these things,"" Powell said.

""We're having to resort to the courts,"" the Fed chief added. ""We've been successful so far. But that's not over.""

Powell said Fed independence matters not to protect Fed employees. Instead, he said it's to ensure the central bank makes decisions based on analysis rather than political outcomes.

After announcing he'll be staying on the Fed board , Powell called President Donald Trump's criticism of him ""unprecedented"" and the attacks on the central bank ""illegal.""

He doesn't plan on leaving until the investigation into the renovation of the central bank headquarters is truly over with ""transparency and finality.""

""It is so important for our economy, for the people that we serve, that they can depend, over time, on a central bank that operates that way, free of political influence,"" he said.

U.S. Attorney Jeanine Pirro had subpoenaed Powell but a court threw out the effort , which Pirro has vowed to appeal. Pirro in recent days referred the investigation to the Fed's inspector general, removing the criminal element and helping clear a political roadblock that had threatened to stall Warsh's confirmation.

However, Pirro has said she would reopen the matter if there is evidence of criminal wrongdoing. Because of that, Powell said he has ""no choice but to stay.""

When asked if he was confident that Trump's Fed chair nominee Kevin Warsh will stand up to political pressure from the president, Powell said that he believed so.

""So he testified very strongly to that effect in his hearing, and I'll take him at his word,"" Powell said.

The Fed may have held rates steady on Wednesday, but that hasn't stopped some banks from dropping the annual percentage yields on their high-yield savings accounts.

Capital One Financial , Synchrony Financial and Marcus by Goldman Sachs are among those that recently did so, BTIG pointed out in a note Friday. Capital One now pays 3.10%, Synchrony is at 3.40% and Marcus by Goldman has a 3.5% APY. The moves followed a reduction by Ally Financial the week prior.

Analyst Vincent Caintic said he had not been anticipating any savings rate cuts since the Fed's hold was widely expected.

""Following Ally's cut last week, we had thought that perhaps this was a signal of modest asset growth,"" he wrote. ""However, bank earnings so far this 1Q26 season have pointed to still robust spending and lending among US consumers, and therefore no letup in growth expectations.""

Yet there are a few banks that pay 4% for high-yield savings and certificates of deposit. To see the list of the latest APYs, read the full Pro story here .

Fed Chair Powell said while he plans to stay on as a Fed governor after his term as chief of the central bank ends, he will keep a low profile.

""That's just something I would never do, the shadow chair thing,"" he said, in response to a question from a reporter. ""I'm going back to being a governor. I respect the role of chair... I have real sympathy for how hard it is to get that group to consensus. And I always felt like, I don't want to add to that unnecessarily.""

He said he wants to support the chair, if possible, as a constructive participant to help get the committee to consensus.

Chair Powell said he is staying on the Fed because of the legal actions taken against him and will leave when he thinks ""it's appropriate to do so.""

""I had long planned to be retiring,"" he said. ""The things that have happened really in the last three months have, I think, left me no choice but to stay until I see them through at least that long.""

By staying on, Powell for the moment is denying President Donald Trump a majority on the Board of Governors.

Trump's other appointees on the seven-member board include Christopher Waller and Michelle Bowman, along with Stephen Miran, whose term has expired but has continued to serve until a new member is confirmed.

Powell said he congratulated and had a ""nice chat"" with Kevin Warsh, President Donald Trump's nominee for Fed Chair, at a dinner in January.

""This is, and will be, a very normal, standard kind of a transition process,"" Powell said.

Powell said he has not seen Warsh since the dinner.

In his final remarks at the head of the central bank, Federal Reserve Chair Jerome Powell conveyed his regards to Kevin Warsh as he moves forward with his nomination, and expressed his faith in the core tenets of the Fed.

""This is my last press conference as chair, and I will close with a few thoughts,"" he told reporters in the post-meeting presser. ""First, I want to congratulate Kevin Warsh on his advancement out of the Senate Banking Committee this morning. This is an important step forward, and I wish him well as that process continues.""

""The Federal Reserve exists for one fundamental purpose, to foster the economic conditions in which American families and businesses can thrive, stable prices, a strong job market and a financial system they can depend on,"" Powell continued. ""Every decision we make, whether about interest rates or regulatory and supervisory matters or other issues, is made in service of that purpose.""

Powell said he would continue acting as a Fed governor after his chairmanship concludes.

""I've said that I will not leave the board until this investigation is well and truly over with transparency and finality, and I stand by that,"" Powell said. ""I'm encouraged by recent developments, and I'm watching the remaining steps in this process carefully.""

After his chair terms ends in May, Powell said he ""will continue to serve as a governor for a period of time to be determined.""

Powell said that the actions of the Trump administration are undermining the Federal Reserve, as he explained what went into his thinking to stay on as a Fed governor after his term as chair ends.

""These legal actions by the administration are unprecedented in our 113-year history, and there are ongoing threats of additional such actions,"" he said. ""I worry that these attacks are battering the institution and putting at risk the thing that really matters to the public, which is the ability to conduct monetary policy without taking into consideration political factors.""

He added that it's critical to maintain the Fed's independent role, a character of central banks that he says distinguishes successful countries from unsuccessful ones.

Jeff Kilburg in an appearance on CNBC's ""Power Lunch"" said that three dissenters for the Fed's decision to keep interest rates unchanged are sending a warning to Trump nominee of Kevin Warsh.

""This is a new quarterback hitting the portal,"" the founder and CEO of KKM Financial said, referring to Warsh. ""This was the rest of the players letting him know, we're not going to let you lead us here.""

Three of the four dissenters did not vote with the rest of the FOMC not because they disagreed to keep rates unchanged, but because they believed the easing bias from the statement should have been removed, signaling they're not keen on cutting rates.

David Kelly, chief global strategist at JPMorgan Asset Management, made a similar point. ""I think this is a renewed declaration of independence,"" he said. ""This is a shot across the bow at Kevin Warsh.""

The Fed meeting was clearly about the risk that the Iran war has brought to both sides of the central bank's mandate, said Art Hogan, chief market strategist for B. Riley Wealth.

""One gets the sense that there will be several meetings at least before we see any rate changes by the FOMC, agnostic to who the Chair of the Fed is,"" he said. ""The real news will come during the press conference.""

Four Fed policymakers dissented with their peers on the central bank's latest decision to keep rates steady, but the officials had different reasons driving their call.

Three of the ""no"" votes came from regional presidents Beth Hammack of Cleveland, Minneapolis' Neel Kashkari and Lorie Logan of Dallas.

While the trio agreed with the Fed's move to maintain rates at the target range of 3.5% to 3.75%, they said they ""did not support the inclusion of an easing bias in the statement at this time.""

The three Fed officials said that the following sentence was an issue for them: ""In considering the extent and timing of additional adjustments to the target range for the federal funds rate, the Committee will carefully assess incoming data, the evolving outlook, and the balance of risks."" All three Fed officials, along with some of their peers, have previously flagged their concerns about sticky inflation.

Fed Governor Stephen Miran was the fourth dissenter, calling for a quarter percentage point cut.

In its statement released Wednesday, the Fed acknowledged uncertainty tied to the Middle East, rising energy prices and low job gains.

Here's what changed in the new statement.

The Federal Reserve stood pat on its key interest rate, keeping it at a target rate range of 3.5% to 3.75%.

The meeting, anticipated to be the last with Jerome Powell as Fed Chair, was dramatic, however. Four members of the Federal Open Market Committee had dissenting votes, resulting in an 8-4 decision to keep rates steady.

Read more from CNBC's Jeff Cox on the Fed's dramatic split decision here .

The major averages were modestly lower heading into the Fed's interest rate decision.

As of 1:54 p.m. ET, the S&P 500 and the Nasdaq Composite were off 0.2%, while the Dow Industrials were down 300 points, or 0.6%.

The 10-year Treasury yield traded near its session high of 4.414%, while the 2-year note yield touched a session high of 3.918%. The U.S. dollar index also traded close to its session high of 98.913, while gold futures for June delivery were near the session low of $4,522.2.

Oil prices have surged about 7% in trading Wednesday afternoon at 12:40 p.m. ET as traders react to an Axios report that President Donald Trump plans to maintain the U.S. naval blockade against Iran until Tehran agrees to a nuclear deal. The pop in prices has pushed the U.S. benchmark, West Texas Intermediate crude , above $106 a barrel, while the international benchmark , is above $119.

The higher energy prices that have followed the Middle East conflict have complicated the inflation picture for the Federal Reserve. Although oil price spikes are often ignored by policymakers as a temporary situation, the war between the Iran and U.S. could hamper the shipment of goods through the Strait of Hormuz for an extended period, especially if the two countries remain at a stalemate.

For Americans now struggling to keep up with higher gas prices and overall affordability challenges, the central bank's decision to keep interest rates unchanged does little to ease budgetary pressures .

Short-term rates, like credit cards, closely track the federal funds rate so those will likely stay elevated. Auto loan rates are tied to several factors, including the Fed's benchmark. Longer-term rates, such as home loans, are more influenced by inflation and other economic factors. But as a result of geopolitical uncertainty, mortgages are also staying higher.

As all eyes are on what Powell might say at his potentially last meeting regarding his future as a Fed governor, bettors on Kalshi think he will stay on a little bit after his term as Fed chair ends.

Bettors place a 30% chance Powell steps down as a member of the Fed Board of Governors by June. However, bettors are more confident that he does that by August or the end of the year, with 66% and 81% odds, respectively.

If Powell doesn't resign until August, he would stay on for two more meetings, the one in June and another in late July. Powell's term as a Governor lasts until 2028.

On prediction markets platform Polymarket, bettors see Powell stepping aside imminently. They give it an 87% chance he steps down between May 15 and May 22.

Kevin Warsh now has a clear path to replace Powell as the next Fed chair. The Senate Banking Committee advanced his nomination Wednesday, but the full Senate vote likely won't happen for several days.

In the latest CNBC Fed Survey, respondents expressed some doubt about Warsh's ability to maintain his independence, CNBC's Steve Liesman reported earlier this week. Just 50% of respondents believe Warsh will conduct monetary policy mostly or very independently, compared with 46% who say he will be only somewhat or not at all independent.

It's a high level of concern, though confidence in his independence is 13-points higher than last month. That suggests Warsh might have convinced a few observers in his Senate confirmation last week.

The survey polled 26 economists, strategists and analysts on Thursday and Friday.

Just hours before the Federal Reserve's interest rate decision, the S&P 500 and Nasdaq Composite were seeing little movement.

The S&P 500 was trading around the flatline, while the Nasdaq Composite rose 0.1%, as of 10:58 a.m. ET. The Dow Jones Industrial Average , however, lost 247 points, or 0.5%.

The Senate Banking Committee on Wednesday, in a party-line vote, advanced Kevin Warsh's nomination as the next Federal Reserve chair.

By a 13-11 count, the panel sent President Donald Trump's pick to the Senate floor as the successor to Jerome Powell, whose term ends in mid-May.

""Kevin Warsh's leadership is absolutely essential now at the Federal Reserve than ever before,"" Sen. Tim Scott, R-S.C., the committee chairman, said following the vote.

The Supreme Court didn't issue a ruling in the closely watched Trump v. Cook case on Wednesday. At issue is whether the president could remove Fed governor Lisa Cook from her position at the central bank.

Trump had attempted to fire Cook in August 2025, citing allegations of mortgage fraud for his decision. Cook has denied the allegations . The high court heard oral arguments in January on the case.

Many expect the outcome will be a statement on presidental powers and a measure of the central bank's ability to remain independent.

One lingering question is whether Jerome Powell will step down when his term as Fed chair ends. This has typically been the custom, but Powell could be motivated to remain as a governor to ensure that the central bank's independence remains on solid ground.

Powell's term as governor doesn't expire until January 2028, and he could leave at any time before then.

U.S. attorney Jeanine Pirro recently abandoned a criminal investigation of Powell in order to clear the way for confirmation of Kevin Warsh, President Donald Trump's nominee. Instead, Pirro said her office asked the Fed's inspector general to investigate cost overruns in the multibillion-dollar renovation of the central bank's headquarters in Washington.

Trump has been vocal like none of his predecessors when it comes to badgering the central bank, demanding lower interest rates while threatening to fire Powell and actively trying to remove Governor Lisa Cook.

If Powell leaves now, he will give Trump an opening to appoint another member to the Board of Governors. Counting Warsh, the president would have three appointees on the seven-member board, including Governors Christopher Waller and Michelle Bowman from his first term.

Central bank policymakers are widely expected to keep their key interest rate on hold at their target range of 3.5% to 3.75% at the conclusion of their April meeting. Markets are pricing in a 100% chance the Federal Open Market Committee will stay on hold, according to the CME FedWatch tool.

Since it will likely be Fed Chair Powell final meeting, some suspect the news conference slated for 2:30 p.m. won't be considered to be the strong signal about future policy as it usually is."
2026-08-22,U . S . stocks have done great for you . Dont be greedy in this market,cnbc.com,https://www.cnbc.com/2026/08/22/stocks-market-investments-diversification.html,Federal Reserve Monetary Policy,Federal Reserve; rate cut; rate hike; Powell; interest rates,Monetary Policy,"Low-cost S&P 500 funds are the foundation of many portfolios, and holding a portfolio with a 90/10 split between the index and short-term treasuries has been famously championed by Warren Buffet as all that long-term investors need.

Indeed, the S&P 500, which represents 80% of total U.S. market capitalization, has been a long-term winner – more than quadrupling in value over the last decade. But by focusing only on the biggest public companies based in the U.S., popular market-weighted S&P 500 ETFs – including Vanguard's VOO , BlackRock's IVV and State Street's SPY – pose concentration risks to investors because of outperformance in the information technology sector. This has driven some agitated investors to see parallels between the current market and the conditions leading up to the dot-com crash of 2000-2002, when the overall S&P 500 lost nearly half its value. It's a particularly risky way to invest for those nearing retirement who may need to draw on market portfolios for income in the years ahead.

""This S&P 500 isn't your father's index,"" said Mitch Goldberg, president of ClientFirst Strategy. ""It's super-powered by the information technology sector, which makes up about 37% of total value. Adding in the communications sector, which includes companies like Meta and Netflix, brings it to almost 50%.""

Investors can seek to limit volatility by adding exposure to other equity markets and uncorrelated assets.

Goldberg noted that the five smallest sectors of the overall stock market – consumer staples, energy, utilities, real estate and materials – make up only 14% of the S&P 500, which impacts the overall diversification and risk profile of the index. He said investors should consider an equal-weighted S&P 500 index to add exposure to those sectors, as well as adding fixed income, international equity and small-cap domestic equity to their portfolios.

""Diversification helps you avoid becoming dependent on yesterday's winners, which is a form of recency bias,"" Goldberg said. ""Adding non-correlated investments can improve your overall portfolio, and is important in a bear market, when you don't want all your investments to move in tandem,"" he said.

Overexposure to the S&P 500 also creates opportunity risk, as other types of investments have the potential for higher gains.

""If your exposure in the S&P 500 is too high, you're missing out,"" said Todd Rosenbluth head of research & editorial at TMX VettaFi. He pointed out that investments such as small-cap and international equity have been beating the S&P 500 this year, with prominent examples including the iShares Core S&P Small-Cap ETF ( IJR ) and the iShares Core MSCI Emerging Markets ETF ( IEMG ).

Here's a look at other stories offering insight on ETFs for investors.

Investments outside the S&P 500 can also be better valued, said Ankur Patel, chief investment officer of Ellevest. ""The S&P trades around 20 times forward earnings while developed international and emerging markets sit closer to 10-15x. You're paying a lot less for each dollar of earnings overseas.""

Neena Mishra, director of ETF research at Zacks Investment Research, noted that investors can lower their volatility by turning to other types of value investments. For instance, she recommends investors hold some of their portfolios in dividend-growth ETFs, such as the Schwab U.S. Dividend Equity ETF ( SCHD ), which focuses on the quality and sustainability of dividends. ""Health care, consumer staples, and energy receive the largest allocations in the portfolio, helping investors diversify away from the mega-cap tech giants. It has also significantly outperformed the S&P 500 Index this year,"" she said.

Within the fixed income space, she favors shorter-term government bonds over corporate, high-yield, and long-term government options. ""Many investors are still scarred by 2022, when both stocks and bonds nosedived as inflation surged,"" she said. Further, in the current environment of persistently elevated inflation and continued interest rate volatility, longer-duration fixed-income ETFs are inherently riskier, according to Mishra. That is why ultra-short treasury bill ETFs like the iShares 0-3 Month Treasury Bond ETF ( SGOV ) and the Vanguard 0-3 Month Treasury Bill ETF ( VBIL ) have become very popular with investors. ""These cash-like instruments offer low risk along with a decent level of income,"" she said.

Mishra also suggested investors consider a commodity popular since antiquity: gold . ""I believe gold deserves a place in any diversified portfolio because of its low correlation with traditional asset classes,"" she said, noting that State Street's SPDR Gold MiniShares Trust ( GLDM ) and BlackRock's iShares Gold Trust Micro ( IAUM ) are low-cost options for long-term investors.

Patel advises investors to look at their time horizon when determining if they might have too much exposure to the S&P 500. ""Here's one way to think about it: if the S&P 500 fell 20% tomorrow, would it change your plans? If the answer is yes, you're overexposed.""

He explained that determining exposure comes down to an investor's goals. ""Think about it less in terms of age and more in terms of when you actually need the money. Money you won't touch for 10-plus years can be more aggressively allocated. Money you need in the next few years shouldn't depend on what Nvidia reports next quarter. Buffett's 90/10 rule is fine if you have a few decades and the tolerance for it, but not if you need a down payment on a house in, say, a few years,"" he said.

The specific impact of artificial intelligence holdings on S&P 500-heavy portfolios should also be considered when investors are looking to diversify. The volatility risks of AI can come not just from market concentration, but also changing public sentiment and the risk of regulatory changes. ""The information technology and communication services sectors together make up almost half of the portfolio and are dominated by AI-related names,"" Mishra said. ""Portfolio diversification is often called the only 'free lunch' in investing because combining uncorrelated assets can reduce portfolio volatility without necessarily sacrificing expected returns,"" she added.

There is no denying that funds that track the performance of the S&P 500 have been a great tool to build wealth in a diversified product, according to Goldberg, especially since the invention of the 401(k), which sparked a decades-long, one-way investment decision for retirement savers. ""But now I can't help but feel that people have heard that story for so long that they think it's a risk-less investment,"" he said.

A low-cost S&P 500 index ETF is a great way to grow wealth in the long-term, but investors should also consider adding uncorrelated assets to diversify their portfolio and lower volatility."
2026-08-21,"U . S .- Japan yen intervention , Bank of Japan : carry trade",cnbc.com,https://www.cnbc.com/2026/08/20/us-japan-yen-intervention-bank-of-japan-carry-trade.html,Federal Reserve Monetary Policy,Federal Reserve; rate cut; rate hike; Powell; interest rates,Monetary Policy,"Japan's historic effort to prop up the yen may have had an unintended consequence: giving some investors a better opportunity to double down on carry trade.

Japanese investors net bought more than 5 trillion yen of foreign equities and long-term bonds over the two weeks ended Aug. 15, compared with net selling of over 300 billion yen in the prior two weeks, according to Ministry of Finance data .

The purchases suggest investors took advantage of the yen's sharp rally following last month's joint U.S.-Japan currency intervention to snap up overseas assets at more favorable exchange rates, said market watchers.

""Intervention has 'turbo charged' the carry trade for fundamental & long term investors,"" according Jesper Koll, expert director at Monex Group. ""As long as the cost of money in Japan is lower than the return overseas, carry trades will re-assert,"" Koll said.

While authorities succeeded in jolting the yen higher, they did little to change the incentive for investors to borrow or raise funds cheaply in Japan and put the money into higher-yielding assets abroad.

The yen strengthened from around 164 per dollar before the intervention to roughly 155, but quickly surrendered a large chunk of those gains. It has since weakened back toward 159 against the greenback.

That has reinforced expectations that the yen will remain under pressure unless the Bank of Japan raises rates enough to materially narrow the bond yield gap with the U.S. The U.S.-Japan 10-year yield spread stood at roughly 1.8 percentage point as of Thursday.

The short-lived yen gains signal that investors are treating bouts of yen strength as opportunities to rebuild carry trade positions rather than abandon them.

That dynamic is particularly visible among Japanese institutional investors. Long-term investors such as pension funds and asset managers continued selling yen, according to Masahiko Loo, fixed income strategist at State Street Investment Management.

""The intervention only addressed a 'symptom', but [is] not curing the 'disease,'"" said Francis Tan, Asia chief strategist at Indosuez Wealth Management, referring to the structural forces including Japan's low borrowing costs and wide interest-rate differentials with other major economies.

Koll also said that Japanese retail and institutional investors have used the stronger yen to establish new positions in non-yen assets, particularly higher-yielding U.S. bills and bonds.

""The market is far less one-sided than before the intervention, but the incentives to fund in yen remain attractive while U.S.-Japan rate differentials stay wide,"" Loo said.

Other flow data point more directly to carry positions being maintained. Long-term investors are continuing to sell low-yielding yen against higher-yielding G10 currencies, consistent with investors using the Japanese currency to fund positions elsewhere, said to Masahiko Loo, fixed income strategist at State Street Global Advisors.

Alpha Binwani Capital's founder Ashwin Binwani said institutional investors remained positioned in carry trades against a basket of G10 currencies, led by the Australian dollar.

There are also signs that some currency traders are rebuilding bearish bets on the yen, as the impact of the intervention has faded.

Binwani exited long dollar-yen positions after the U.S.-backed intervention, before re-establishing them just above 157, expecting the yen to weaken going forward. ""Upon news of the U.S. intervention, we took profit and once again re-established dollar yen long positions just slightly above 157,"" he said.

Binwani said each intervention-driven rally could potentially offer investors a better entry point to sell the currency. While distinct from borrowing yen to invest directly in higher-yielding assets, the trade is underpinned by the same fundamental force: Japan's relatively low interest rates that keep its currency under pressure.

Overall, speculative positions against the yen, however, have declined. CFTC data show leveraged funds slashed net short yen positions from almost 138,000 contracts at the end of June to 59,526 as of Aug. 11, as authorities demonstrated their willingness to intervene."
2026-08-14,CCTV Weekly Script 14 / 08 / 26,cnbc.com,https://www.cnbc.com/2026/08/14/cctv-weekly-script-14/08/26.html,Federal Reserve Monetary Policy,Federal Reserve; rate cut; rate hike; Powell; interest rates,Monetary Policy,"– This is the weekly script of CNBC's financial news report for China's CCTV on AUG 14, 2026.

First, in this week's newsmakers, we turn to Nvidia CEO Jensen Huang.

One of this week's most unusual developments saw Huang join six major Wall Street asset managers in endorsing the idea of making AI computing power a standalone asset class. Analysts say this reflects Huang's vision of token economics and signals that the AI boom is expanding from a race for technological leadership into a competition for capital.

""We used to build chips that we sell, and these are technology components that people buy and use. But now Nvidia's AI factory platform is really an investable asset.""

However, the latest plan has also raised investor concerns about circular financing and debt risks. In response, Huang once again stepped in personally to reassure the market. He said Nvidia could provide residual value support of up to 25% for individual investment projects and would carefully assess each project. Market sentiment eased somewhat afterward.

Nvidia's share price also reflected the volatility seen this week. The stock fell more than 2% when the plan was announced early in the week, before gradually recovering. Whether this new financing model can be sustained remains to be seen.

In the AI sector, investors are also watching Meta CEO Mark Zuckerberg. This week, Zuckerberg publicly voiced support for open source AI and called on the US government to create a more favorable policy environment for the development of open models. In a social media post, he said Meta would release the weights of its latest AI model, allowing the public to download and use it.

Gil Luria Head of Technology Research D.A. Davidson

""Meta had some open-source models, but veered towards competing with OpenAI and Anthropic. Once they realized that they were unlikely to win there, or that their chances of winning were lower, they went back to their roots by contributing to the open-source movement.""

Another major development involves legal action against Meta's social media platforms. Analysts say Meta and a number of other social media companies face the risk of massive settlements similar to those once paid by major tobacco companies. State attorneys general across the United States have filed thousands of lawsuits against these platforms. The litigation could have a serious impact on the companies' operations and financial performance.

Finally, we turn to Indonesia. This week, Indonesia's president nominated the current senior deputy governor, Damayanti, as the sole candidate to become the next central bank governor. Damayanti must still undergo parliamentary review and a vote. If confirmed, she would become the first woman to lead Bank Indonesia. Following the announcement, the Indonesian rupiah rose against the US dollar to its highest level in a month. Analysts say the selection of a senior central bank insider could help reduce policy uncertainty.

The 63 year old Damayanti has worked in academia, investment banking and financial regulation. She has served as Bank Indonesia's senior deputy governor since 2019. Analysts say she will face a number of challenges if she takes office. Since the beginning of the year, the rupiah has depreciated by more than 7%, while rising oil prices and expectations of further US Federal Reserve interest rate hikes have added pressure on emerging markets. Her immediate priorities will be to stabilize the rupiah, contain inflation, and preserve the central bank's independence and policy credibility while strengthening coordination with the government.

That concludes this week's newsmakers. We will continue to follow these developments."
2023-09-08,5 things to know before the stock market opens Friday,cnbc.com,https://www.cnbc.com/2023/09/08/5-things-to-know-before-the-stock-market-opens-friday-september-8.html,US-China / Taiwan Tensions,US-China tensions; Taiwan; geopolitics; USD,Geopolitical Tension,"Here are the most important news items that investors need to start their trading day:

Stock futures were slightly lower Friday morning as Wall Street heads for a losing week. Going into the day's session, the Dow Jones Industrial Average and S&P 500 were down nearly 1% and 1.4%, respectively, for the week. The Nasdaq Composite has lost 2% in that time. Investors are concerned about the potential of more rate hikes from the Federal Reserve. Although the vast majority of Fed watchers expect rates to stay the same at the coming September meeting, they're now placing roughly 1-to-2 odds that policymakers opt for a hike in November. Follow live market updates .

Apple shares fell for a second day after several reports suggested that Chinese government workers could be banned from using iPhones. The stock closed more than 3% lower Thursday after a 4% drop on Wednesday. The Chinese government has not verified the Wall Street Journal and Bloomberg reports , but investors are concerned that Apple's products could be part of the growing tensions between China and the United States. Greater China, including Hong Kong and Taiwan, is Apple's third-largest market. It accounts for 18% of total revenue and is where the vast majority of Apple products are assembled.

General Motors on Thursday proposed a new contract for employees represented by the United Auto Workers that would offer 10% wage increases for the majority of workers. Newer employees would be eligible for up to a 56% wage increase over the four years of the deal. The contract would be the largest four-year wage increase in decades. However, UAW President Shawn Fain said the offer was ""insulting."" The proposal comes a week after the UAW filed unfair labor practice charges against GM and Stellantis, alleging the companies did not bargain in good faith or a timely manner. Detroit automakers hope to avoid a potentially costly strike before the union workers' contracts expire on Sept. 14.

Former FTX executive Ryan Salame pleaded guilty Thursday in New York federal court to campaign finance and money-transmitting crimes. He also agreed to forfeit more than $1.5 billion — which will be paid to the U.S. government — and pay $5 million to debtors of FTX. Salame admitted that he made political contributions totaling tens of millions of dollars in his own name using money that came from Alameda Research, FTX's hedge fund arm. He said he did so, over the course of about a year, at the behest of then-FTX CEO Sam Bankman-Fried. Salame was released on bond and faces a maximum sentence of 10 years in prison.

Walmart cut the starting pay for employees who stock shelves and pack online orders. The beginning wage is now about a dollar per hour less than it used to be. The retailer said it did not cut pay for current employees in those roles and some more experienced employees actually got raises. The company said it made the change to make starting pay consistent, whether an employee is a cashier or stocker. Walmart had raised pay for personal shoppers and stockers in March 2021, when e-commerce sales were soaring. Walmart is the biggest private employer in the U.S., which means economists and industry leaders look to it as a barometer for signs of inflation and a cooler labor market.

— CNBC's Brian Evans, Kif Leswing, Michael Wayland, Dawn Giel, Dan Mangan and Melissa Repko contributed to this report.

— Follow broader market action like a pro on CNBC Pro ."
2023-05-29,"European markets live updates : stocks , news , data and earnings",cnbc.com,https://www.cnbc.com/2023/05/29/european-markets-live-updates-stocks-news-data-and-earnings.html,US Presidential Election,US presidential election; Trump; election; USD,US Election / Fiscal & Trade Policy,"European stock markets were mixed Monday after U.S. President Joe Biden and House Speaker Kevin McCarthy reached a deal to raise the nation's debt ceiling.

Germany's DAX and France's CAC 40 shed early gains to close down 0.2%, while the Stoxx 600 closed 0.1% lower.

Sectors ended the reduced trading day mostly close to the flatline, with oil and gas stocks among those closing marginally higher, up 0.2%, as tech fell 0.7%.

Swedish property group SBB climbed 4.5% after announcing it was exploring strategic options including a sale of the company or of specific assets and segments. Shares of the company have sunk 80% over the last year as it struggles with the higher interest rate environment.

U.K. markets are closed on Monday for a bank holiday. U.S. markets are closed for Memorial Day.

European stocks are coming off the back of a choppy week in which the Stoxx 600 index fell to an eight-week low before clawing back some losses Friday as tech stocks rallied on Nvidia 's blockbuster results .

U.S. political leaders must now gather enough bipartisan support to pass the debt ceiling bill in Congress before the June 5 deadline to avoid a federal default.

With negotiators hurriedly drafting the wording, the U.S. House of Representatives could vote as soon as Wednesday, followed by the Senate later in the week, AP reported .

While the debt ceiling deal is likely to calm market jitters, and with a strong earnings season out of the way, investors now turn their attention to the economic outlook and path of interest rates.

While the Federal Reserve, European Central Bank and Bank of England had been widely expected to pause rate hikes and look at when to pivot, recent data has complicated the picture for all three .

Asia-Pacific markets were mixed even as Japan's Nikkei 225 climbed to trade at the highest levels since July 1990.

Elsewhere, the Turkish lira slumped to a record low after incumbent President Recep Tayyip Erdogan secured reelection.

Swedish property group SBB climbed to the top of the Stoxx 600 in afternoon deals, up 4.5%, after announcing it was exploring strategic options including a sale of the company or of specific assets and segments. Shares of the company have sunk 80% over the last year as it struggles with the higher interest rate environment.

Meantime, Swedish video game maker and media company Embracer Group slumped to the bottom of the European benchmark, down 7.3%, amid uncertainty about the status of its latest game release.

Antonio Cavarero, head of investments at Generali Insurance Asset Management, discussed the market outlook in light of strong U.S. economic data and continued pressure on rates.

John Ricciardi, head of global asset allocation at Deuterium Capital Management, says that's ""quite supportive for risk assets, which are trading … at very steep discounts to standard valuations.""

The market has long been pricing in interest rate cuts from major central banks toward the end of 2023, but sticky core inflation, tight labor markets and a surprisingly resilient global economy are leading some economists to reassess.

Stronger-than-expected U.S. jobs figures and gross domestic product data have highlighted a key risk to the Federal Reserve potentially taking its foot off the monetary brake. Economic resilience and persistent labor market tightness could exert upward pressure on wages and inflation, which is in danger of becoming entrenched.

Read the full story here .

European markets are expected to open higher Monday.

The U.K.'s FTSE 100 index is expected to open 12.1 points higher at 7,641, Germany's DAX up 34 points at 16,015, France's CAC up 6.2 points at 7,331 and Italy's FTSE MIB 80 points higher at 26,838, according to data from IG.

The dollar index could further strengthen to 105 in the short term with the U.S. jobs report to be released later this week as well as a looming vote on the debt ceiling deal, SMBC said in a Monday note.

""Asian currencies are expected to weaken, but the decline may be limited as more market participants are also looking for chances for Asian currencies to appreciate in preparation for risk-on sentiment after the Fed pauses rate hikes,"" Ryota Abe, Asia Pacific economist at Sumitomo Mitsui Banking Corporation (SMBC) wrote.

The dollar index slid marginally to 104.164 in Asia's morning session. The Japanese yen slightly strengthened to 140.52 against the U.S. dollar, while the offshore Chinese yuan weakened to 7.0791 against the greenback.

""U.S. economic data released last week support hawkish stances on rate hikes,"" Abe wrote in the note. ""Combined with CPI released earlier this month, the data show stronger than expected inflationary pressures, reigniting concerns over inflation in the US,"" he wrote.

The Turkish lira weakened against the U.S. dollar as incumbent Recep Tayyip Erdogan clinched victory in the 2023 presidential election , extending his rule into a third decade in power.

The currency was trading at 19.97 against the greenback as of Monday 4 a.m. London time.

""We have a pretty pessimistic outlook on the Turkish Lira as a result of Erdogan retaining office after the election,"" Wells Fargo's Emerging Markets Economist and FX Strategist Brendan McKenna told CNBC's ""Squawk Box Asia.""

""It's a very bleak economic and markets outlook for Turkey,"" McKenna added, forecasting that the lira will reach a new record low of 23 against the dollar by end of the second quarter.

Artificial intelligence has taken the investing world by storm since early this year — thanks largely to the emergence of ChatGPT, which triggered a wave of buying into AI-related stocks.

Is it here to stay or just hype?

A bull and a bear faced off on CNBC's "" Street Signs Asia ,"" telling investors how they can navigate the dilemma, as well as what stocks to play the trend.

The Taiwan Semiconductor Manufacturing Company (TSMC) and Samsung Electronics have emerged as two key players in the increasingly competitive landscape of the chip-making sector.

TSMC's earnings are concentrated in the semiconductor manufacturing sector, but does Samsung's diversified electronics business model make it more resilient?"
2024-04-16,CCTV Weekly Script 12 / 04 / 24,cnbc.com,https://www.cnbc.com/2024/04/16/cctv-weekly-script-12/04/24.html,US Presidential Election,US presidential election; Trump; election; USD,US Election / Fiscal & Trade Policy,"— This is the weekly script of CNBC's news report for China's CCTV on April 12, 2024.

Kazuo Ueda First for the People of this Week let us focus on the Governor of the Bank of Japan, Kazuo Ueda.

This week marks Kazuo Ueda's one-year anniversary in office. Looking back at his first year, ""busy"" would be the keyword for Ueda. In the Bank of Japan's public relations magazine, he mentioned that he has been very busy since taking office as governor and wishes for 36 hours a day and more time for reflection. There are indeed many issues that Ueda needs to consider. At the beginning of his tenure, the Bank of Japan could be considered an outlier among global central banks, as he needed to fully consider multiple factors such as the economic environment, inflation, and wage increases. Ultimately, he successfully completed this challenging task, ending Japan's ultra-loose monetary policy.

Many Japanese economists have highly praised his performance, believing that his communication skills are excellent, allowing the market to understand the situation fully. It's quite rare that such a significant policy shift did not cause market turmoil and the transition went smoothly. As the second year of his term begins, Ueda said that he maintains his physical strength by eating more vegetables and exercising regularly. Currently, he still faces multiple challenges. Firstly, the Bank of Japan holds a large amount of Japanese stocks and bonds, and it would be risky to reduce the balance sheet without disrupting market stability. Then, with the market lowering expectations for Fed rate cuts, the recent yen-to-dollar rate has dropped to its lowest level in 34 years. Kazuo Ueda's leadership over the past year, the yen has depreciated by 12%. Ueda insists that foreign exchange fluctuations will not affect his monetary policy unless the weak yen eventually affects inflation. Now the market is watching when the Bank of Japan will raise interest rates again.

Jerome Powell| Kazuo Ueda's American counterpart Jerome Powell, the Chairman of the Federal Reserve, is facing similar challenges of monetary policy shift.

This week, although Jerome Powell did not speak publicly, he undoubtedly became the focus of Wall Street discussions. The third month of overheated inflation data dispelled the notion that the first two overheats were just anomalies. Now market participants are reconsidering whether Jerome Powell's hoped-for economic soft landing will come true. Analysts believe that the possibility of a rate cut in June, which was originally anticipated, has been greatly reduced. However, for Jerome Powell, if action is not taken in June, the chance of a rate cut will diminish as the second half of the year coincides with the U.S. presidential election season, and the Federal Reserve has always dedicated itself to maintaining independence from politics.

Currently, the market believes it is more likely that Jerome Powell will wait until September this year for the first rate cut. However, if this is the case, Jerome Powell risks being criticized for supporting Biden's campaign. Data from the research firm Yardeni shows that since the 1950s, the Federal Reserve has adjusted interest rates in the fourth year of the presidential term only 8 times out of 17, less than half the time. And this year's situation is even more sensitive. According to Pew's survey, over 70% of Americans believe that restoring the economy is the president's top priority this year.

Anthony Albanese Next, let's focus on the Prime Minister of Australia, Anthony Albanese.

This week, Albanese announced plans to introduce a new bill to support the development of green manufacturing in Australia and promote energy transition. It is believed that this is similar to Biden's ""Inflation Reduction Act"" and the incentive measures of the European Union, indicating that Australia has also joined the global competition to subsidize clean energy-related manufacturing. Such direct state intervention is a major policy shift for the Australian government.

In the advance copy of his speech distributed to the media, Albanese stated that when it comes to asserting national interests and competing with other countries, Australia needs to take a tougher stance. He also cited similar intervention measures taken by the United States, the European Union, Japan, South Korea, and Canada to promote domestic industries. He stated that Australia is competing with the United States, and the success of the U.S. ""Inflation Reduction Act"" has attracted a large amount of capital into its renewable energy industry. The funding level for supporting the new policy in Australia is not yet clear, and more specific data is expected to be seen in next month's Australian budget.

Elon Musk Lastly, let's focus on Elon Musk, who has always been in the news headlines.

This week, Musk predicted that by next year or 2026, AI smarter than the smartest human, also known as general artificial intelligence (AGI), will emerge. This timeframe is much shorter than his prediction last year, which suggested it might take 5 to 6 years. From a macro perspective, he also outlined two factors that will hinder AI development in the short term: chip shortages and constraints on power supply.

Musk himself is actively involved in this round of AI competition. Over the past year, he has invested more time and resources into his AI startup, xAI. According to the latest reports from Bloomberg, xAI is currently raising $3 billion to $4 billion, which will also raise its valuation to $18 billion. In addition, Musk also posted on social media that he will soon visit India and meet with Indian PM Modi. This has also sparked speculation that Musk may announce investment plans for India before the Indian elections or establish a new electric car factory in India."
2024-04-05,"Free trade flaws fueled Trump rise in 2016 and the problems remain , top economist says",cnbc.com,https://www.cnbc.com/2024/04/05/free-trade-flaws-fueled-trumps-rise-in-2016-and-the-problems-remain-top-economist-says.html,US Presidential Election,US presidential election; Trump; election; USD,US Election / Fiscal & Trade Policy,"Decades of trade deficits and a strong dollar created too many ""losers"" in the U.S. economy who turned to Donald Trump's protectionist policies, according to Richard Koo, chief economist at the Nomura Research Institute — and those conditions remain.

Trump's ""America First"" economic policies led his administration to institute a slew of trade tariffs on China, Mexico, the European Union and others, including slapping 25% duties on imported steel and aluminum.

As the Republican nominee for the 2024 presidential election, Trump has proposed a baseline 10% tariff on all U.S. imports and a minimum levy of 60% on imported Chinese products.

These policies have drawn widespread criticism from economists, who argue that tariffs are counterproductive, as they make imported goods more expensive for the average American.

Speaking to CNBC's Steve Sedgwick on the sidelines of the Ambrosetti Forum on Friday, Koo said protectionism was a ""horrible thing,"" but that Trump's approach ""does have some economic logic.""

""When we studied economics and free trade, in particular, we were taught...that free trade always creates both winners and losers in the same economy, but the gain that winners get is always greater than the loss of the losers, so the society as a whole always gains. So that's why the free trade is good,"" he noted.

Koo nevertheless argued that this rests on the assumption that trade flows are balanced or in surplus, while the U.S. has been running huge deficits for the last forty years, which have expanded the number of ""losers.""

""By 2016, the number of people who consider themselves losers of free trade, were large enough to elect Trump president, and so we have to really go back and say to ourselves: what did we do wrong to allow this many people in United States to view themselves as losers of free trade?"" he said.

For Koo, the key problem was the exchange rate, as the strength of the U.S. dollar incentivized foreign imports and hurt U.S. companies exporting around the world.

""We kind of let the exchange rate be decided by so-called market forces, speculators, my clients, Wall Street types, but the foreign exchange rate has to be set in a way that the number of losers does not grow to a point where the free trade itself is lost,"" Koo said.

He pointed to a similar pivotal moment in 1985, when President Ronald Reagan faced the same issue of a strong dollar and rising protectionism. At the time, Reagan responded by facilitating the Plaza Accord with France, West Germany, Japan and the United Kingdom to depreciate the U.S. dollar against the respective currencies of these countries through intervention in the foreign exchange market.

""That's the kind of thing we should have been more conscious of doing. Instead of allowing [the] dollar to go wherever the market takes [it], and then these people who are not as fortunate as we are in the financial markets, end up suffering and end up voting for Mr. Trump,"" Koo added.

He argued that economists need to move beyond the idea that the trade deficit is simply down to ""too much investment"" and ""too few savings"" in the U.S., as this means deficit can only be reduced by remaining in recession until domestic demand weakens so much that U.S. companies can export more goods, which would not be possible in a democracy.

Koo again pointed to past dealings with Japan, suggesting that if the argument held that overseas companies are just filling in where U.S. companies cannot satisfy domestic demand, then the American companies fighting Japanese firms in the 1970s and 70s should have recorded huge profits due to excess demand.

""But that did not actually happen. It's the opposite that happened. So many of them went bankrupt, so many losers of free trade were left in the streets, because it was not savings and investment issue, it was the exchange rate issue,"" he said.

""The dollar should have been much weaker, and Reagan understood that that's why he took that action.""

President Joe Biden's administration has also broken from Washington's decades-long spotlight on free trade deals and has retained any of the measures enacted under the Trump administration.

However, rather than focus on imposing new tariffs, Biden has instead bet big on industrial policies such as the CHIPS and Science Act and the Inflation Reduction Act to bring manufacturers back to the United States, particularly in rapidly-growing sectors such as semiconductors and electric vehicles."
2024-03-21,Gold prices have hit record highs . Here why they could rally further,cnbc.com,https://www.cnbc.com/2024/03/21/gold-prices-have-hit-record-highs-heres-why-they-could-rally-further.html,US Presidential Election,US presidential election; Trump; election; USD,US Election / Fiscal & Trade Policy,"The rally in gold continues with prices hitting an all-time high on Thursday — and there's room for it to rise more as central banks continue to purchase bullion in record amounts.

Prices could rise to $2,300 per ounce in the second half of 2024, especially against the backdrop of expectations that the U.S. Federal Reserve could cut rates in the second half of 2024, Aakash Doshi, Citi's North America head of commodities research, told CNBC. Gold is currently trading at $2,203.

Gold prices tend to share an inverse relationship with interest rates. As interest rates dip, gold becomes more appealing compared to fixed-income assets such as bonds, which would yield weaker returns in a low-interest-rate environment.

Macquarie has also forecast gold prices to notch new highs in the second half of the year. While acknowledging that physical purchases of gold have given prices a lift, Macquarie's strategists attributed the recent $100 spike in prices to ""significant futures buying"" in their note dated March 7.

""Central banks, who have bought historic levels of gold over the past two years, continue to be strong buyers in 2024 as well,"" World Gold Council Global Head of Central Banks Shaokai Fan said.

These purchases have strengthened gold prices despite high interest rates and a strong dollar, market watchers told CNBC.

Higher rates tend to reduce the appeal of gold compared with bonds as it does not pay any interest, while a stronger dollar erodes the sheen of greenback-priced bullion for holders of other currencies.

Strong physical demand for gold is also fueled by its appeal as a safe-haven asset amid geopolitical uncertainties.

""In the past decade, Russia and China have been the two largest buyers. However, central bank purchases in recent years have diversified,"" Doshi.

China is the leading driver for both consumer demand and central bank gold purchases, and the country's not likely to slow down.

Among central banks, the People's Bank of China was the largest buyer of gold in 2023. China's weak economy and embattled real estate sector also drove more investors toward the safe-haven asset, with individual gold investment remaining robust , WGC said.

Poland's central bank was the second-largest net consumer of gold, snapping up 130 tons of bullion in 2023.

Challenges of the Russia-Ukraine war ""just right next door"" drives Poland's desire for stability, said Wheaton Precious Metals CEO Randy Smallwood.

Poland's central bank governor Adam Glapiński in 2021 had announced plans to buy 100 tons of gold in a bid to boost the country's financial security, according to local media reports .

Singapore recorded the third highest net gold purchases in 2023, driven by purchases by the Monetary Authority of Singapore (MAS), which bought 76.51 tons .

While MAS did not disclose the reason for the investment decision, Fan surmised that central banks across the board have been wary of the geopolitical risks from the ongoing Russia-Ukraine conflict.

""They have probably been adjusting reserve allocations in accordance to their views on risk,"" he said.

Stronger gold prices were also driven by retail purchases of jewelry, bars and coins.

On top of the People's Bank of China buying the most gold amongst the world's central banks, the country also recorded the highest amount of retail gold purchases.

""At the retail consumer level, China was a major factor in strong demand for gold last year as individuals moved into gold to diversify from other asset classes,"" Fan said.

According to data from the World Gold Council, China overtook India to become the world's largest gold jewelry buyer in 2023. Chinese consumers bought 603 tons of gold jewelry last year, a 10% increase from 2022.

Alongside China, consumer demand for gold in India is also one of the world's biggest, said Smallwood, especially during India's wedding season, which runs typically from October to December, and between January and March.

""Gold is always the highest form of value gift that you can actually give someone within India. It's a real big part of the wedding season,"" he said.

While India's jewelry demand should continue to be significant, more expensive gold could put some dent in that spending, WGC said. India's gold jewelry consumption demand dipped 6% to 562.3 tons in 2023 from a year earlier.

That said, India's investment in gold bars and coins grew 7% year on year. The country's central bank demand for gold also continues to be strong, with the Reserve Bank of India purchasing 8.7 tons of gold in January, marking the highest monthly purchase since July 2022.

Aside from China and India, Turkey's gold demand last year almost doubled that of 2022, according to WGC records.

Unrelenting consumer inflation, limited available alternative investment and domestic political uncertainty during the presidential elections last year drove Turkey's demand for the yellow metal.

""Turkey recorded strong retail demand as well, with investors piling into gold during the presidential election last year to protect against potential volatility in the Turkish lira,"" Fan added.

Turkish annual consumer price inflation recently surged to 67.07% in February. The Turkish lira lost 40% of its value against the dollar in the past year, and is currently trading at a record low against the dollar."
2024-11-06,Trump vow on new trade war sends shockwaves through supply chain,cnbc.com,https://www.cnbc.com/2024/11/06/companies-race-to-get-imports-to-us-with-trump-win-vow-on-new-tariffs.html,US Presidential Election,US presidential election; Trump; election; USD,US Election / Fiscal & Trade Policy,"Retailers and manufacturing companies have been increasingly calling logistics partners, both in the days leading up to presidential election and on Election Night, about ""front loading"" shipments ahead of any changes in tariff policy to be pursued by President-elect Donald Trump , who campaigned on an aggressive expansion of existing U.S. tariffs on cross-border trade.

Trump has vowed across-the-board tariffs of 10% to 20% on all imports arriving into the United States and a 60%-100% tariff on Chinese imports.

""This is 2018 all over again,"" said Paul Brashier, vice president of global supply chain for ITS Logistics, referring to the year during which Trump first imposed sweeping tariffs in his first term. ""The calls expand beyond shippers who have Chinese imports. The global tariff threat is fueling calls for frontloading from all around the globe,"" he said.

Brashier expects Trump's election to result in increased container demand and vessel bookings, which will then fuel freight rates, trucking and warehouse rates. Trucking stocks, such as J.B. Hunt Transport Services , Knight-Swift , Schneider National , and XPO , were in rally mode on Wednesday, as were freight rails including Norfolk Southern and CSX .

Among many major market moves on Wednesday as traders and investors digested the Republican wins, the U.S. dollar surged against key international currencies tied to trade on Wednesday, such as the euro and Mexican peso .

The knee-jerk reaction in shares of ocean carriers, was negative, with a big slump led by Maersk , even though consumer demand remains strong in the U.S. and frontloading of imports would raise ocean rates, at least in the short-term. Shipping analysts described the reaction in Maersk and its peers as excessive. But they added it is based on the belief is tariffs increase the costs of trade, in turn lowering demand and volumes. They noted that did not occur in 2018 and 2019, with volumes growing an average of 12% during those two years. ""It speaks to the uncertainty of the situation, rather than the imminent doom,"" wrote analyst Ben Slupecki of Morningstar in an email.

Lars Jensen, CEO of Vespucci Maritime, said in the short-term there will be a surge in import demand for containerized goods as U.S. companies stock up ahead of any new tariffs. ""Especially related to goods which are not time sensitive, said Jensen. ""This will create upward pressure on freight rates in the coming months.""

According to spot ocean freight rate data tracked by ocean and air freight intelligence platform, Xeneta, the frontloading of freight during the Trump trade war on Chinese imports in 2018 fueled a rise in ocean container shipping freight rates by more than 70%.

Peter Sand, chief shipping analyst at Xeneta, tells CNBC that shippers will be fearing more of the same with this latest tariff threat. ""Shipping is a global industry feeding on international trade, so another Trump presidency is a step in the wrong direction,"" said Sand. ""The knee-jerk reaction from U.S. shippers will be to frontload imports before Trump is able to impose his new tariffs.""

He added that fears of an increase to a 100% tariff on Chinese imports, compared to 25% in 2018, would make the incentive to frontload ""even greater.""

Slupecki said via email the drop in ocean carriers could present a buying opportunity, but he hesitated to say Maersk will profit from front-loading the election, as there are many other issues in global trade to weigh. He continues to hold a fair value weighting on Maersk and described the drop as an overreaction. ""Potential tariffs cause uncertainty but not certain poor performance, as evidenced by performance of these names during the prior tariffs of 2018.""

""A wave of pre-ordering by retailers"" ahead of new tariffs would be good for ocean carrier earnings power, according to Jefferies analyst Omar Nokta. However, he said overall volume gains are uncertain and longer-term, the issue is the potential significant slowdown in trade volumes in the coming years. ""Global trade volumes have risen by 2x the rate of GDP growth this year, and are likely moderate to 1x in 2025, but could fall below that should tariffs impact trade patterns, which would be negative for ocean carrier earnings,"" he wrote.

Trump has vowed to move fast on tariffs, with Robert Lighthizer, former U.S. Trade Representative during the first Trump term, telling Wall Street money managers in recent weeks that if Trump was reelected, he could start implementing his sweeping tariff proposals quickly after taking office, according to policy analysts at Piper Sandler.

But trade experts expressed caution on reading too much into Trump's tariff threats right now when attempting to analyze where policy ends up. Matthew Rubel, who served on the Advisory Committee for Trade Policy Negotiation for the White House and USTR for both Presidents Obama and Trump, tells CNBC he does not see a global tariff as an outcome. In negotiations, everything will be on the table.

""Tariffs are a tool to be used as an offense to ensure we can trade freely and can build jobs domestically strategically in appropriate categories,"" said Rubel. ""Lighthizer, under Trump brought to life a policy which negotiated from strength and focused on bilateral agreements. The deals will be crafted to ensure we gain economically. It is nuanced and not one size fits all. Trump's administration will be clear on a business case,"" he said.

Peter Boockvar, chief investment officer of Bleakley Financial Group, said the impact of the tariffs will depend on the execution.

""Depend a lot on whether there will be selective tariffs on certain products/industries or will it be a scattershot approach that sprays them on all imports,"" said Boockvar. ""The former the market can tolerate, the latter I don't believe it will.""

""It is an open question what level of tariffs will be imposed,"" Jensen said. ""Trump has mentioned anything between 100-500% and it is therefore completely unknown what will actually transpire. But, again, that means significant uncertainty for U.S. importers, and the only way to reduce the uncertainty will be to import goods earlier.""

Stephen Lamar, CEO of the American Apparel and Footwear Association, said he expects Trump to announce new tariffs ""in the first few days of his presidency.""

""Companies are deploying a range of strategies to mitigate the inflationary impact these import taxes will soon have. Unfortunately, there are no good tariff mitigation strategies; the challenge is to find the one that is least bad,"" Lamar said.

He added that bringing in product before the inauguration is one approach, but it only provides temporary relief and the import surge this will create is further complicated by upcoming freight issues, including the threat of another labor strike at East Coast ports, and the Lunar New Year, both in the second half of January.

""We will be working with the new Administration and Congress to make sure any new tariffs do not add to the regressive, misogynistic burden hard-working Americans already feel as a result of the existing tariff structure,"" Lamar said.

National Retail Federation president and CEO Matthew Shay said in an email statement that his group is prepared to work with President-Elect Trump and Congress on effective trade policies that will increase America's competitive advantages in research, development and innovation, and will protect strategically critical infrastructure. ""However, the adoption of across-the-board tariffs on consumer goods and other non-strategic imports amounts to a tax on American families. It will drive inflation and price increases and will result in job losses,"" he added.

In addition to the tariffs, the future of the three-country free trade agreement that replaced NAFTA, USMCA, will also be a subject of renegotiation in 2026. President-elect Trump has already said he wants to renegotiate the USMCA deal he made in 2020. One key provision was a requirement for the countries to begin reviewing the trade deal after six years, a process that will begin in July 2026. Chinese manufacturing in Mexico to circumvent the Trump/Biden tariffs will be a likely part of the trade renegotiation.

Logistics companies serving the Mexico to U.S. cross-border trade tell CNBC new Trump tariffs can have a negative impact on historic cross-border truck trade. Through September, year-to-date cross-border trade between Mexico and the U.S. rose around 52%, a record.

Jordan Dewart, CEO of Redwood Mexico, which specializes in cross-border logistics, said leading up to and immediately after the election, his firm fielded many concerns from customers about the immediate proposed tariff changes that would impact northbound goods already in process to be shipped to the US.

""Clearly this would have a huge impact on both U.S. and Mexican companies,"" said Dewart. ""With over $2 billion crossing the border daily even a short term change would have huge repercussions and could cause companies to get ahead of these changes by importing their goods ahead of schedule.""

He added it will create a short term need for storage at the U.S.-Mexico border and may increase overall trade volumes in Q4. ""The short-term impact of pulling freight forward will increase freight rates, especially in Mexico, where the driver shortage and fuel prices are already causing upward pressures,"" Dewart said. ""The Peso, devalued 2.5% overnight, will provide some relief as most rates are negotiated in U.S. dollars.""

Proposed tariffs would cause some companies to further delay their investment in Mexico, according to Dewart, which has been booming. Many European and Asian-based companies have been investing heavily in Mexico as a way to shore up trade strategy. Companies including John Deere, which had been a target of Trump, and Tesla, have both announced recent pullbacks in manufacturing plans within Mexico."
2024-11-06,"Asia markets live updates : U . S . election , China NPC , BOJ meeting minutes",cnbc.com,https://www.cnbc.com/2024/11/06/asia-markets-live-updates-us-election-china-npc-boj-meeting-minutes.html,US Presidential Election,US presidential election; Trump; election; USD,US Election / Fiscal & Trade Policy,"SINGAPORE — Asia-Pacific markets were mixed Wednesday after Wall Street surged overnight ahead of the U.S. presidential election results.

Japan's Nikkei 225 led gains, rising 2.61% to end at 39,480.67. Meanwhile, the Topix rose 1.94% to reach 2,715.92.

The Bank of Japan September monetary policy meeting minutes showed members were in agreement over the central bank raising rates if economic and price growth meets expectations.

South Korea's Kospi ended the day down 0.52% to end at 2,563.51, while the Kosdaq closed down 1.13% at 743.31.

Hong Kong's Hang Seng index was down 2.5% as of its final hour of trading. Mainland China's CSI 300 fell 0.5% to 4,024.28.

A five-day meeting of China's National People's Congress will continue on Wednesday, with investors watching for information on additional stimulus and polices aimed at stabilizing the economy.

In a meeting on Tuesday , the head of the People's Bank of China said that the central bank planned to maintain supportive monetary policy, according to state media .

Australia's S&P/ASX 200 closed 0.83% higher at 8,199.5.

Overnight in the U.S., the S&P 500 index gained 1.23% to close at 5,782.76, while the Nasdaq Composite advanced 1.43% to 18,439.17. The Dow Jones Industrial Average climbed 427.28 points, or 1.02%, to settle at 42,221.88.

Focus was on the results of the U.S. elections, with former President Donald Trump declaring victory after being projected to win three key battleground states by NBC News.

Follow CNBC's 2024 election live blog here .

— CNBC's Jesse Pound and Samantha Subin contributed to this report.

Republicans are projected to take control of the Senate , according to NBC News, including flipping seats in Ohio and West Virginia.

Honda shares fell 6.5% Wednesday after the company reported that its operating profit fell nearly 15% to 257.9 billion yen ($1.68 billion) in the July-September quarter compared to the same period last year.

The company said its group sales decreased by 155,000 units in the first half of the fiscal year, chalking it up to a drop in sales in China.

Speaking on CNBC's ""Squawk Box Asia,"" Deborah Elms, head of trade policy at Hinrich Foundation, said that if former President Donald Trump wins the election, investors should expect his administration to start working on imposing broad tariffs ""as quickly as the first day in office.""

One of the ""very few"" matters that both parties agree on is that ""China is a problem,"" she added, expecting tariffs and export control measures against China to persist no matter who wins the election.

Nintendo shares rose 5.6% after the videogame maker announced its next console will be compatible with current Switch games in its financial results and company policy briefing .

The news comes just a day after the company cut its forecast for Switch sales for the fiscal year ending March 2025 amid weak demand for its latest console.

Further information about the new Switch console will come at a later date, Nintendo said.

Bitcoin rallied Tuesday evening hitting an all-time high as investors bet former President Donald Trump was gaining an edge in the U.S. election.

The price of the flagship cryptocurrency touched a record $75,000 on the nose, according to Coin Metrics. Its gains increased as Trump took an early lead in the Electoral College, even though none of the major swing states were called yet by NBC News.

Exchange operator Coinbase rose 3% in after hours trading, while MicroStrategy , advanced 4%.

For more on bitcoin's price action on election night read our full story here .

New Zealand's unemployment rate continued to climb in the third quarter amid a grim economic outlook , but came in below analysts' estimates.

Statistics New Zealand reported a 4.8% rise in the country's unemployment rate for the September quarter, below the 5% estimated by economists polled by Reuters. The rate was up from 4.6% in the previous quarter.

Meanwhile, jobs growth fell 0.5% for the quarter, slightly more than the estimated 0.4%.

Treasury yields jumped in early trading Tuesday evening as traders saw former President Donald Trump having an edge in the election.

The 10-year Treasury yield jumped 16 basis points at 4.44%, hitting its highest level since July 2. The yield on the 2-year Treasury was up by 10 basis points to 4.30%. One basis point is equivalent to 0.01%. Yields and prices have an inverted relationship.

Even though none of the major swing states were called yet by NBC News, traders speculated the early returns were favoring Trump.

Bond yields could see a big pop in the event of a Trump win, and they could surge in a Republican sweep, where the party captures control of Congress and the White House. That is because Republicans may introduce tax cuts and steep tariffs, moves that could widen the fiscal deficit and reignite inflation .

""Bonds are selling off across the yield curve massively as the Trump trade gets applied again,"" wrote Byron Anderson, head of fixed income at Laffer Tengler Investments. ""We see markets expecting a Trump victory and a real possibility of a Republican sweep.""

The Bank of Japan on Wednesday released minutes of its September monetary policy meeting , which showed members largely in agreement on raising interest rates if economic and price growth were on expected lines.

The bank expects the economy to keep growing at a pace above its potential growth rate, and has set its inflation target at 2%.

At the end of the September policy meeting , the BOJ had kept interest rates steady at 0.25%.

Members said economic developments in Japan generally aligned with the July 2024 outlook, with sustained wage hikes and consumption growth.

As the results of one of the most hotly contested elections in the U.S. come in, investors are scrambling to position for the most likely outcome.

Shelby McFaddin, senior analyst at Motley Fool Asset Management, said she expects volatility this week, but a ""limited impact on long-term investments as markets await real policy implications.""

Any bets made before the results are final are ""pure speculation,"" she told CNBC's ""Street Signs Asia"" on Nov. 5. ""Either potential administrations would bring an increase in infrastructure spending and inflation remains a concern.""

Looking past the election result, McFaddin named three stocks she likes right now.

Two stocks have outperformed the S&P 500 every November when elections have been held over the past three decades — regardless of the outcome, according to a CNBC Pro study.

CNBC Pro screened for stocks currently in the MSCI World Index that gained more than the S&P 500 — or lost less than the index — in November of every election year since 1988. The 36-year period has seen four Republicans and five Democrats elected to the White House.

Investors should keep a close eye on the dollar Tuesday night, according to Jefferies chief market strategist David Zervos.

""That will be the most liquid and the most transparent messaging to what we are getting markets to do, because that's where people can put money to work fast. It's going to be hard to put money, obviously, into any sector, credit. There won't be liquidity for that in bonds,"" he said on CNBC's ""Money Movers"" on Tuesday morning. ""In times of stress we go to the dollar, at least temporarily, especially if it's global stress and even if it's U.S.-led stress.""

Investors widely expect the U.S. dollar will become stronger if Trump regains the presidency. Zervos added that many in the speculative community have bet on the dollar-China trade as a Trump-winning trade.

Investors should sell a potential rally in the market if Trump wins the election, according to Citi's Scott Chronert.

""Your starting point is a fairly extended valuation circumstance that's predicated on very strong earnings growth follow-through into 2025,"" the bank's U.S. equity strategist told CNBC's "" Squawk on the Street "" on Tuesday. ""Our concern is that with that set up, you go into a Trump win and you introduce tariffs into the discussion … [and] 2025 growth expectations become a bit more suspect as we navigate tariff action.""

On the other hand, if Harris is victorious, Chronert said investors should consider buying an anticipated market dip.

""It really comes down to Trump and tariffs, and Harris and taxes,"" he said.

A second Trump administration is more likely to bring volatility to the oil market, according to Goldman Sachs.

Donald Trump could tighten sanctions on Iran, reducing supply from the Islamic Republic and putting upward pressure on prices in the short term, the investment bank told clients in a Monday note.

Oil prices rose about 1% as voters in the U.S. headed to the polls. U.S. crude oil had gained 35 cents, or 0.49%, to $71.82 per barrel by 8:56 a.m. ET. Global benchmark Brent crude futures added 33 cents, or 0.44%, to $75.41 per barrel.

""Conceptually, the impact of a potential second Trump term on oil prices is ambiguous,"" Yulia Zhestkova Grigsby, vice president of commodity research at Goldman Sachs, told clients in a note Monday.

Over the medium term, however, a second Trump administration could heighten trade tensions through tariffs, putting downward pressure on global oil demand and prices, according to Goldman.

Strategists at Nomura think stocks could see a bout of selling after the U.S. presidential election, given current positioning among hedge funds and other major investors.

""The substantial accumulation of long positions in U.S. equities by real-money investors and macro hedge funds (among others) suggests that the market reaction to a red sweep could be an initial spike followed not long thereafter by a bout of 'selling the fact,'"" Nomura said in a note.

Indeed, the S&P 500 is less than 3% below a record high set Oct. 17.

It is shaping up to be another winning presidential Election Day for stocks.

The Dow , S&P 500 and Nasdaq Composite are all tracking for gains on Tuesday. If that holds through session close, it would mark the fifth straight positive presidential Election Day for the blue-chip Dow.

What's more, 2024 would be the sixth winning presidential Election Day in a row for the S&P 500 and Nasdaq."
2025-01-09,Asia central banks face a formidable challenge : An ascendant U . S . dollar,cnbc.com,https://www.cnbc.com/2025/01/09/dollar-rise-impact-on-china-yuan-rupee-won-yen.html,US Presidential Election,US presidential election; Trump; election; USD,US Election / Fiscal & Trade Policy,"Central banks in Asia face a catch-22 in 2025.

A relentless rise in the U.S. dollar has sent Asian currencies such as the Japanese yen, South Korean won, Chinese yuan and the Indian rupee reeling to multi-year lows against the greenback.

While a cheaper currency could in principle make exports competitive just as President-elect Donald Trump threatens to impose tariffs, central banks in Asia would need to assess its impact on imported inflation and avert speculative bets on a sustained weakness in their currencies that could complicate policymaking, analysts said.

The U.S. dollar has sharply appreciated since Trump won the 2024 presidential election, rising about 5.39% since the election on Nov. 5 stateside.

Part of the reason behind the U.S. dollar strength is the policies Trump had promised on the campaign trail, including tariffs and tax cuts, which are seen by economists to be inflationary.

Federal officials at their December meeting expressed concern about inflation and the impact that President-elect Donald Trump's policies could have, indicating that they would be move slower on interest rate cuts because of the uncertainty, minutes released Wednesday showed.

The reassessment of the Fed's monetary policy outlook has widened the yields gap between U.S. and several Asian bonds.

This interest rate differential has dimmed the allure of assets with lower yields, sending major Asian currencies lower and prompting some central banks including the Bank of Japan and the Reserve Bank of India to intervene.

James Ooi, market strategist at online broker Tiger Brokers told CNBC that a strong U.S. dollar would make it more difficult for Asian central banks to manage their economies.

A stronger U.S. dollar is likely ""to pose challenges for Asian central banks by increasing inflationary pressures through higher import costs and straining their [central banks'] foreign exchange reserves if they attempt to support their currencies through interventions,"" Ooi told CNBC over email.

""If a country is grappling with high inflation and a depreciating currency, lowering interest rates to stimulate economic growth can be counterproductive,"" Ooi added.

China's onshore yuan hit a 16-month low of 7.3361 on Jan. 7, pressured by rising U.S. Treasury yields and a stronger dollar.

A weaker yuan would ostensibly make Chinese exports more competitive and hopefully stimulate growth in Asia's largest economy.

But Lorraine Tan, director of equity research for Asia at Morningstar, said a stronger U.S. dollar would limit the ability for the People's Bank of China to lower interest rates without risking increased capital outflows, as well as helping the domestic economy to have more monetary flexibility.

China has been struggling to support its economy since last September , with several stimulus measures including interest rate reductions and support for the stock and property markets.

Most recently, the country expanded its consumer trade-in scheme aimed at spurring consumption through equipment upgrades and subsidies .

""Having said that, it is the fiscal spending side that needs to pick up to support China growth,"" Tan added.

This view was echoed by Ken Peng, head of investment strategy for Asia Pacific at Citi Wealth. He said that the Chinese government should issue more long-term bonds to fund its economic stimulus, instead of cutting rates.

""[China] doesn't need to do any more monetary policy. So it should not be a PBOC question. It should be [a] MOF [ministry of finance] question,"" Peng said.

Also, in the often zero-sum world of export competitiveness, a pronounced weakness in the yuan could make it trickier for other Asian economies to increase the appeal of their products and services to foreign buyers.

Citi Wealth, in its 2025 outlook report, said a sharp depreciation of China's currency could hurt economies that directly compete with or export to China, such as South Korea, Taiwan and others in Southeast Asia.

The Bank of Japan spent over 15.32 trillion yen ($97.06 billion) to shore up the currency over the course of 2024, after the yen plunged to multi-decade lows in July, hitting a low of 161.96.

Despite this, the currency is standing at around 158 against the greenback, at its weakest since July lows.

Japanese finance officials have repeatedly issued warnings against ""one-sided"" and ""volatile"" moves in the yen, most recently on Jan. 7.

To be sure, a strong dollar may partially play into the BOJ's goals.

Having struggled to tackle deflation for decades, inflation in Japan has run above the BOJ's 2% target for 32 months in a row. The BOJ has acknowledged that weakness in the yen could lead to a rise in imported inflation.

The challenge would be to ensure prices and wages don't rise faster than levels the BOJ is comfortable with.

Tan at Morningstar said the strength of the greenback adds pressure on the BOJ to increase rates so as to prop up the yen and mitigate inflation risks.

Over in South Korea, its central bank recently intervened to support the won, according to a Jan. 6 report by Yonhap. Although the specific amount was not disclosed, it was enough to cause the country's foreign reserves to fall to a five-year low.

The won has steadily depreciated against the dollar since Trump's electoral victory, hitting about 1,476 against the greenback in December, its weakest level since 2009.

The Bank of Korea has appeared to prioritize stimulating domestic growth despite a weakening won, with the central bank enacting a surprise 25 basis points cut in its last meeting in November.

""Although volatility of the exchange rate has increased ... downward pressure on economic growth has intensified. The Board, therefore, judged that it is appropriate to further cut the Base Rate and mitigate downside risks to the economy,"" it wrote in its statement.

All these measures, however, were overshadowed by uncertainty when President Yoon Suk Yeol declared and then revoked martial law in early December, and was subsequently impeached.

The BOK convened an emergency meeting on Dec. 4, and pledged to provide ""a sufficient amount of liquidity"" until financial and foreign exchange markets stabilize. These measures will be in effect till the end of February.

Last among the major Asian currencies is India, which saw the rupee plunge to a record low of 85.86 on Jan. 8, due to pressure from the strong dollar and selling by foreign portfolio investors in October and November. India is grappling with inflation that breached the RBI's 6% upper tolerance limit in October, reaching 6.21%, although its has since moderated.

This comes at a time when the country faces slowing growth, with India's most recent GDP reading coming in at 5.4% in its second fiscal quarter ending September, missing expectations and marking its lowest level since the last quarter of 2022.

In its most recent monetary policy meeting on December, the RBI held rates at 6.5% in a split decision, with two board members voting for a 25-basis-point cut.

Should India choose to cut rates to stimulate growth — which would weaken the rupee — the RBI is well equipped to deal with a potential sudden outflow of foreign funds and any steep fall in the rupee.

Citi Wealth said in its 2025 outlook report that ""the central bank's large foreign exchange reserves have brought greater stability to the Indian rupee.""

Citi's Peng also describes the rupee as ""one of the most stable currencies globally,"" adding that ""the only currencies that are less volatile than the Indian rupee are the pegged currencies like Hong Kong dollar. And so this should be relief for a lot of foreign investors who might have interest in this market."""
2024-09-23,Former chairs of the Maine Republican Party endorse Harris over Trump,cnbc.com,https://www.cnbc.com/2024/09/23/maine-republican-harris-endorsement-trump-election.html,Trump Tariffs / Global Trade War,Trump tariffs; trade war; China; USD; markets,Trade Policy / Geopolitical,"Three former chairs of the Maine Republican Party ""enthusiastically endorsed"" Democratic Vice President Kamala Harris for president over GOP nominee and former President Donald Trump in an opinion piece published by Bangor Daily News on Monday.

""We led our party at a time when candidates of both parties were not only civil and believed in the rule of law, but, we believe, had the best interests of the state and entire nation foremost in their hearts, even when we disagreed on policies,"" wrote Robert A.G. Monks, Ken Cole and Ted O'Meara.

""We see these same positive characteristics are on full display in Vice President Harris and her candidacy. Sadly, they are completely lacking in her opponent,"" they wrote.

Monks, Cole and O'Meara criticized what they called Trump's divisive rhetoric, praising in contrast Harris' commitment to become ""a president for all Americans, regardless of political party.""

If elected, Harris has said, she would like to appoint a Republican to her Cabinet.

The trio wrote that Trump's tax and trade policies, which include a threat to impose a 100% tariff on imports from countries that ""leave"" the U.S. dollar, will ""hurt Maine workers."" They also criticized Trump's position on the war in Ukraine. Trump was asked several times at the Sept. 10 presidential debate whether it was in the best interests of the United States for Ukraine to fully expel invading Russian forces. He answered by saying that he wanted the war to stop, but he did not endorse Ukraine's sovereignty.

""We believe another Trump presidency would make our world a far more dangerous place,"" the former chairs wrote.

A spokesperson for the Trump campaign did not immediately reply to a request for comment on the op-ed.

Additionally, the former chairs took a jab at the broader Republican Party in their letter, claiming that much of the leadership of the party ""has joined the cult of Trump.""

""Each of us has had the honor of traveling the state of Maine to recruit and support candidates and to talk about the values that a big-tent Republican Party once stood for. Trump's MAGA Republican Party is unrecognizable to us,"" the former chairs wrote.

Both Cole and O'Meara chaired the Maine Republican Party in the 1990s. Monks ran for Senate in 1996, but lost the GOP primary to Susan Collins, who won the general election and has held her seat since then, as Maine's longest-serving member of Congress. He was also one of the leaders of a ""Maine Republicans for Obama"" campaign group in the 2008 presidential election.

A growing number of Republicans have come out in support of Harris' bid for president in the past month. On Sunday, a bipartisan group of 741 former military and national security officials publicly endorsed Harris. Separately, last week, 111 Republican former national security and foreign policy officials endorsed Harris, calling Trump ""unfit"" to serve as commander in chief.

In an effort to take advantage of the small but vocal opposition in the GOP ranks, the Harris campaign launched "" Republicans for Harris "" in August. Since then, Harris has secured a series of endorsements from GOP figures including, notably, former Vice President Dick Cheney , who served in the George W. Bush administration."
2025-01-08,"Trump could declare national economic emergency to justify universal tariffs , CNN reports",cnbc.com,https://www.cnbc.com/2025/01/08/trump-could-declare-national-economic-emergency-to-justify-universal-tariffs-cnn-reports.html,Trump Tariffs / Global Trade War,Trump tariffs; trade war; China; USD; markets,Trade Policy / Geopolitical,"President-elect Donald Trump is contemplating calling a national economic emergency to implement his wide-reaching tariff policies, four sources familiar with the matter told CNN.

A declaration of this nature will give Trump power to create the tariff program he made a pinnacle of his campaign for the White House through the International Economic Emergency Powers Act, CNN reported. Also known as IEEPA, the act allows the president to oversee imports in a period of national crisis.

Stock futures weakened following the CNN report on Wednesday morning and the U.S. dollar gained in value against most other currencies.

CNN's sources noted that a final decision has not been reached on whether Trump will declare a national emergency. Trump's team is also evaluating alternative legal arguments, such as pointing to specific sections of the U.S. trade law, per CNN's reporting.

The Trump transition team did not immediately respond to CNBC's request for comment.

Trump pitched taxes on imports frequently on the campaign trail, calling at times for fees of 60% or more on Chinese products. Weeks after his victory, the Republican vowed to hike tariffs on Chinese imports by 10% and slap 25% fees on products coming from Canada or Mexico.

The Washington Post reported Monday that Trump would narrow the focus of his tariffs, an approach Wall Street seems to favor. But the president-elect later denied that report."
2024-12-24,Gold steadies in holiday lull as markets eye 2025 Fed moves,cnbc.com,https://www.cnbc.com/2024/12/24/gold-rises-in-holiday-truncated-week-feds-2025-outlook-weighs.html,Trump Tariffs / Global Trade War,Trump tariffs; trade war; China; USD; markets,Trade Policy / Geopolitical,"Gold prices steadied in holiday-thinned trade on Tuesday as investors looked ahead to the U.S. Federal Reserve's interest rate strategy and President-elect Donald Trump's tariff policies, which could shape the metal's trajectory next year.

Spot gold rose 0.1% to $2,616.88 per ounce. U.S. gold futures settled 0.3% up at $2,635.50.

""The current sideways trend appears to be primarily driven by the low liquidity environment,"" said Zain Vawda, market analyst at MarketPulse by OANDA.

Gold had a stellar year in 2024, poised for its best performance since 2010 with a 27% gain.

""A similar rally could occur in 2025, but this will largely hinge on geopolitical developments,"" Vawda added. ""Without unexpected geopolitical disruptions, the base case projects gold prices around $2,800/oz, driven by persistent risks and trade war concerns.""

Bullion is considered a safe investment during economic and geopolitical turmoil.

Analysts had predicted that successive record highs in 2024 would set the stage for a similar rally in 2025, fueled by sustained central bank buying, rising geopolitical tensions, and Fed rate cuts.

However, the momentum began to wane in early November as the dollar strengthened amid ""Trump euphoria"", denting gold's rally.

With Trump set to return to the White House in January, U.S. investors are bracing for significant policy shifts in 2025, including higher trade tariffs, deregulation, and tax changes, all of which could have inflationary implications.

""If (tariffs are) borne out, this would give less room for the U.S. Fed to continue cutting interest rates, and we've seen the market already scaling back expectations on that front for 2025,"" said Frank Watson, precious metals analyst at Kinesis Money.

While the Fed aggressively cut rates in September, November, and December, it has signaled fewer cuts in 2025 due to stubbornly high inflation.

Higher rates increase the opportunity cost of holding non-yielding bullion.

Spot silver was steady at $29.65 per ounce, platinum rose 0.4% to $942.50, and palladium gained 1.8% to $946.11."
2025-04-13,Billionaire Ray Dalio :  Im worried about something worse than a recession,cnbc.com,https://www.cnbc.com/2025/04/13/billionaire-ray-dalio-im-worried-about-something-worse-than-a-recession.html,Trump Tariffs / Global Trade War,Trump tariffs; trade war; China; USD; markets,Trade Policy / Geopolitical,"Bridgewater founder Ray Dalio said Sunday that he is worried that the turmoil resulting from President Donald Trump's tariff and economic policies will threaten the global economy.

""Right now we are at a decision-making point and very close to a recession,"" Dalio said on NBC News' ""Meet the Press."" ""And I'm worried about something worse than a recession if this isn't handled well.""

The hedge fund billionaire said he's more concerned about trade disruptions, mounting U.S. debt, and emerging world powers bringing down the international economic and geopolitical structure that has been in place since the end of World War II.

""We are going from multilateralism, which is largely an American world order type of thing, to a unilateral world order in which there's great conflict,"" he said.

Dalio said five forces drive history: the economy, internal political conflict, the international order, technology, and acts of nature such as floods and pandemics. Trump's tariffs have understandable goals, Dalio said, but they are being implemented in a ""very disruptive"" way that creates global conflict.

The president's rapidly changing tariff policies have upended international trade. Trump on Wednesday announced a 90-day pause on his ""reciprocal tariffs,"" but he stood firm on 10% baseline duties and 145% tariffs on China.

Then, U.S. Customs and Border Protection announced an exemption from the tariffs for Chinese-made consumer electronics like smartphones, computers and semiconductors late Friday, though the products remain subject to a 20% tariff imposed earlier in the year. But Commerce Secretary Howard Lutnick backtracked on Sunday and said the exemption was not permanent .

In a Wednesday post on X, Dalio called for the U.S. to negotiate a ""win-win"" trade agreement with China that would appreciate the yuan against the dollar. He also called for both countries to address their growing debts.

Dalio on ""Meet the Press"" said Sunday that Congress should reduce the federal deficit to 3% of gross domestic product, echoing comments he made at CNBC's CONVERGE LIVE event in March.

""If they don't, we're going to have a supply-demand problem for debt at the same time as we have these other problems, and the results of that will be worse than a normal recession,"" Dalio said.

The very value of money is at stake, Dalio said. A breakdown in the bond market, combined with events like internal and international conflict, could be an even more severe shock to the monetary system than President Richard Nixon's cancellation of the gold standard in 1971 and the global financial crisis in 2008.

That change is avoidable, Dalio said, if lawmakers work together to trim the deficit and the U.S. discourages conflict and inefficient policy on the global stage.

PRO: Watch CNBC's full interview with Bridgewater founder Ray Dalio"
2025-04-11,Trump tariffs : China may not weaken yuan in trade war with the U . S .,cnbc.com,https://www.cnbc.com/2025/04/11/trump-tariffs-china-may-not-weaken-yuan-in-trade-war-with-the-us-.html,Trump Tariffs / Global Trade War,Trump tariffs; trade war; China; USD; markets,Trade Policy / Geopolitical,"China will not be able to wield a weaker yuan as a weapon in its deepening trade war with the U.S. due to concerns that such a move could trigger financial market instability, market watchers told CNBC.

The Chinese offshore yuan weakened to a record low of 7.4287 against the U.S. dollar earlier this week after the People's Bank of China set its midpoint rate at its weakest level since 2023. Similarly, the onshore yuan on Thursday weakened to 7.3509 against the greenback, its lowest since 2007, data from LSEG showed.

The move sparked speculation that Beijing would allow the currency to weaken further to cushion the impact of U.S. President Donald Trump's tariffs. However, analysts caution that a significant weakening of the yuan could have ripple effects, including triggering capital outflows, something policymakers are keen to avoid. Indeed, the yuan has since strengthened both onshore and offshore.

Among 11 analysts polled by CNBC, a majority do not see the currency weakening significantly in the long-term. Instead, economists expect the central bank to engineer an orderly and gradual depreciation.

""RMB (Renminbi) devaluation will not be part of China's retaliation toolkit to U.S. tariffs,"" said HSBC's head of Asia FX Joey Chew, referencing another name for the Chinese yuan.

""In fact, rapid depreciation could weaken consumer confidence and risk capital flight,"" she told CNBC.

Capital outflows accelerated in 2015 when China devalued its yuan. China saw nearly $700 billion worth of capital flight that year, data from the Institute of International Finance showed .

With China's economy already stuttering and a rapid rise in U.S. tariffs threatening to hobble exports, a rapid outflow of capital from the country may complicate policymakers' jobs even further.

""Devaluation is no longer an effective trade weapon,"" said Dan Wang, China Director at Eurasia Group, who added that doing so will be ""inviting financial crisis on its own.""

Capital flight is Beijing's top concern, she said.

""The government will try everything it can to assure the market that it has the ability to defend the yuan against the U.S. sanction and that no one in the market should short yuan,"" Wang added.

There are also limits to the benefits a weaker yuan could unlock now that the U.S. tariff rate on Chinese imports currently stands at 145% .

""How can a country depreciate the same amount of exchange rate by the same level without triggering financial instability. It will be very difficult,"" said Jianwei Xu, senior economist at Natixis.

While major currencies like the U.S. dollar and Japanese yen have a free-floating exchange rate, China tightly regulates the value of the yuan within its domestic market.

Each morning, the PBoC establishes a daily midpoint fix, based on the yuan's previous day's closing value and input from interbank dealers. The onshore yuan is only allowed to trade within a narrow band of 2% above or below this reference rate.

""I think China wants to be seen as the center of stability on every variable, including the exchange rate,"" said veteran investor David Roche.

A weaker yuan could also arguably make it ""easier"" for the U.S. given how China is its largest supplier of goods , Roche pointed out.

""The best way to make the Americans pay for this is to keep the currency stable,"" he said.

Chinese policymakers' commitment to stability was underscored by a series of measures to prop up the yuan earlier this year when a sharp surge in the U.S. dollar sent other currencies tumbling around the world. That effort aimed to dissuade market participants from placing one-way bets on the yuan's slide.

The central bank is guiding some gradual yuan depreciation via the fixing but a sharp devaluation is not likely, according to Ken Cheung, Mizuho's chief Asian FX strategist, whose year-end forecast of the onshore USD/CNY rate was the lowest among the analysts polled at 7.12.

Rather than using currency depreciation to counter the impact of the U.S. tariffs, Cheung said the PBoC might instead ""introduce more two-way FX volatility to adjust with the choppy FX market conditions.""

Christopher Wong, OCBC's FX strategist, said that in the very near term, the bank does not rule out ""wild swings"" in the currency that would see it trade between 7.20 and 7.50 for both onshore and offshore currencies.

Not everyone CNBC surveyed believes that Beijing will opt for a stable yuan. If the elevated tariffs imposed by the U.S. and China stay in place, Capital Economics sees the yuan depreciating significantly.

Jonas Goltermann, deputy chief markets economist at Capital Economics, told CNBC that he expects the USD/CNY rate to hit 8 by the end of the year. However, given how the U.S.-China trade war has evolved in recent days, Goltermann said the markets could ""get there sooner.""

However, he added that even that would not fully offset the hike in U.S. tariffs.

China may be more likely to utilize domestic stimulus to offset lost trade and project market stability, said Kamil Dimmich, portfolio manager at North of South Capital LLP. That includes a stable yuan, perhaps even strengthened by repatriating capital from the US treasury market, he elaborated.

On Friday, the PBoC also reaffirmed its plans for a ""moderately loose"" monetary policy as Beijing gears up for heightened uncertainty amid the rapidly intensifying global trade war.

—CNBC's Evelyn Cheng contributed to this report."
2025-04-08,Trump tariffs : Cambodia factories  absolutely not  coming back to US,cnbc.com,https://www.cnbc.com/2025/04/08/trump-tariffs-cambodia-manufacturing-reshoring-us.html,Trump Tariffs / Global Trade War,Trump tariffs; trade war; China; USD; markets,Trade Policy / Geopolitical,"Among the top goals for President Donald Trump and his administration in hitting trading partners with steep tariffs is bringing manufacturing capacity back to the U.S., even if it comes at the price of short-term market and economic duress . But in Cambodia, the Asian country hit with the highest tariff rate of any in the new trade plan, that goal is highly unlikely.

While the 49% tariff rate that the Trump administration is placing on Cambodian goods will lead to an existential crisis for Cambodian factories and workers already at the low end of global income distribution, reshoring of its manufacturing to the U.S. is not going to happen, according to a trade group that represents U.S. interests in the retail manufacturing hub.

""They're absolutely not going to go back to the United States,"" said Casey Barnett, president of the American Chamber of Commerce in Cambodia, the trade association representing U.S. companies manufacturing in Cambodia. ""I can't imagine that Americans want to sit down and sew a pair of sweatpants for long hours of the day,"" Barnett said.

Barnett said manufacturers in Cambodia are looking at other countries to mitigate the tariffs, but the U.S. is not among the options. Some companies are looking to move their supply chains to Egypt, sub-Saharan Africa, India and Indonesia. Other companies are moving more slowly, thinking there might be a reversal on the tariffs.

Factories in Cambodia are by no means in a good position for the moment, according to Barnett, looking for ways to survive for the next few months.

""The labor-intensive garment factories here in Cambodia simply cannot continue to operate with a 49% additional tariff. They can't survive and are looking for alternatives,"" he said.

For now, at least, no new orders are being placed. ""There are orders being paused. Everyone's facing uncertainty and they want to wait a bit to see how the dust settles,"" Barnett added.

The Cambodian government is working on a number of steps to mitigate the pressure, such as fiscal policies, including tax credits.

Under Armour, Rawlings Sporting Goods, Lululemon, Black & Decker, Hugo Boss, Hearth & Home, Eddie Bauer, Dollar General, Diageo, Asics, Adidas and Bass Pro Shops are among the retail companies that import from Cambodia to North America, according to customs data from ImportGenius. There is an ever-wider list of items imported from garments to footwear, travel goods, bicycles, agriculture products, furniture, solar panels, tires and kitchen cabinets.

Andrei Quinn-Barabanov, supply chain industry practice lead at Moody's, says that even if companies manufacture as cheaply as possible, relocating supply chains is a major investment.

""Supply chain investments are meant to be longer term and when you have tremendous uncertainty like this you are unlikely to make these decisions. Companies will wait to see what the tariff response will be from other countries, as well as nontariff restrictions they will put on U.S. companies. You will have very little executive decision-making.""

The White House has claimed that Cambodia's tariffs on the U.S. reach as high as 97%, a claim disputed by the country, as well as by multiple sources of tariffs data, including the World Trade Organization. The Observatory of Economic Complexity, which also studies trade data, says some consumer products such as snacks, cosmetics and automobiles can see much higher tariffs than the average, as high as 35%, in Cambodia. The U.S. average tariff on Cambodian goods is 2.6%, compared to Cambodia's average tariff on U.S. goods of around 8%.

The administration has continued to argue that the return of manufacturing to the U.S. will ultimately lead to greater revenue for the U.S. ""If we put up a tariff wall, the ultimate goal would be to bring jobs back to the U.S. But in the meantime, we will be collecting substantial tariffs,"" Treasury Secretary Scott Bessent said Tuesday on CNBC . ""If we're successful, tariffs would be a melting ice cube, in a way, because you're taking in the revenues as the manufacturing facilities are built in the U.S., and there should be some level of symmetry between the taxes we begin taking in with the new industry from the payroll taxes as the tariffs decline.""

Andre C. Winters, founder and principal of supply chain consultancy and planning company HudsonWinters, recently told CNBC he is doubtful that companies will bring manufacturing back to the U.S. in a hurry. ""This trade war is not an incentive to come back to the United States,"" said Winters. ""Companies will look to other countries that are being hit with lower tariffs. If I'm paying 40% in Vietnam and I can get 20% tariff in another country, I'll go there, because in the end, it is still cheaper than coming back to America.""

Barnett said the U.S. consumer will be footing at least part of the bill, as many companies have warned .

""Unfortunately, it's going to push up the prices for the American consumer,"" he said. ""Cambodia's been helping American families buy those back-to-school clothes at an affordable price. These tariffs are simply going to raise prices for American families and not bring manufacturing back to the U.S.""

Bringing manufacturing back to the United States is not the only reason for the Trump tariffs plan , according to President Trump and his trade advisors, with reducing the nation's trade deficit and debt, and enabling tax cuts, also critical to their strategy, and that has become clear as nations begin to offer tariff concessions.

Cambodia's prime minister sent a letter to the Trump administration in recent days outlining significant reductions in tariff rates for U.S. goods. Vietnam offered to take tariffs on U.S. imports to 0%, an offer that Trump noted, but that the Trump administration later indicated would not be enough for the administration to lift its new levies.

Trade deficits and ""nontariff cheating"" are as important, said White House trade advisor Peter Navarro on Monday in a CNBC interview, in rejecting the premise of the Vietnamese offer.

In a comparison of trade deficits, Cambodia ranks low on the list compared with many international manufacturing nations. U.S. goods trade with Cambodia totaled an estimated $13 billion in 2024, according to the Office of the U.S. Trade Representative . U.S. goods exports to Cambodia in 2024 were $321.6 million, up 4.9% ($14.9 million) from 2023. U.S. goods imported from Cambodia totaled $12.7 billion in 2024, up 9.3% ($1.1 billion) from 2023. The U.S. goods trade deficit with Cambodia was $12.3 billion in 2024 and is not in the top 10 of trade deficits.

( in $billions, as of Dec. 2024 )

Trump advisors have used the term ""burden sharing"" to discuss the broader philosophy behind the aggressive tariffs stance and argue other countries will bear the cost of tariffs. Many economists have pointed to the risks tied to hitting some of the poorest nations in the world with high tariffs. Cambodia is among the 11 nations that account for a small part of the U.S. trade deficit but have exports to the U.S. representing more than 10% of their GDP, according to the Center for Global Development. ""For people working in the apparel industry, the conditions are harsh, but the wages these jobs offer represent a real opportunity, particularly for women,"" it noted.

The more than $1 billion worth of goods from Cambodia that the U.S. has already imported from Cambodia this year marks a year-over-year increase of 22.5%, according to Gilberto Garcia-Vazquez, chief economist at research firm Datawheel. ""This surge underscores Cambodia's deepening dependence on American consumers, who now account for over a third of the country's total exports,"" he said. ""The new 49% tariffs imposed by the Trump administration could erase $4.56 billion in Cambodian exports over the next four years, with garments and travel goods suffering the largest blows.""

Knit sweaters, as an example, could lose $548 million, according to Datawheel, posing a significant risk to Cambodia's garment industry, its workforce, and overall economic stability.

Barnett echoed those fears, saying the tariff rates will only increase poverty in Cambodia, lead to the loss of jobs, and further widen the trade deficit.

""There's a bit of a panic and that's tragic because there are 1 million of the world's poorest people currently employed in this industry here in Cambodia, and many of them are women trying to make ends meet. Their monthly salary is around $300,"" Barnett said. ""Cambodia is between a rock and a hard place."""
2025-04-07,"Europe markets : Live news , stocks , tariffs , economy",cnbc.com,https://www.cnbc.com/2025/04/07/europe-markets-live-news-stocks-tariffs-economy.html,Trump Tariffs / Global Trade War,Trump tariffs; trade war; China; USD; markets,Trade Policy / Geopolitical,"European stocks sank for a fourth straight session on Monday, amid a global equity market rout that kicked off last week following the latest announcements of U.S. President Donald Trump's tariffs regime.

The pan-European Stoxx 600 index fell up to 6% earlier in the session, but slightly pared losses to close 4.54% lower. France's CAC 40 tumbled 4.8% as Germany's DAX shed 4.26% and the U.K.'s FTSE 100 lost 4.4%.

U.S. stocks, which tanked toward the end of last week as the ""Magnificent Seven"" mega-cap tech stocks lost more than $1 trillion in a single day , were also sharply lower on Monday .

Global equity markets were rocked during the afternoon Europe session, briefly spiking into the green following a media report and social media speculation about a potential tariff pause. White House Press Secretary Karoline Leavitt told CNBC's Eamon Javers on Monday that any talk of a 90-day pause was ""fake news.""

Further uncertainty was delivered just before the European close, as Trump threatened to hike tariffs on China by another 50% unless it scraps retaliatory duties.

Read CNBC's live coverage of U.S. tariff policy here .

Last week, the regional Stoxx 600 index notched an 8.4% loss, marking its worst week in five years. In the past decade, the Stoxx 600 only performed worse at the beginning the Covid-19 pandemic in 2020.

Trump announced his full list of so-called reciprocal tariffs , with investors surprised by the extent to which imports from key U.S. trading partners would be hit with new duties.

The move also sparked fears of a global trade war, with China retaliating by slapping 34% tariffs on U.S. goods and the EU vowing to impose countermeasures of its own if negotiations with America fail.

In Asia on Monday, stocks also continued to sell off , led by shares listed in China. Asian economies are set to be among those hit hardest by reciprocal tariffs, with Vietnam targeted by 46% duties, China with new 34% tariffs, while Cambodia has been hit with 49% tariffs and Sri Lanka with 44%. Many of the region's economies play key roles in international firms' supply chains.

Despite the market reaction, Trump has doubled down on his trade policies. On Sunday, the president told reporters that while he didn't want markets to go down, ""sometimes you have to take medicine to fix something.""

Europe's Stoxx 600 index provisionally ended the session 4.54% lower at 473.82 points on Monday, marking its lowest closing level since Jan. 23, 2024.

Utilities, retail, insurance, financial services, oil and gas and chemicals were among the sectors to each lose more than 5%.

U.K. Prime Minister Keir Starmer said his administration is in talks with the U.S. over an economic deal, despite the ""huge challenge"" posed by tariffs.

""We will keep calm and fight for the best deal with the U.S., and we've been discussing that intensely over the last few days,"" he said.

""But we are also going to work with our key partners to reduce barriers to trade across the globe, to accelerate trade deals with the rest of the world, and champion the cause of free and open trade.""

Starmer added that he would only strike a deal if it was in the national interest of the U.K.

He was speaking at the Jaguar Land Rover factory in Birmingham. The company on Sunday said it would pause U.S. shipments for a month as it assesses the impact of U.S. tariffs.

The White House dismissed a wire headline that said Trump is considering pausing new tariffs for 90 days.

""Fake news,"" White House Press Secretary Karoline Leavitt told CNBC's Eamon Javers after a headline that cited Kevin Hassett, the director of the National Economic Council.

Trump himself posted on social media a video of Fox Business host Maria Bartiromo saying, ""Rates are plummeting, oil prices are plummeting, deregulation is happening.""

""President Trump is not going to bend,"" Bartiromo said in the video.

The European Union plans to begin collecting the first tranche of tariffs on U.S. imports from April 15, according to the bloc's Trade Commissioner Maros Sefcovic.

Sefcovic said that the bloc will vote on a plan for countermeasures to Trump's widespread tariffs on April 9. He added that duties will start for the second set of measures on May 15.

The tariffs are in retaliation to Trump's imposition of tariffs on steel, aluminium, and autos and a 20% duty on other goods.

Sefcovic said the U.S. tariffs are impacting 380 billion euros worth of Europe's exports to the United States, amounting to around 70% of total exports.

""To put it in a perspective, over 80 billion euros in duties, an 11-fold jump from 7 billion euros the US currently collects from day one,"" he added.

The trade commissioner said Europe had offered zero for zero tariffs for cars and all industrial goods and that if both sides were willing to team up, there was the potential for a ""truly transatlantic marketplace"" that benefits Europe and the U.S.

U.S. stocks began Monday in the red, with the S&P 500 following the Nasdaq Composite to enter bear market territory.

The broad market index fell 3.5%. The Dow Jones Industrial Average slipped around 3.1%, while the tech-heavy Nasdaq Composite declined 3.7%.

A rally in global bonds as investors flock to safety eased Monday, as investors assess a flurry of news on stocks , tariffs , inflation and more.

The yield on the U.S. 10-year Treasury was 5 basis points higher at 2:32 p.m. U.K. time (9:32 a.m. ET), slightly rebounding from recent losses. The 2-year Treasury yield was down nearly 5 basis points.

In Germany, a gauge for the wider euro zone, the 2-year bund yield was 9 basis points lower while the 10-year bund yield dipped 3 basis points.

U.K. gilts were also mixed, with the 2-year flat and the 10-year higher by 7 basis points.

Europe will establish a new import surveillance task force, as it looks to diversify its trade portfolio in the wake of Trump's sweeping tariffs.

""Further diversifying our trade relations is very critical for us, because this broadens the market opportunities and is crucial for our companies,"" European Commission President Ursula von der Leyen said at a press briefing.

""So we will focus like a laser beam on the 83% of global trade that is beyond the United States, vast opportunities, and this is why we're deepening our relations with our trading partners.""

Von der Leyen mentioned existing deals with Mexico and Switzerland, and potential deals with India, Thailand, Malaysia and Indonesia.

Europe stands ready to respond to Trump's aggressive tariff agenda with counter measures if necessary, she said, but the region still stands ""ready to negotiate"" with the U.S. if possible.

JPMorgan Chase CEO Jamie Dimon said in his annual letter that Trump's tariffs will likely boost prices on both domestic and imported goods , weighing down a U.S. economy that had already been slowing. He is the first CEO of a major Wall Street bank to publicly address Trump's sweeping tariff policy as global markets crash.

""Whatever you think of the legitimate reasons for the newly announced tariffs – and, of course, there are some – or the long-term effect, good or bad, there are likely to be important short-term effects,"" Dimon said. ""We are likely to see inflationary outcomes, not only on imported goods but on domestic prices, as input costs rise and demand increases on domestic products.""

Dimon said whether tariffs will cause a recession remains in question, but they will undoubtedly slow down growth.

If the S&P 500 ends at least 4% Monday — which would mark its third straight day of a losses of 4% or greater — this would mark the first time since the Great Depression in 1933 it has notched such large back-to-back consecutive losses, according to the Carson Group's Ryan Detrick.

This would also be only the third time in history the broad market index has finished 4% or lower for three straight days, all of which were during the Great Depression.

— Hakyung Kim, Adrian van Hauwermeiren

Germany's DAX index was 6.1% lower at 10:13 a.m. in London, putting it on course for its biggest daily decline since the Covid-19 pandemic began in March 2020.

The country's MDAX index — home to 50 German mid-caps — was also on course for its worst trading day since 2020.

German-listed stocks suffering the biggest blows on Monday include defense giants Thyssenkrupp, Hensoldt and Rheinmetall, down 10.6%, 10.7% and 9.5%, respectively, as well as sports apparel giants Adidas and Puma, which shed 8% and 9%.

The European Stoxx 50 Volatility index was 51% higher at 9:53 a.m. in London, putting it on track for its best day in 10 years.

The index is designed to reflect expectations of near- and long-term volatility in European markets.

The German VDAX index — a gauge of the volatility outlook for German stocks — also edged toward its biggest daily gain in 10 years after jumping 35.2%.

The euro was 0.6% higher against the U.S. dollar on Monday morning.

Last week, the currency reached a six-month high.

Shares of German arms manufacturer Rheinmetall fell sharply on Monday morning.

Rheinmetall traded 17% lower at around 8:35 a.m. London time (3:35 a.m. ET), paring some of its losses after falling as much as 27% shortly after the open. The company had briefly been on track for its worst day on record, Reuters reported.

Shares of German defense giant Thyssenkrupp fell 10%, Swedish defense manufacturer Saab tumbled 7.3%, while trading was halted for Italy's Leonardo after a sharp fall.

It comes amid a broad and severe market sell-off following the announcement of U.S. President Donald Trump's sweeping tariff policy. Europe's defense giants, which have surged in recent months, were among those leading the losses.

European stocks dropped sharply after Monday's opening bell, as the fallout from U.S. President Donald Trump's so-called reciprocal tariffs continued.

The Stoxx 600 surpassed a 6% loss shortly after trading began, before pulling back slightly to a loss of around 5.9% by 8:26 a.m. in London. Germany's DAX index, home to some of the region's biggest companies, initially shed more than 10% before paring some of those losses to trade around 7% lower.

British oil major Shell trimmed its first-quarter liquefied natural gas production outlook.

In a trading update published Monday, the London-listed company said LNG liquefication volumes would likely reach between 6.4 million and 6.8 million metric tons, down from a previous forecast of 6.6 million to 7.2 million tons.

Shell said first-quarter exploration well write-offs were expected to be around $100 million.

The energy major is scheduled to report first-quarter earnings on May 2."
2025-07-10,CCTV Script 09 / 07 / 25,cnbc.com,https://www.cnbc.com/2025/07/10/cctv-script-09/07/25.html,Trump Tariffs / Global Trade War,Trump tariffs; trade war; China; USD; markets,Trade Policy / Geopolitical,"– This is the script of CNBC's financial news report for China's CCTV on July 9 , 2025.

On Tuesday local time, after Trump threatened to impose a 50% tariff on copper, U.S. copper futures prices surged—at one point rising by about 17% before pulling back. However, by the close of trading, prices still ended at a record high.

Overnight, July-delivery COMEX copper futures rose by 66.05 cents per pound to settle at $5.645 per pound, a gain of about 13%. According to Dow Jones Market Data, this marked the largest single-day increase for that futures contract since 1968.

Trump's copper tariff threat comes at a time when the U.S. and countries around the world are projecting a significant increase in copper demand over the next decade. Data centers, automakers, and utility companies are increasingly relying on copper as a key material to build power grids, produce electric vehicles, and support the development of AI and digital infrastructure.

According to the U.S. Geological Survey, refined copper consumption in the U.S. in 2024 is around 1.6 million tons. Although the U.S. has abundant copper resources, it still depends on imports from key trading partners to meet demand. Chile is the largest source, accounting for 38% of imports, followed by Canada at 28%, and Mexico at 8%. Research from Morgan Stanley shows that net imports account for 36% of total U.S. copper demand.

As a result, Trump's tariff threat has triggered a clear price premium for U.S. copper futures over the global benchmark, London copper futures.

According to Bart Melek, Head of Commodity Strategy at TD Securities, when adjusted for exchange rates, U.S. copper prices are currently about $2,000 per ton higher than those in London. This is a significant spread that could attract more copper into U.S. warehouses, thereby putting pressure on global copper supplies.

Reporting by the Financial Times also shows that many traders have rushed to ship copper into the U.S. ahead of potential tariff implementation. Large volumes of copper have already flowed into the U.S. from Europe and Asia. Some analysts describe copper trading now as the most sentiment-driven in the entire metals market.

Meanwhile, regarding Trump's claim that he would impose tariffs as high as 200% on foreign-made pharmaceuticals, the U.S. pharmaceutical lobby groups have issued warnings, saying that medicines have traditionally been exempt from tariffs and that adding tariffs would raise costs and risk supply shortages.

PhRMA, the largest pharmaceutical lobby group in the U.S., reiterated its opposition to tariffs on medicines in a new statement. The group said that every dollar spent on tariffs means one less dollar available for domestic manufacturing or future medical innovation.

In 2024, total U.S. pharmaceutical imports amounted to around $212 billion, making medicines the country's fifth-largest import category. Experts warn that imposing tariffs on pharmaceuticals could lead to higher drug prices for Americans.

“That would be potentially disastrous for every person, because we need those pharmaceuticals, and it takes those companies a very long time to produce them here in the US."""
2025-07-09,U . S . copper price spike could have severe economic consequences,cnbc.com,https://www.cnbc.com/2025/07/09/us-copper-price-premium-economic-consequences.html,Trump Tariffs / Global Trade War,Trump tariffs; trade war; China; USD; markets,Trade Policy / Geopolitical,"The cost of copper for U.S. buyers has rocketed after President Donald Trump said he would impose a 50% tariff on imports of the metal.

It means that already elevated prices are now even higher in the U.S. than elsewhere — and analysts warned of a hit to businesses and the wider U.S. economy as a result.

The U.S. imports just under half of its copper, which is used in products ranging from machinery, electronics and household goods to housing and infrastructure projects. Trump's stated ambition is to increase domestic production, but experts say this will take years to ramp up and decades to fully meet demand — at a massive up-front investment cost.

Traders have been poised for a presidential announcement on copper duties since February, leading to major shifts in inventories away from Europe and Asia and into the U.S.

However, the rate and timing was unclear — and market participants say they remain so, given the ambiguity in official messaging this week, potential room for exemptions to be negotiated, and recent examples of swift policy changes from the White House. Commerce Secretary Howard Lutnick told CNBC Tuesday the duties would likely be implemented at ""the end of July, maybe August 1.""

U.S. copper prices ended Tuesday's session over 13% higher — the sharpest single-day gain since 1989 — marking a record close of $5.69 per pound. On the London Metal Exchange (LME), the global benchmark, prices rose just 0.3%.

It's a reflection of the unusually wide premium that's developing between U.S. copper and the metal elsewhere.

As U.S. prices remain elevated despite larger-than-usual inventories, the gap in U.S. Comex futures over those on the LME has fluctuated between $500 and $1,500 since Trump announced a probe into copper in February. Historically, that rate has been near-zero, and was around the $150 level in 2024.

Prices on the Shanghai Metals Market, meanwhile, have been similar to those on the LME.

On Tuesday, the Comex-LME price premium soared by 138%, moving above $2,600 a tonne, according to London-based agency Benchmark Mineral Intelligence.

By August, Benchmark said that U.S. consumers could be paying around $15,000 per metric ton for copper, while the rest of the world pays around $10,000, assuming the 50% tariff rate comes into effect at the start of the month.

This huge discrepancy will start to have a major economic impact, Daan de Jonge, Benchmark's lead analyst for copper demand and prices, told CNBC.

""On household spending, if you're buying a new fridge, air conditioner, car, everything is going to get more expensive, and companies could reasonably be expected to pass that on,"" he said. Depending on the final baseline tariff rates, U.S. consumers could opt to buy goods produced more cheaply abroad due to that impact.

""If we're looking at public investment, U.S. debt has got more expensive, the dollar is declining, and now you're getting a major raw material cost increase for infrastructure investments ... I'd expect that to start showing employment effects.""

Another side effect may be that projects start to swap copper for cheaper aluminum, which in some cases can be used as a replacement, though it is heavier and more expensive to maintain in the long run, de Jonge said.

""All of this definitely enters the risk range of demand destruction,"" he noted.

Obstacles to increasing domestic production include longstanding permitting delays for mining projects and the huge cost of opening new facilities, which would rely on current market dynamics persisting long into the future.

""The question is, can America substitute imported products with domestically-made products, and how quickly?"" Peter Chase, senior fellow at the German Marshall Fund, said Wednesday on CNBC's ""Squawk Box Europe."" Major sources of U.S. copper include Chile, Canada, Peru and Mexico.

""There's a reality that has to be dealt with, and the price of copper with a 50% tariff is not going to mean copper production in the U.S. goes through the roof tomorrow.""

Chase said U.S. consumers and businesses will feel an immediate impact, and it will likely hit the U.S.'s AI infrastructure build-out plans.

Analysts at Citi, meanwhile, called Tuesday a ""watershed moment for the copper market in 2025.""

""Imminent flagged tariff implementation should abruptly close the window for further significant U.S.-bound copper shipments (possibly for the rest of 2025),"" they said in a Wednesday note, saying this would cause a pullback in ex-U.S. pricing.

However, they do not expect the Comex-LME premium to reflect a full 50% tariff, given both the recent U.S. inventory build-up and the likelihood of key U.S. copper exporters eventually negotiating a lower rate — another possibility still hanging over the market."
2025-07-09,CCTV Script 08 / 07 / 25,cnbc.com,https://www.cnbc.com/2025/07/09/cctv-script-08/07/25.html,Trump Tariffs / Global Trade War,Trump tariffs; trade war; China; USD; markets,Trade Policy / Geopolitical,"– This is the script of CNBC's financial news report for China's CCTV on July 8, 2025.

On Monday local time, U.S. President Trump sent letters to Japan, South Korea, South Africa, and 14 other countries threatening to impose tariffs, while also extending the suspension period for reciprocal tariffs to August 1. This underscores that, as the negotiation deadline approaches but progress remains slow, the Trump administration is ramping up pressure, which in turn has heightened market tension.

At Monday's close, the Dow Jones Industrial Average fell 0.94%, the S&P 500 fell 0.79%, and the Nasdaq Composite dropped 0.92%. It was the worst single-day performance for the three indices since mid-June.

Meanwhile, the VIX volatility index, a gauge of market fear, rose 1.77% to 17.79.

Analysts say the market is currently in a conflicted state, mainly due to credibility concerns over the Trump administration. When Trump first proposed the tariff policy in early April, markets plunged. But when the administration later backed off, markets rebounded. Now, although the new tariff threats have stirred volatility again, investors are watching closely to see whether the latest statements are merely political posturing or actual policy moves.

Trump's latest threat to impose a 30% tariff on South Africa caused the South African rand to weaken 1.6% against the U.S. dollar. The threat could further strain South Africa's economy.

South Africa is the largest beneficiary of the The Africa Growth and Opportunity Act and currently enjoys tariff-free access for its exports to the U.S. If that access is disrupted, several of South Africa's export sectors could take a hit.

Among them, the citrus industry—a key part of South Africa's agricultural exports—is one of the most tariff-sensitive. Industry insiders warn that if the U.S. imposes tariffs on citrus, South Africa could lose up to 35,000 jobs, worsening the already severe unemployment and economic pressure in the country.

Bloomberg, citing sources, reports that EU-U.S. trade talks have now entered the final stretch. The EU is seeking to cap tariffs on its exports to the U.S. at 10%.

The EU is also hoping to secure exemptions for key products such as aircraft, aircraft parts, and wine. Sources say the two sides are discussing a so-called ""offset mechanism"" that would allow EU carmakers with factories in the U.S. to export a certain number of vehicles tariff-free. However, some EU officials are concerned that this might lead to investment and production shifting to the U.S. Bloomberg reports that even if a preliminary deal is reached, it is likely to be short-term and non-binding.

Experts point out that one remaining leverage the EU and others have is the digital services tax. The Trump administration's tariff moves mainly target goods, but trade also includes services. Many countries now import large volumes of U.S. digital services, such as streaming platforms like Netflix, leading to a persistent U.S. surplus in services trade.

""So those things, of course, are now suddenly becoming very important, because if countries such as Europe, Canada, others suddenly begin to apply a digital services tax on tariff on the digital side, then of course it could be a whole different discussion.""

Analysts say the next three weeks of buffer time may prove crucial. Countries finally have a chance to propose countermeasures or provide rough estimates of acceptable tariff levels. In that sense, negotiations are only now entering a truly substantive phase. But for markets and businesses, it also means the uncertainty of a trade war is heating up again. We'll continue to follow developments closely."
2025-07-07,The declining dollar faces more headwinds after posting worst first - half return in 52 years,cnbc.com,https://www.cnbc.com/2025/07/07/the-declining-dollar-faces-more-headwinds-after-posting-worst-first-half-return-in-52-years.html,Trump Tariffs / Global Trade War,Trump tariffs; trade war; China; USD; markets,Trade Policy / Geopolitical,"Fresh off its worst performance since Richard Nixon was president, the U.S. dollar faces a variety of headwinds heading into the second half of the year that could have important investing implications.

The greenback tumbled 10.7% against its global peers through June, making it the worst first half since 1973, back when Nixon broke the Bretton Woods gold standard. At its bottom, the currency hit its lowest point since February 2022.

The path ahead may not look much brighter.

That's because many of the same factors — policy volatility, swelling debt and deficits and potential interest rate cuts from the Federal Reserve , just to name a few — likely will stay on the minds of investors as they seek other avenues for safe havens.

""Some of this was probably due, and then we've certainly given currency traders enough to contemplate for what's the catalyst now,"" said Art Hogan, chief market strategist at B. Riley Wealth Management. ""You could check a lot of boxes. You're running massive deficits, and nobody wants to stop that on either side of the aisle. You're alienating friends both militarily and trade-wise. You've got enough potential negative catalysts. And then once momentum starts, it's hard to kind of stop it.""

Indeed, the dollar's slide started in mid-January and has shown only occasional signs of moderating since. Hopes that President Donald Trump's tariffs would not be as steep as thought helped spark a brief rally in mid-April, but for the most part the gravitational pull has been lower.

Of course, the dollar's slide hasn't exactly been poison for stocks.

With more than 40% of revenue for S&P 500 companies coming from international sales, a weaker dollar helps make American exports cheaper, an important point to consider amid the ongoing trade war.

However, the move lower has coincided with growing chatter about the potential end of American exceptionalism and dollar hegemony, with the public share of U.S. debt nearing $30 trillion and the 2025 deficit on track for close to $2 trillion. Should American assets such as the greenback and Treasury debt lose their prominence on the global stage, that could have strong ramifications for risk assets like stocks.

Global central banks, for one, are ramping up their gold purchases, to 24 tons a month, per the World Gold Council, as an alternative to U.S. assets. Gold had its best first-half run since 1979.

""We think central banks are buying gold to diversify reserves, reduce reliance on the [dollar], and hedge against inflation and economic uncertainty,"" Lawson Winder, research analyst at Bank of America, said in a note. Winder said it's ""A trend that we think is set to continue, especially amid uncertainty surrounding US tariffs and fiscal deficit concerns.""

Likewise, TS Lombard is maintaining a short position on the greenback, which it calls ""the gift that keeps on giving.""

""Trump's attacks on the Fed and the administration's explicit desire for a weaker dollar only add to that view,"" wrote Daniel Von Ahlen, senior macro strategist at the firm. ""The dollar remains overvalued on most FX metrics ... With USD negatives ubiquitous, why not expect the dollar to become undervalued? We remain firmly short dollar across a range of trades in our book.""

The Federal Reserve also could exert more downward pressure by coming through on expected rate cuts in the back part of the year. However, the impact of Fed loosening can be tricky to handicap, considering that the dollar and Treasury yields rose sharply when the central bank last cut in 2024.

To be sure, the dollar's continued decline is by no means a sure thing, and others on Wall Street think the trend down could reverse.

Thomas Matthews, head of Asia Pacific markets at Capital Economics, said the recent rally in stocks points to growing comfort with U.S. assets, with the earlier dollar weakness perhaps just a product of the intended appreciation of other currencies as well as a switch in hedging strategies.

Wells Fargo also thinks dollar-related fears are overblown.

""Taking a statistical approach to analyzing the U.S. dollar's role, it is clear to us that the greenback remains the linchpin of global trade and finance and is far from becoming irrelevant,"" Wells Fargo investment strategy analyst Jennifer Timmerman wrote. ""We believe the U.S. dollar benefits from deep-seated advantages (such as the rule of law, transparency, and a highly liquid financial market) that make a global shift away from the dollar an extremely difficult and slow-moving process – especially because of underlying weaknesses of the most visible dollar alternatives.""

Treasury Secretary Scott Bessent also weighed in, telling CNBC on Monday that the currency fluctuations are ""not out of the ordinary.""

However, rising yields on Treasury debt also signifies that concerns over the dollar and other U.S. assets linger.

""We're in that stage of being overdone to the downside in terms of the momentum,"" said Hogan, the B. Riley strategist. ""But fundamentally, you could certainly whiteboard out plenty of things that you'd be concerned about."""
2026-02-06,Trump tariffs fueled Customs bond boom . Billions hang on Supreme Court,cnbc.com,https://www.cnbc.com/2026/02/06/supreme-court-trump-tariffs-case-decision-refunds-customs-bonds.html,Trump Tariffs / Global Trade War,Trump tariffs; trade war; China; USD; markets,Trade Policy / Geopolitical,"If the Supreme Court rules President Donald Trump's International Emergency Economic Powers Act (IEEPA) tariffs are illegal, U.S. companies would not only be in line to receive tariff refunds , but also billions of dollars paid to insurance companies in customs bonds and collateral. Customs bonds , also known as surety bonds, provide coverage to importers guaranteeing the payment of duties and taxes levied on imported goods. The value of these bonds and related collateral has soared alongside the steepening tariffs levied by the Trump administration.

Importers buy these bond through specialized insurance companies known as surety companies. These bonds, issued around 30 days before their imports arrive in the United States, are required by U.S. Customs and Border Protection for all trade entering the country to ensure that Customs collects the requisite tariffs in the event that an importer does not pay its obligation. The bonds are held for 314 days by Customs in accounts that bear no interest. During this time, duties that were paid can be reviewed and receive final government sign-off.

U.S. importers pay a premium to insurers for their bonds, with the premium typically calculated as 1% of the bond limit, and these bonds have soared as tariff rates rose. The price of customs bonds covers 10% of the duties and taxes paid over a rolling 12-month period, so if tariffs and taxes go up, the customs bond goes up as well.

""With some tariffs increasing from 10%-25% or more for certain products, importers are facing customs bond amounts that now range from the minimum bond amount by regulation of $50,000 to $450 million,"" said Vincent Moy, international surety leader for Marsh Risk. ""We have seen bond increases of upwards of 200%. In one unusual case, a large auto manufacturing client saw its custom bond amount increase by 550%,"" he said.

Insurers, in turn, are making more money from premium collection, says Meyer Shields, managing director in property and casualty insurance at KBW. Customs bonds can be purchased either for a single entry bond for one shipment or a continuous bond, where a shipper imports multiple shipments a year and covers the entire year.

In some cases, according to Moy, the change in tariff rates and increase in the price of the imports has resulted in companies receiving ""insufficient notices"" from Customs.

Jennifer Diaz, board-certified international attorney at Diaz Trade Law, said the number of bond insufficiency notices issued has quadrupled since 2017 and has accelerated recently due to the volatile tariff environment. In 2019, insufficiency notices soared because of tariffs related to Section 301 of the Trade Act of 1974.

For the Jan.-July period of 2025, the most recent for which U.S. Customs data is available, bond insufficiencies were close to $1.5 billion. Total bond insufficiencies for 2024 were $545.7 million. According to a November estimate from global shipping company Western Overseas Corporation, the nationwide number of customs bond insufficiencies issued by U.S. Customs has increased by nearly 526 percent.

Trade attorneys tell CNBC importers should be requesting reminders of when their bond is about to expire because the money in the existing bond may be running low.

""You don't want imports sitting at the ports because your bond doesn't cover the tariffs,"" Diaz said. ""Importers should speak with their surety and customs broker and ask to be reminded when the bond is about 75% saturated. It usually takes about 10 days for a new bond to be issued, so you don't want your imports to be sitting at the port being charged detention and demurrage fees.""

According to Diaz, 50% of insufficiency notices are for bonds under $100,000.

These increases in bond limits have forced some companies to issue collateral in addition to the bonds to guarantee the company can pay the tariff bill. ""If companies do not increase their collateral, the goods will be stopped at the port,"" Moy said.

The collateral is held by the insurance company that issues the bond for the 314-day period dictated by U.S. Customs for the bond guarantee process.

""The duties are just so much higher than they've ever been,"" said John Sheppard, executive vice president of insurance brokerage at Shea & Company, specializing in the placement, administration, and claims handling of U.S. Customs bonds. ""This underwriting process is a complex process involving credit evaluation and the quality of the importer's ability to respond to customs would be. If the surety determines the principal will unlikely be able to meet their obligation under the bond, that is when things like collateral or additional guarantees are brought into play.""

Surety experts tell CNBC that while there is sufficient insurance supply to meet this demand, it is causing a flurry of activity in the market to complete transactions. ""The uncertain tariff environment is impacting importers of capital goods, luxury brands, and everyday necessity products,"" Moy said. ""These companies work with surety bond brokers to find surety insurers with the financial strength to support multi-million-dollar bonding limits.""

Surety insurers are developing new risk modeling tools to determine the terms and pricing for the larger and less predictable liabilities. As a result, many importers are paying significantly higher premiums to maintain their customs bonds, which now come with stricter credit terms. ""Well-capitalized importers will qualify for larger customs bonds, while those with weaker balance sheets may be required to post additional security/collateral with the surety providers, which can put a strain on their liquidity positions,"" Moy said.

But trade experts also tell CNBC that the situation for importers has been complicated by the fact that it is difficult to forecast import duties over a rolling 12-month period when the tariff rates are changing so quickly. Insufficiencies, sudden collateral demands, and a scramble to adjust bond agreements have become the norm rather than the exception for many.

Analysts tell CNBC the growth in the value of imports has boosted demand for insurers like RLI , CNA, Skyward, Chubb, Liberty Mutual, and Palomar Specialty Insurance.

""Increased customs bond requests offset the slowdown in renewable energy, with both trends driven by government policy,"" RLI chief operating officer Jen Klobnak said on the insurer's fourth quarter conference call earlier this month.

But if the Supreme Court rules the IEEPA tariffs are illegal, that's bad news for insurers but good for the companies seeking refunds.

""If tariffs are refunded, the bond amounts associated with those imports will be allowed to reduce to levels sufficient to cover the duties, taxes, and fees,"" Moy said. ""Companies will need to petition the insurance company that issued the bond for a reduction of the bond and collateral.""

""If tariffs are ruled illegal and there are refunds, it would be a revenue headwind,"" Shields said. ""It is a fair amount of work for insurance companies to audit accounts, but the reconciliation process is not new for them. However, the magnitude of trade has grown,"" he said. But Shields added that in the bigger picture, ""the upside to have freer trade and less uncertainty wins the day. Clarity is more positive than negative,"" he said, even if insurers have to return bond funds.

Another layer of uncertainty is the potential for any new tariffs the Trump administration enacts to replace the existing IEEPA tariffs if the Supreme Court rules those tariffs illegal. The Trump administration has promised it has other legal means to enact tariffs ready to go which would substantially replace the IEEPA tariffs and have the same policy effect.

David Craven, counsel to Diaz Trade, said the threat of new replacement tariffs coupled with the existing liability facing surety companies suggests that any refunds would not be immediate. ""The fact that liability has gone up, and Customs is now asking the sureties for collateral ... operations are at risk, and sureties understandably don't want to be caught holding the bag,"" Craven said.

The Supreme Court did not issue the highly anticipated ruling on Trump's IEEPA tariffs before a month-long recess began earlier this month, meaning the earliest possible date for an opinion is now February 20.

Moy warned that in the event the Court does rule against Trump, companies should expect some lag time in receiving these funds due to insurance paperwork requirements. The insurance company will need to verify and audit the paper trail before it releases any collateral.

""Some sureties have collateral return review procedures that can take 30 to 60 days for them to go back to underwriting to review. That's typical,"" Diaz said. She added many small and medium-sized businesses should now be asking their surety for a return, so the process to get this reviewed starts. ""If you are hoping that the collateral will just be returned in due course, the squeaky wheel may make this happen a little bit faster,"" she said."
2026-01-22,Trump tariffs : U - turn after Greenland  deal  revives TACO trade talk,cnbc.com,https://www.cnbc.com/2026/01/22/trump-tariffs-greenland-europe-deal-taco-trade-sell-america.html,Trump Tariffs / Global Trade War,Trump tariffs; trade war; China; USD; markets,Trade Policy / Geopolitical,"U.S. President Donald Trump 's latest retreat from a trade war has catalyzed an international asset rally — and revived investors' talk of ""TACO"" — ""Trump Always Chickens Out.""

Speaking to CNBC's Joe Kernen at the World Economic Forum in Davos, Switzerland, on Wednesday evening, Trump said he'd walked back tariffs on European allies because he now had ""the concept of a deal"" over Greenland, after weeks of demanding to annex it for the U.S.

He had threatened to impose 10% tariffs on eight European countries that opposed his push to ""buy"" the Arctic island. They would have risen to 25% from June 1.

Europe vowed an ""unflinching"" response to any new tariffs and stocks, bonds and the U.S. dollar staged a steep sell-off on Tuesday, as investors panicked about the fresh possibility of a trade war.

But Wall Street's major averages jumped after Trump's walk-back on Wednesday, with stock futures pointing to an extension of those gains on Thursday morning. The rebound rippled globally, with equities listed in Europe and Asia also rising when regional markets reopened Thursday.

Amid the global rally, one of the key fixtures of investing in 2025 stepped into the new year: the ""TACO"" trade.

The phrase refers to the president's history of threatening to leverage intense levies, only to ease, delay or cancel them. It was coined last year after Trump's ""liberation day"" announcement of tariffs in April shocked markets but investors grew skeptical of his follow-through when he eventually backed down. Market reactions to subsequent U.S. trade policy announcements were more muted or saw recoveries more quickly.

Russ Mould, investment director at AJ Bell, likened today's market moves to those seen last year.

""Donald Trump's TACO bell has rung once again, much to the joy of financial markets,"" he said in a Thursday morning note. ""Trump has form in chickening out of his threats … there are a lot of similarities with the liberation day market wobble in April 2025 and now.

""In both situations, Trump took an aggressive stance and then backed down after financial markets wobbled.""

However, Mould added that some signs of lingering caution remain at play, with markets appearing to be regaining balance rather than ""moving into top gear.""

""Gold's rally paused for breath, albeit it was notable there wasn't a major sell-off in the metal,"" he said. ""That suggests investors are keen to keep some safety elements in their portfolio. Healthcare and tobacco stocks were also in vogue, which is normally what you would expect on a day of worry, not when markets rebound.""

Alan Siow, co-head of emerging market corporate debt at asset management giant Ninety One, told CNBC on Thursday that the TACO mindset was the driver of the risk asset rally seen after liberation day — and that it seemed to still be influencing markets.

""We don't have any evidence yet that this has changed, but over the last two days at Davos, I think we have seen from the rhetoric of global leaders that something has hardened and perhaps permanently changed at the policy level, which will then feed down into wider economy via changes in business and investment plans,"" he said.

""Even if the reality remains TACO in the near term, perhaps we will now see a lasting change in underlying behavior — but to be fair, given how fast moving the recent developments have been, it's too early to tell.""

Paul Surguy, managing director and head of investment management and proposition at London-based wealth management firm Kingswood Group, said that although markets do react negatively to certain White House policies, those reactions have generally grown more muted since liberation day.

""The initial position — a worst-case scenario is announced with the view of a more palatable deal being struck later — is exactly what we have seen with comments over Greenland,"" he told CNBC in an email. ""As yet, scant details have been released regarding the 'framework' deal. That being said, with a more conciliatory tone, markets have responded positively.""

Toni Meadows, head of investments at BRI Wealth Management, struck a more skeptical tone on the TACO trade, urging investors to wait for details on the Greenland ""deal"" — and for Europe's response.

Meadows said the markets would initially ""claim back some or all of the falls"" before Trump announced a potential Greenland deal.

""There is relief but this is just one area of many that the U.S. president is seeking to shake the tree to see what he can get for America, based on his agenda of resource imperialism,"" he added.

Meadows noted that markets were also monitoring domestic White House policies like a proposed cap on credit card rates.

""Investors will [now] likely try to get back to digesting the impact of the U.S. earnings season,"" he said. ""But this will only last until Trump's next announcement."""
2026-01-22,CNBC Inside India newsletter : EU - India deal wont be a substitute to a U . S .- India pact,cnbc.com,https://www.cnbc.com/2026/01/22/cnbcs-inside-india-newsletter-eu-india-deal-wont-be-a-substitute-to-a-us-india-pact.html,Trump Tariffs / Global Trade War,Trump tariffs; trade war; China; USD; markets,Trade Policy / Geopolitical,"While temperatures are below freezing point at Davos, geopolitical tensions have been on the boil as U.S. President Donald Trump's pursuit of Greenland has thrown transatlantic relations in disarray.

As Europe appears to stand up to Trump, it is seeking newer trade alliances with its focus now on partnering with the world's fastest growing large economy — India.

European Commission President Ursula von der Leyen said at the World Economic Forum in Davos on Tuesday that the European Union was on the ""cusp of a historic trade agreement"" with New Delhi. ""We are choosing fair trade over tariffs. Partnership over isolation. Sustainability over exploitation,"" she said.

For New Delhi, which has been facing the brunt of punitive U.S. tariffs, this could be a much-needed shot in the arm. Since Trump imposed 50% tariffs on the Asian economy in August last year, it has been looking at alternate markets for its exports and has entered into trade deals with several countries.

""India's openness to trade agreements predates Trump 2.0, but we have seen deals accelerate as countries look to grow together in an uncertain global environment,"" said Richard M. Rossow, senior adviser and chair on India and Emerging Asia Economics at the Center for Strategic and International Studies.

Over the past few months, India has announced trade deals with UK, Oman, and New Zealand. On Monday, UAE and India vowed to double trade to over $200 billion by 2032, with New Delhi also signing a $3 billion LNG procurement deal with the Middle Eastern country.

India will be hoping that the European Commission president's visit to New Delhi on Jan. 25-27 ends with an announcement of a trade deal, as the country strives to boost its exports and make up for the decline in shipments to the U.S. Experts told CNBC that announcement of a deal during the visit is quite likely.

But they also say that an India-EU trade pact, dubbed by some as the ""mother of all deals"" — a characterization von der Leyen highlighted in her speech at the WEF — will not replace U.S. as India's No.1 export destination.

""The EU deal is now central to India's external economic strategy precisely because there is no trade deal with the U.S,"" said Arpit Chaturvedi, advisor with Teneo's geopolitical risk advisory team.

It gives India an ""alternative anchor in the West"" and restores some bargaining leverage to strike a deal with the U.S, he added.

According to European Commission data, goods trade between India and the EU in 2024 was over 120 billion euros (about $140 billion), making it India's largest trading partner. Machinery and appliances, chemicals, base metals, mineral products and textiles are New Delhi top exports to the bloc.

Radhika Rao, senior economist DBS Bank Singapore, said a trade agreement with the EU might not include sensitive segments like steel, auto, and agriculture, which may be covered separately.

EU countries' trade with India is nearly on par with New Delhi's goods trade with the United States and China.

But headline trade numbers do not reflect the reality of India's dependency on the U.S. market: In 2024, India's goods trade surplus with the U.S. was $45.8 billion, while for EU it was substantially lower at $25.8 billion.

India's total exports to six major EU markets — Netherlands, Germany, Italy, Spain, France and Belgium — was $43.8 billion in the 9-month ending December compared to $65.88 billion for the U.S. alone.

Given the size of its exports to the U.S., most deals New Delhi is making are ""partial shock absorbers,"" not a remedy for the loss of trade with the U.S., said Chaturvedi from Teneo.

""The India-EU agreement can partially mitigate the U.S. tariff impact on exports,"" said Vishrut Rana, senior economist at S&P Global Ratings, but added that the a trade deal with U.S. remains key for India's economy.

A deal between India and the U.S. has been a work in progress for a long time. Earlier this month, U.S. Commerce Secretary Howard Lutnick on a podcast said that India could have been the second country to get a deal after the U.K., which signed an agreement with Washington in May.

""I set the deal up. But Modi had to call President Trump. They were uncomfortable with it, so Modi didn't call,"" Lutnick said. The Indian side has called these comments ""inaccurate.""

Following Lutnick's remarks, Sergio Gor, who took charge on Jan. 12 as the U.S. ambassador to India, said that finalizing a trade deal with a large nation like India was ""not an easy task,"" but the U.S. was ""determined to get there.""

Absence of a deal has further pressured the Indian rupee amid volatility in exports to the U.S. Exports dropped 1.8% in December, after jumping 22.6% in the prior month. The rupee is trading at 91.56 per dollar, with improvement hinging on a trade deal with the U.S.

While the ""mother of all deals"" is an important one for New Delhi, it's unlikely to be large enough to shield the country from the adverse impacts of U.S. tariffs in the absence of trade pact.

""The loss of the U.S. market can never be compensated by EU even after the FTA,"" said Ajay Srivastava, founder of New Delhi-based think tank Global Trade Research Initiative.

Michael Wan of MUFG Bank said continued outflows from foreign institutional investors and repatriation of foreign direct investments into India from private equity players are the reasons why he expects the rupee to underperform in 2026 relative to other countries.

Amish Shah, head of India research at BofA Securities, details his outlook for Indian markets in the coming year, adding that the lack of fiscal room for stimulus measures in the union budget for financial year 2027 could lead to a market sell-off.

India and UAE plan to double bilateral trade. India plans to increase trade with UAE to $200 billion by 2032. State-owned companies of the two countries signed a 10-year liquefied natural gas supply agreement worth $3 billion. Growth slows down for Reliance Retail in December quarter. The third largest vertical of India's biggest conglomerate, Reliance Industries, reported slower growth, leading analysts to reduce earnings estimates and cut stock target price, even as they maintain a buy rating on Reliance shares.

India's exports to China soar in December. Exports to China surged 67% in December to $2 billion, in contrast to goods shipped to the U.S. — New Delhi's biggest export market — that dropped 1.8% to $6.8 billion.

India, as China was 15 years ago, has a lot of growth ahead. It's growing 7.5% per year. It's the fourth biggest economy now … I think we should not underestimate India. And I think the Indian story is just starting.

As of 2.20 p.m. local time, the Nifty 50 and the BSE Sensex were about 0.1% higher. Both the indexes have had a poor start to the year, with the Nifty down 3.53%, and the Sensex 3.8% lower year to date.

The benchmark 10-year Indian government bond yield slipped for a third straight day, and was last at 6.638%.

The rupee also weakened to another record low against the dollar on Thursday, hitting 91.64 against the greenback.

Jan. 23: HSBC India manufacturing, services flash PMI

Jan. 25-27: President of the European Council, António Luís Santos da Costa, and the President of the European Commission Ursula von der Leyen to visit India

Each weekday, CNBC's ""Inside India"" news show gives you news and market commentary on the emerging powerhouse businesses, and the people behind its rise. Livestream the show on YouTube and catch highlights here .

U.S.: Sunday-Thursday, 23:00-0000 ET Asia: Monday-Friday, 11:00-12:00 SIN/HK, 08:30-09:30 India Europe: Monday-Friday, 0500-06:00 CET"
2026-01-21,"Asia - Pacific markets : Nikkei 225 , Kospi , Nifty 50",cnbc.com,https://www.cnbc.com/2026/01/21/asia-pacific-markets-nikkei-225-kospi-nifty-50-wall-street-trump-greenland-tariffs.html,Trump Tariffs / Global Trade War,Trump tariffs; trade war; China; USD; markets,Trade Policy / Geopolitical,"Gold jumped to a record high as Asia-Pacific markets slid Wednesday, with investors seeking safe havens after U.S. President Donald Trump threatened fresh tariffs on countries resisting the transfer of Greenland to the United States.

Spot gold prices rose over 1% to an all-time high of $4,813 per ounce.

Hong Kong's Hang Seng index was 0.42% higher, while the mainland's CSI 300 was flat, closing at 4,723.07.

Japan's Nikkei 225 lost 0.41% to end the trading day at 52,774.64 while the Topix declined 0.99% to 3,589.7. South Korea's Kospi was 0.49% higher to 4,909.93 while the small-cap Kosdaq fell 2.57% to 951.29.

Australia's S&P/ASX 200 fell 0.37% to 8,782.9.

Trump said Saturday that exports from eight European countries would face tariffs of 10% from Feb. 1, rising to 25% by June 1 if talks fail to deliver U.S. control of mineral-rich Greenland.

He also threatened to slap 200% tariffs on French wine and champagne, following reports that President Emmanuel Macron was unwilling to join his proposed ""Board of Peace."" Trump further criticized the U.K., calling its plan to transfer sovereignty of the Chagos Islands, which is home to a joint U.K.-U.S. military base, to Mauritius an "" act of great stupidity ,"" citing the move as further justification for acquiring Greenland on national security grounds.

European leaders have labeled President Donald Trump's latest tariff threats "" unacceptable "" and are reportedly weighing retaliatory measures. France is said to be urging the European Union to deploy its strongest economic response tool , the so-called Anti-Coercion Instrument.

U.S. stock futures rose slightly in early Asian hours after major averages saw their worst day in three months.

Overnight in the U.S., the Dow Jones Industrial Average shed 870.74 points, or 1.76%, to end the session at 48,488.59. The S&P 500 dipped 2.06% to settle at 6,796.86. The Nasdaq Composite slid 2.39%, closing at 22,954.32. It was the worst session since October for all three major averages. U.S. Treasury yields spiked and the U.S. dollar declined as Trump's threat caused a flight from U.S. assets."
2026-03-09,Stock market today : Live updates,cnbc.com,https://www.cnbc.com/2026/03/08/stock-market-today-live-updates.html,Trump Tariffs / Global Trade War,Trump tariffs; trade war; China; USD; markets,Trade Policy / Geopolitical,"The S&P 500 made a comeback from earlier losses on Monday after President Donald Trump said the war against Iran could be reaching its end.

The broad market index rose 0.83% to close at 6,795.99, while the Dow Jones Industrial Average added 239.25 points, or 0.5%, and ended at 47,740.80. The blue-chip index is coming off its biggest weekly slide in nearly a year. The Nasdaq Composite jumped 1.38% and settled at 22,695.95. Those moves mark an impressive turnaround from the losses seen earlier in the day. The Dow was down nearly 900 points at its session low, and the S&P 500 and Nasdaq fell as much as 1.5% each.

On Monday, Trump told a CBS News reporter , who shared the comments in a post on X , that ""the war is very complete, pretty much.""

""They have no navy, no communications, they've got no Air Force,"" the president said, adding that the U.S. is ""very far"" ahead of his initially stated timeframe for the war of four to five weeks.

Trump also said that ships are moving through the key Strait of Hormuz passageway and that he is ""thinking about taking it over.""

West Texas Intermediate crude fell to as low as $81 a barrel following the developments. It broke above $100 per barrel in overnight trading to hit more than $119, its first time above this threshold since 2022, when investors were reacting to the aftermath of Russia's invasion of Ukraine. International benchmark Brent crude pulled back to nearly $84 a barrel at its lowest for the day. U.S. oil prices began the year below $60 a barrel.

""It seems like things are moving on the up and up,"" said John Luke Tyner, portfolio manager and head of fixed income at Aptus Capital Advisors.

The broader market was also helped by a rise in semiconductor stocks. Broadcom advanced more than 4%, while Micron Technology and Advanced Micro Devices increased 5% each. Nvidia climbed more than 2%.

Oil prices jumped after major Middle East producers slashed their output due to the closure of the Strait of Hormuz. Kuwait announced cuts but did not say by how much, while Iraq has reportedly seen its production fall 70%.

Energy ministers from the Group of Seven nations — namely, Canada, France, Germany, Italy, Japan, the United Kingdom and the U.S. — are planning to meet virtually on Tuesday morning to discuss potentially releasing oil reserves. The group's finance ministers met on Monday to discuss a release, though they did not make a decision.

The $100 oil level was seen by many on Wall Street as a breaking point for the economy unless the war is resolved quickly and prices retreat. Trump posted Sunday evening that a gain in ""short term oil prices"" was a ""very small price to pay"" for destroying Iran's nuclear threat.

When talking about the recent spikes in oil prices, Tyner said, ""I don't think this little blip was bad enough or long enough to really upset the apple cart as far as growth and earnings go."" ""I would imagine that unless a lot of infrastructure is screwed up that oil gets right back and normalizes somewhere between $65 and $75 [a barrel], which is kind of happy medium for everyone,"" Tyner continued.

— CNBC's Eamon Javers and Spencer Kimball contributed reporting

The three major averages rebounded on Monday afternoon, coming back from sharp losses to close in positive territory.

The S&P 500 ended the day up 0.83%, closing at 6,795.99, while the Dow Industrials added 239.25 points, or 0.5%, and ended at 47,740.80. The Nasdaq Composite gained 1.38% and settled at 22,695.95.

BlackRock said the surge in oil prices tied to escalating tensions in the Middle East is likely to create turbulence in financial markets but may not derail the broader economic expansion if supply disruptions prove temporary.

""The situation is fluid, and the risks are real,"" BlackRock investment strategists wrote in a note to clients Monday. ""For now, we believe the shock is likely to be short-lived.""

The firm expects disruptions to global energy flows to last weeks rather than months. BlackRock said it continues to position portfolios away from long-dated government bonds, maintaining an underweight stance on long-term U.S. Treasuries. Instead, the asset manager said it favors equities in the U.S. and Japan.

Retail gasoline prices will likely plateau and hit $4 per gallon by the end of this week, OPIS chief oil analyst Denton Cinquegrana said Monday on CNBC's ""The Exchange.""

""There's a lot of things that can be driving this,"" Cinquegrana said, ""But one thing is for certain, this is all taking place in really high volume situations. Crude oil trading has been some of the most active that I've seen in just over 25 years.""

The national average prices for regular gasoline was about $3.478 a ​gallon on Monday, per the American Automobile Association.

While deteriorating relations in the Middle East have led to higher oil prices in recent days, Deutsche Bank strategist Henry Allen believes that the market still has room before seeing a larger risk-off move.

The strategist wrote that historically, these moves required at least one of the following: a large oil price spike sustained over several months, a hawkish policy response or broader macroeconomic damage.

""So how close are we to meeting those thresholds? Much closer than a week ago, but on several metrics we aren't quite there yet, which explains why equities aren't yet seeing bear-market declines, like we saw in 2022,"" Allen wrote.

While oil prices have spiked 50% since the conflict began, the strategist said that markets don't believe this will be sustained. There's also been no signaling yet from officials of a more hawkish path ahead for rates. Allen added that while economic data has shown signs of economic deterioration, so far it hasn't been connected to the oil shock and has been offset by other positive releases.

""In essence, we're getting much closer to the situations that prevailed around larger selloffs, but we're not yet at the severity levels that accompanied the 2022 turmoil, or previous oil shocks like the 1970s,"" the strategist added.

U.S. stocks are likely to ""remain constructive"" for at least another year despite rising geopolitical risks, according to Morgan Stanely.

The U.S. market has already shown several signs of emerging from a months-long correction, including a consolidation of stock performance and positioning in more crowded areas of the market, Morgan Stanley analysts pointed out in a new note to clients.

""We think we're closer to the end of this rolling correction than the beginning and remain constructive over the next 6-12 months,"" the analysts wrote.

They added, ""significant cyclical (Financials, Consumer, etc.) and quality growth (Mag 7) weights within major US indices are now less demanding from a positioning and valuation perspective as fundamental tailwinds persist—earnings growth for the median stock is the best in 4 years and mega cap tech forward revenue growth expectations continue to accelerate higher.""

Shares of cosmetic companies fell sharply in early trading Monday.

Ulta Beauty and Estee Lauder were off by 2% and 3%, respectively, while Coty fell more than 4%. E.L.F Beauty was down 8%.

The companies are staring down a triple whammy of risks as surging oil prices could limit economic activity. Higher input costs, shipping expenses and lower consumer demand could all drag these cosmetic names down.

The S&P financials sector fell around 2% on Monday, pushing its decline for 2026 to about 10%.

The worst-performing names in the S&P's weakest sector for the year remain private credit giants, like Ares Management , Blackstone , KKR and Apollo Global Management , down between 26% and 33%. Recent bankruptcies and firms' stake in software companies have created concerns about the state of private credit .

Robinhood is also leading the sector's losing list for 2026, down more than 31% as cryptocurrencies have yet to recover from a sell-off that began in October.

On Monday, Wells Fargo was down 4% and Bank of America was off almost 3.4%. The State Street SPDR S&P Regional Banking ETF was down about 2.3%, with M&T Bank down more than 2%.

A reversal in U.S. Treasurys to the upside should be carefully watched by investors, according to Warren Pies, strategist at 3Fourteen Research.

""Once bonds start rallying with oil, you’ll know the it is turning from an inflation trade to a recession trade…"" Pies wrote Sunday night on social media platform X. ""probably starts by the end of this week imo.""

The 10-year U.S. Treasury yield reached 4.15% last week after starting the month just below 4.0%. On Monday, it was last slightly lower at 4.127%.

One basis point is equal to 0.01%. Yields and prices move in opposite directions.

Shares of USA Rare Earth rallied 5% Monday, a notable outperformer in a volatile day for equities.

The critical minerals startup is already higher by more than 50% year to date. It's one of a number of rare earth companies that the Trump administration has invested in as it endeavors to build a Western supply chain and reduce its dependence on China. The U.S. Commerce Department took a stake in USA Rare Earth in January.

MP Materials , another rare earth miner the Defense Department took a stake in, also advanced 1.2% in midday trading.

By comparison, the State Street SPDR S&P Metals & Mining ETF (XME) , which USA Rare Earth and MP Materials are both a part of, was lower by 0.9%.

The S&P 500 was lower as well, by 0.3%, though the broader index is well off its lows of the day.

Energy ministers from the Group of Seven nations will meet virtually Tuesday morning to discuss a possible release of oil reserves to address the supply disruption triggered by the Iran war, sources told CNBC.

G7 finance ministers met Monday to discuss a release of reserves but did not make a decision. The G7 members are Canada, France, Germany, Italy, Japan, the United Kingdom and the United States. Read more .

The Nasdaq Composite moved into positive territory in midday trading on Monday, rising 0.2%.

The tech-heavy index was down about 1.5% at its low of the session.

Semiconductors bucked the broader trend in the market in midday trading.

The VanEck Semiconductor ETF (SMH) rose 0.9%, while the iShares Semiconductor ETF (SOXX) was higher by 0.6% just before noon ET.

Broadcom rallied 3.5%. Shares of Nvidia and Advanced Micro Devices were higher by 1.1% and 1.9%, respectively. Micron Technology gained 2.6%.

By comparison, the S&P 500 was down 0.5%.

On Monday, biotechnology stocks remained a rare bright spot amid the broader sell-off.

Names such as uniQure , Dyne Therapeutics and Denali Therapeutics surged after it was announced that Vinay Prasad, a key U.S. Food and Drug Administration official who oversees vaccines and biotech treatments, will step down from the agency at the end of April.

The stocks jumped 18%, 13% and 7%, respectively.

Prasad's tenure at the agency has been marked by multiple decisions that have raised concerns among the vaccine industry. In the past year, the FDA has denied or discouraged applications for at least eight new drugs, according to RTW Investments.

— Lisa Kailai Han, Jacob Pramuk, Angelica Peebles

Cruise line stocks dropped Monday as investors worried rising oil prices would bite into profits.

Carnival dropped more than 6% in Monday's session, making it the worst performer in the S&P 500. The stock is on track to record its biggest daily decline since November.

Royal Caribbean dropped around 4%, also one of the worst performers in the S&P 500. Norwegian 's stock fell almost 5%, on pace for its seventh straight negative day.

Carnival and Norwegian have each plunged more than 20% in March. Royal Caribbean has tumbled more than 14% month to date.

The Nasdaq Composite on Monday dipped below its 200-day moving average for the first time since May 2025.

The index was last down 1.1% in morning trading, putting its year-to-date losses at nearly 5%.

The three major averages began Monday's session in negative territory.

The Dow Jones Industrial Average fell 453 points, or about 1%. The S&P 500 lost 0.9%, as did the Nasdaq Composite.

Energy stocks rose in early trading on Monday as oil prices surged above $100 in the wake of countries in the Middle East cutting production.

Shares of Exxon Mobil and Chevron were each up nearly 1%, as were shares of Valero Energy . ConocoPhillips and Marathon Petroleum both rose more than 1%.

Defense stocks rose in premarket trading Monday as the Iran war continued into its 10th day.

Shares of RTX , Northrop Grumman and Lockheed Martin were each around 1% higher, as of 8:45 a.m. ET. They've risen more than 3%, more than 4% and around 2% month to date, respectively.

Airline stocks fell Monday amid fears that a jump in fuel prices due to the Iran war would weigh on revenue streams.

In the premarket, shares of Delta Air Lines , Alaska Airlines and American Airlines were around 3% lower, while United Airlines and Southwest Airlines were each lower by more than 2%.

The iShares Russell 2000 ETF was down nearly 2% in premarket trading Monday.

As the broader U.S. equity market sold off after oil prices crossed $100 a barrel, small caps are likely to struggle more with higher energy prices than other larger companies. The borrowing-cost sensitive group is also likely to get hurt more if surging oil prices cause the Federal Reserve to rethink cutting interest rates further.

Since the U.S.-Iran war began, the Russell 2000 is off more than 4% as of Friday's close, while the S&P 500 was just off 2%

Analysts warned on Monday that there was no precedent for the surging price of oil, as the Middle East crisis deepens fears of prolonged production shut-ins and disruption to shipments through the strategically vital Strait of Hormuz .

Oil prices were on track for their biggest-ever jump in a single day on Monday, before significantly paring gains, following a fresh wave of U.S. and Israeli strikes across Iran over the weekend. Oil depots were among the targets. Read more .

Natural gas hit its highest price level since Feb. 6 on Monday, reaching as high as $3.494.

Prices came down from their highs and were trading around $3.34, as of 7:37 a.m. ET.

The First Trust Natural Gas ETF was up more than 2% in premarket trading. Constituents of the ETF Crescent Energy and SM Energy were up more than 2.5%, while W&T Offshore was up more than 11%.

In a Monday note, Rothschild & Co Redburn double upgraded energy company GE Vernova , spun off from General Electric in 2023, to a buy rating from sell. Analyst Simon Toyne also doubled his target price to $1,100 from $560, implying upside of 39% ahead.

Shares of GE Vernova have popped 21% this year and are up 173% over the past 12 months.

Toyne cited far stronger than expected demand and margins in the power and utilities industry as a catalyst for the upgrade.

""Since our cautious October 2025 report, demand indicators for AI and gas turbines have accelerated sharply. Order margins for new gas turbines and service are nearly double the levels we assumed in October 2025,"" the analyst wrote.

Toyne added that his new 2028 EBITDA forecast for GE Vernova is 47% ahead of current consensus and 52% ahead of current floor guidance.

The CBOE Volatility Index (VIX) , known to many as the ""fear gauge"" on Wall Street, scaled to 35.3 on Monday — its highest level since April 21, as traders looked for safety amid the U.S.-Iran war.

The European Stoxx 600 fell 2.1% in morning trade, with the region's major bourses and sectors sliding into the red as the war in Iran sent oil prices surging past $100 a barrel.

Yields in European government bonds also rose sharply, as investors weighed concerns over higher inflation resulting from the conflict.

President Donald Trump called rising oil prices a ""very small price to pay"" Sunday night after West Texas Intermediate crude futures topped $100 per barrel for the first time since 2022.

""Short term oil prices, which will drop rapidly when the destruction of the Iran nuclear threat is over, is a very small price to pay for U.S.A., and World, Safety and Peace,"" Trump wrote on Truth Social .

""ONLY FOOLS WOULD THINK DIFFERENTLY!,"" Trump added.

Crude oil prices climbed past $100 per barrel on Sunday, after major Middle East producers cut output because the critical Strait of Hormuz remains closed due to the Iran war.

West Texas Intermediate rose 11.73% to $101.56 per barrel, while global benchmark Brent jumped 9.84%% to $101.81. U.S. crude oil surged about 35% last week in its biggest gain in futures trading history dating back to 1983.

Stock futures plunged on Sunday night as oil's continued ascent hanged over investors.

Dow futures dropped more than 600 points shortly after 6 p.m. ET. S&P 500 and Nasdaq 100 futures lost around 1.5% each.

Wall Street is coming off a rough week, with the Dow recording its biggest weekly decline since April."
2026-02-26,"CNBC Inside India newsletter : As AI shockwaves hit global software firms , what in store for India IT titans ?",cnbc.com,https://www.cnbc.com/2026/02/26/cnbc-inside-india-newsletter-ai-hit-software-firms-india-it.html,Trump Tariffs / Global Trade War,Trump tariffs; trade war; China; USD; markets,Trade Policy / Geopolitical,"Indian IT stocks are facing their steepest monthly declines since the 2008 global financial crisis, with the Nifty IT Index on track to drop 20% this month, as concerns over AI-led disruption pressure software stocks globally.

At the mega India AI summit last week, major tech companies announced tie-ups with leading Indian IT services firms to drive AI adoption across enterprises. India's largest and the world's second largest IT services company, Tata Consultancy Services, tied up with OpenAI, while Infosys partnered with the ChatGPT maker's rival Anthropic.

These tie-ups did little to cheer the markets with the Nifty IT index down 19.6% so far this month as investor concerns over the impact of rapid artificial intelligence advancements on the sector has dampened sentiment.

Indian IT industry leaders , however, have called AI implementation a ""big opportunity.""

""We are confident AI will strengthen growth across our business and unlock the next phase of opportunity for the broader IT ecosystem,"" Sham Arora, chief technology officer at Tech Mahindra told CNBC.

But unlike the U.S., where the debate is still on between AI fears being ""illogical"" and a possible collapse of companies offering software as a service, or SaaS, experts told me that AI won't make Indian firms offering IT services irrelevant. It will, however, shrink their margins.

Biswajit Maity, senior principal analyst at Gartner, told me that traditional IT services companies such as TCS, Infosys, Wipro and Accenture will play a ""pivotal role in enterprise AI adoption"" by leveraging their client relationships and domain expertise in integrating AI solutions.

Nvidia CEO Jensen Huang on Thursday also attempted to play down AI concerns, suggesting that markets have miscalculated the threat to software companies.

But to remain relevant, Indian IT services companies need to invest in talent and proprietary platforms, develop industry-specific AI solutions and co-innovate with clients, among other things, Maity said. And while some of that work is underway , the efforts are unlikely to protect margins of Indian IT companies, Maity and other experts forecast.

Indian IT companies collectively control over one‑third of global IT services brand value , export technology services estimated at more than $220 billion annually, and dominate the global outsourcing landscape, making them critical for the world's digital infrastructure.

But the business models of Indian IT companies are dependent on labor arbitrage, and with the advancement of AI this will soon be replaced by technology arbitrage, said Maity.

Indian IT companies get a majority of their revenue from helping enterprises with integration of IT services and digital transformation, and not SaaS. This makes AI an immediate business opportunity, but a long-term challenge.

Enterprises cannot ""suddenly move away"" from the services that are being provided by Infosys or TCS and ""move into Anthropic"" straightaway, Manishi Raychaudhuri, CEO of Asia-Pacific focused financial advisory firm Emmer Capital Partners, told CNBC's "" Inside India "" on Monday.

But he added that clients are asking IT companies to incorporate AI agents in their services, which means that pricing would take a hit and so would the valuations of these companies.

AI will also transform the business mix of IT service companies.

A report by global brokerage firm Jefferies on Sunday said that AI could shrink the managed services business, which accounts for 22%-45% of revenues of leading Indian IT companies. This will increase cyclicality and require a change in talent and operating model — adding more risks, it said.

Managed IT services refers to IT companies handling the day-to-day management of IT needs of enterprises to provide support services, while consulting is a more cyclical business.

Jefferies said that stock performance of IT companies will ""more likely"" be tied to the longer-term business outlook rather than earnings delivery in the near term.

Indian IT firms play a pivotal role in enabling AI adoption by enterprises, an area where spending is projected to rise sharply, according to Gartner. It has estimated agentic AI software spending will reach $985 billion by 2030, growing at a compound annual growth rate of 62.7% from 2025 to 2030 as enterprises scale adoption.

Jefferies, however, has cut price targets on Indian IT companies by up to 33% and downgraded most large firms to either hold or underperform.

Investors seem to side with Jefferies' assessment and appear unconvinced that AI will benefit IT services companies. With two more trading sessions to go, this month could go down as the worst for Indian IT stocks nearly two decades.

Jayant Dasgupta, former Indian ambassador to the World Trade Organization, said India would be within its rights to withdraw the tariff concessions it had extended to the U.S., as one side has altered tariff rates, effectively reopening the agreement for negotiation.

Santhosh Viswanathan, managing director of Intel India, said in the company was in the country for the ""long haul,"" and was supporting New Delhi's semiconductor manufacturing and AI ambitions.

Payal Kanwar, director general of the Indo French Chamber of Commerce and Industry, said that India's deepening ties with France will help improve its defense ecosystem.

India likely to continue buying Russian oil. India will likely continue buying Russian oil as the U.S. Supreme Court's verdict outlawing President Donald Trump's import tariffs has constrained his trade policy options, analysts said.

Indian trade negotiators delay U.S. visit. India's trade negotiators will reschedule their planned visit to Washington, D.C., aimed at firming up an interim trade deal with the U.S., a person familiar with the development told CNBC. India launches federal government-backed taxi service: Challenging the dominance of American giant Uber, the Indian government has launched taxi-hailing service, Bharat Taxi, which will give drivers a share of profits from the business and charge no commissions.

In many ways, India's relationship with Russia is beyond just oil. It is a strategic partnership, and India would not like to pull back on it beyond a point.

— Sarang Shidore, director of Global South Program at Quincy Institute

Indian stocks were flat amid regional gains, buoyed by a tech stock rally after Nvidia CEO Jensen Huang said that markets had miscalculated the AI threat to software companies .

In what he described as ""counterintuitive,"" Huang said that AI agents won't replace these software tools, but will use them instead.

The Nifty 50 is down nearly 3% so far this year.

Yield on 10-year Indian government bonds was up 1 basis point to 6.685%, while the rupee was trading flat at 90.87 against the U.S. dollar.

Feb. 27 - March 2: Canada Prime Minister Mark Carney visits India

Feb. 27: GDP data for quarter ending December 2025

Feb. 28: Industrial output data for January

Each weekday, CNBC's ""Inside India"" news show gives you news and market commentary on the emerging powerhouse businesses, and the people behind its rise. Livestream the show on YouTube and catch highlights here .

U.S.: Sunday-Thursday, 23:00-0000 ET Asia: Monday-Friday, 11:00-12:00 SIN/HK, 08:30-09:30 India Europe: Monday-Friday, 0500-06:00 CET"
2026-02-24,"What Supreme Court tariff ruling means for global trade , U . S . economy",cnbc.com,https://www.cnbc.com/2026/02/23/what-supreme-court-tariff-ruling-means-for-global-trade-us-economy.html,Trump Tariffs / Global Trade War,Trump tariffs; trade war; China; USD; markets,Trade Policy / Geopolitical,"The Supreme Court struck down President Donald Trump's tariffs on Friday, but the trade tax turmoil is far from over. Fallout over the ruling is already threatening to further strain global trade relations, and the U.S. economy is likely to suffer, economists told CNBC.

In 6-3 decision, the high court ruled that President Trump did not have the legal authority to implement his sweeping tariffs imposed last April under the International Emergency Economic Powers Act, or IEEPA.

Trump later leveled new tariffs up to 15% effective immediately on an array of U.S. trading partners, further escalating global trade tensions. European Union leaders expressed dismay over the new tariffs, arguing that the U.S. policy shift would upend trade deals already reached with the EU as well as the U.K. last year. On Monday, the EU again postponed a key vote on its deal with the U.S.

The pushback against the latest U.S. tariff threat underscores deep frustration over the president's erratic trade policies, and could push foreign governments to scale back U.S. trade and lead businesses to curb expansion, investment and hiring.

The result might hobble the U.S. economy. ""It shifts how trade is done with the largest economy in the world, and that has economic consequences,"" Mike Reid, head of U.S. economics at Royal Bank of Canada told CNBC, referring to the Supreme Court ruling and new tariff push.

The trade war drama is likely to contribute to a climate of caution among businesses and foreign governments alike, said Mark Zandi, chief economist at Moody's Analytics, leading to ""nothing but downside,"" for the U.S. economy.

""Businesses don't know"" what's going to happen next, Zandi told CNBC. ""They're going to invest less, they're going to hire less, they're going to be less aggressive in their expansions,"" limiting U.S. growth.

Foreign governments could react similarly amid rising uncertainty, leading them to ""continue to pull away from the U.S,"" according to the economist.

""They've got to be pulling their hair out over all of this,"" Zandi said. ""Perceptions of the U.S. are increasingly that we're a poorly managed economy, and objectively speaking, they're right. It's a bit of a mess that feels like it's getting messier.""

That perception could lead to efforts to divert trade away from the U.S. to a variety of other trading partners, including China.

China's exports grew 6.6% in U.S. dollar terms last December compared to the same month a year earlier, topping analyst expectations and sending the nation's annual trade surplus to a record, according to Chinese customs data. Imports increased at their fastest pace in three months, the same data showed.

The Trump administration will continue implementing its trade policy, and now plans to use a variety of sections in the Tariff Act of 1974 , according to U.S. Trade Representative Jamieson Greer.

President Trump is pointing to section 122 of the Tariff Act to justify his new tariffs enacted this weekend, although that section limits their effectiveness to 150 days, until mid-July, after which they would have to be approved by Congress.

But the administration is likely to use sections 232 and 301 of the Tariff Act to supplement its new section 122 tariffs, meaning the U.S. could continue to impose tariffs against its foreign trading partners over the next few years, at least.

Others say neither investors nor economists should sound the alarm just yet.

The implementation of the new trade taxes ""implies little change in the effective tariff rate or our inflation forecasts in the near term,"" Citigroup economist Veronica Clark said in a note to clients.

""Eventual Section 301/232 tariffs could have an impact on certain goods prices in the future, but details are still highly uncertain,"" Clark wrote. ""While a 10% Section 122 tariff would likely have lowered the effective tariff rate by 3-4 [percentage points], a 15% tariff should keep the effective tariff rate essentially unchanged (if anything, lower by ~1pp or so).

While the total impact of the new tariffs remains uncertain, a few things are clear, Zandi said.

""The U.S. is pulling away from the world, and the rest of the world is now pulling away from the U.S.,"" the economist said. ""Deglobalization is a weight on the economy, and ultimately, the end state is a weakened economy.""

— With additional reporting provided by CNBC's Alex Harring"
2026-08-26,5 things to know before the stock market opens Wednesday,cnbc.com,https://www.cnbc.com/2026/08/26/5-things-to-know-before-the-stock-market-opens.html,Trump Tariffs / Global Trade War,Trump tariffs; trade war; China; USD; markets,Trade Policy / Geopolitical,"Happy Wednesday. I saw ""Maybe Happy Ending"" on Broadway last night. The musical about robots got me wondering whether humanoid robots will be able to sing.

Stock futures are flat this morning after a positive day for all three major indexes.

Here are five key things investors need to know to start the trading day:

All eyes are on Nvidia ahead of the chipmaker's earnings report due after the bell. As CNBC's Kif Leswing writes, investors are eager to see whether Nvidia is growing more or less dependent on hyperscalers Amazon , Google and Microsoft amid concerns about customer concentration.

Canada officially announced its promised retaliatory tariffs on the U.S. yesterday, saying it would match the Trump administration's 50% duties ""dollar for dollar.""

As CNBC's Kevin Breuninger reports, the new batch of tariffs set to take effect Sept. 8 cover more than 700 U.S. goods and amount to around $20 billion. Canada notably slapped a 50% tariff on American steel and aluminum, doubling the current rate.

President Donald Trump had signaled that the U.S. and its northern neighbor were closing in on a trade deal last week, but talks fell apart as both sides accused the other of making last-minute changes. Canadian Finance Minister François-Philippe Champagne said yesterday that the U.S. ""asked too much and offered too little.""

Iran and Oman discussed a proposal to create a temporary, joint shipping route through the Strait of Hormuz yesterday as tanker traffic remains sharply below prewar levels. Sayyid Badr bin Hamad Albusaidi, Oman's foreign minister, said he was hopeful a route and ""practical arrangements to restore safe navigation"" could be announced soon.

The two countries also considered a mission to clear mines from the passageway, contradicting Trump, who said in a Truth Social post earlier Tuesday morning that ""all mines have been removed and/or detonated"" from the strait.

Crude prices are lower this morning after falling more than 3% in yesterday's session.

CNBC's Morning Squawk recaps the biggest stories investors should know before the stock market opens, every weekday morning.

The Department of Health and Human Services is planning to form two new deputy commissioner roles at the Food and Drug Administration, sources told CNBC's Annika Kim Constantino .

Current senior advisor to the FDA Jared Seehafer is the leading candidate for a new position focused on technology and the intersection of health and AI. CNBC could not find a frontrunner for the second deputy commissioner position, which is focused on drugs.

The two positions would report to Heidi Overton, Trump's pick for FDA commissioner, who has yet to receive Senate confirmation. Sources told CNBC that some within the Trump administration are seeing the new roles, which would be appointed by HHS officials, as an effort by the Robert F. Kennedy Jr.-led department to exert more influence over the FDA.

Waymo is entering its third international market , announcing on Tuesday that it plans to launch driverless rides in Germany by the end of 2027.

The Alphabet -owned robotaxi company said it would begin ""phased"" testing in Munich in the coming weeks to adapt its software to the city's ""distinct driving conditions."" Waymo — which operates in 11 U.S. cities with plans to expand to 19 more — is already testing its vehicles in London and Tokyo, but Munich marks the company's first EU market.

""Munich is a world-class hub for mobility and engineering, and becoming part of this city marks an important milestone in our global expansion,"" Waymo co-CEO Tekedra Mawakana said in a blog post yesterday.

Bitcoin jumped above the $81,000 mark on Tuesday, the latest sign that the crypto rally is picking up steam. Here's what the move looked like:

— CNBC's Tobias Burns, Kif Leswing, Fred Imbert, Nick Wells, Sean Conlon, Kevin Breuninger, Spencer Kimball, Annika Kim Constantino, Samantha Subin and Lee Ying Shan contributed to this report."
2026-08-24,Trump : Canada auto tariffs to hit 50 % amid trade war,cnbc.com,https://www.cnbc.com/2026/08/24/trump-canada-auto-tariffs-trade-war.html,Trump Tariffs / Global Trade War,Trump tariffs; trade war; China; USD; markets,Trade Policy / Geopolitical,"President Donald Trump on Monday said the U.S. will raise tariffs on imports of cars , trucks and auto parts from Canada to 50% on Jan. 1, 2027, following a breakdown in trade negotiations last week.

""Canada has been ripping off the United States of America for years,"" Trump wrote in a Truth Social post , accusing the longtime trading partner of hurting U.S. farmers through its own tariff policies.

""Not sustainable, and NOT ANYMORE!"" he wrote. ""On January First, 2027, Tariffs on all Cars, Trucks, both large and small, Automotive Parts, and Steel, will be increased to 50%.""

Trump returned to Truth Social later Monday to lash out at Ontario Premier Doug Ford , who threatened to escalate the U.S.-Canada trade war by cutting off America's access to electricity and critical minerals.

""Someone should get these clowns to 'fall in line' or, the consequences for Canada will be far WORSE!"" Trump wrote , panning Ford as a ""Flunky"" of Canadian Prime Minister Mark Carney.

Ford later replied, calling Trump a ""bully"" and a ""dictator.""

Trump's latest tariff threat would double top-line U.S. duties on Canadian auto imports, which currently sit at 25%. Canada sought to lower those tariffs as part of a new trade deal with the U.S., which appeared to be inches from completion before falling apart Friday night.

U.S. tariffs on Canadian steel imports are already at 50%.

On Saturday, the U.S. imposed 50% tariffs on about $20 billion of Canadian goods, including wine, cement and hockey sticks. Those duties came in retaliation for alleged Canadian trade discrimination against U.S. cars, alcohol and dairy.

They would have been averted if the two sides reached a trade deal, but Canada's negotiators left Washington empty-handed on Friday evening. The parties have blamed each other for trying to make unreasonable last-minute changes to their agreement.

""In the last hours, I think there were things that the Canadians just — you know, they wanted more,"" U.S. Trade Representative Jamieson Greer told CNBC's "" Squawk Box "" on Monday morning.

Carney has vowed to retaliate ""dollar for dollar"" against the new U.S. tariffs.

Trump, in his Truth Social post Monday, declared that Canada ""will be treated like a State no longer!""

He went on to attack Canada as being ""among the worst Nations in the World to deal with"" on trade and elsewhere.

""They feel entitled, and yet, WE DON'T NEED CANADA, THEY NEED US! They do 95% of their business with the U.S., with us, the exact opposite!"" Trump wrote.

The Canadian auto market is small compared with the U.S.: Fewer than 2 million new vehicles were sold there in 2025, versus more than 16 million sold in the U.S.

Vehicles produced in Canada accounted for only 5.4%, or 861,000, of total sales in the U.S. last year, according to GlobalData.

The Detroit automakers have grown smaller when it comes to vehicle assembly in Canada, while Japanese automakers Toyota and Honda have significantly grown production in recent years.

Toyota and Honda represented 76.5% of Canada's vehicle production in 2025, and each of Toyota and Honda produced more vehicles in Canada than Ford, General Motors, and Stellantis combined, according to a leading trade organization representing non-Detroit automakers .

Trump's mercurial tariff agenda has been a major source of uncertainty for automakers, whose supply chains were built on free trade between the countries. Automotive parts can cross borders several times in different forms before finally being installed in a new vehicle, potentially exposing them to multiple tariff charges."
2026-08-24,Ottawa and Washington head for all - out trade war,cnbc.com,https://www.cnbc.com/2026/08/24/canada-us-trade-war-deal.html,Trump Tariffs / Global Trade War,Trump tariffs; trade war; China; USD; markets,Trade Policy / Geopolitical,"The Canadian dollar dropped on Monday morning after trade talks between Ottawa and Washington fell apart, leaving both sides facing higher prices on a wide array of imported goods and threatening Canada's economic growth.

The U.S. on Saturday slapped 50% tariffs on around $20 billion worth of imports from Canada, its second-biggest trading partner after Mexico. The affected goods span dairy, wine, wood products, furniture, cement, ceramics and a slew of other areas.

Canadian Prime Minister Mark Carney said he would retaliate ""dollar for dollar"" with tariffs starting Sept. 8, targeting sectors such as steel, dairy, agricultural equipment, paper and electronics. Details will be released ""in the coming days,"" Carney added.

The Canadian dollar was 0.58% lower against the U.S. dollar at 8 a.m. ET. The loonie also dipped against the euro, pound and yen.

Negotiators had been scrambling to strike a deal all week. But rhetoric turned sour by the weekend, with each side blaming the other for failing to reach an agreement and for unfair trade practices.

Speaking to CNBC on Monday , U.S. Trade Representative Jamieson Greer said a deal was close, but that in the ""last hours,"" the Canadians ""wanted more"" than Washington was willing to offer.

""We offered them the best access to the United States of any country in the world. Obviously, there's always going to be tariffs, and there's going to be that protection for American workers and companies.""

""But we sought to accommodate the Canadians by ... cutting tariffs in half on steel, on aluminum, and extensively reducing them on autos, and even on things like softwood lumber, accommodating some element of that. Things that are sensitive for the Canadians. They simply ... wanted more,"" Greer said.

""I don't know if it was political for them. It certainly doesn't make economic sense.""

Markets ""understand that this affects a very small amount of trade,"" Greer added. The tariffs come to around 0.6% of total U.S. goods imports.

Carney said Saturday that the U.S. had ""asked too much and offered too little.""

""We were not prepared to compromise Canada's sovereignty or undermine our key industries,"" he said.

When asked by a reporter why it felt like Canada was entering into a trade war, Carney replied: ""Because we got attacked. You're at war when you get attacked. We got attacked.""

Tariff details in major sectors including autos, steel and aluminum were a sticking point, along with Canadian protections over use of the French language and the ability for the country to strike separate trade deals, Carney indicated in his remarks.

The U.S. and Canada export tens of billions in agricultural products to one another each year, while their auto industries are deeply entwined . The U.S.' $48.3 billion trade deficit with Canada is in large part due to its significant imports of Canadian natural gas, electricity and crude oil.

Like the European Union during its own protracted trade negotiations with the Trump administration , Ottawa contends that its trade relationship with the U.S. shifts into deficit once services are included.

""Canada wants the benefits of being a State, without being one!!!"" U.S. President Donald Trump said in a post on Truth Social on Sunday. ""They have also charged our great farmers, for many years, massive amounts of Tariffs. No more!!!""

Canada's smaller trade-oriented economy is more vulnerable to the escalation than that of the U.S., economists said Monday.

Despite suggestions that he will enact fiscal measures to support businesses, Carney said this weekend that the duties would ""raise costs and reduce choice for Canadians.""

The tariffs only apply to 5% of Canada's goods exports to the U.S., meaning ""it isn't a hammer blow, but for many individual companies it will be devastating,"" ING's chief international economist, James Knightley, said.

""For many small and medium-size companies, particularly in border states,"" of the U.S., meanwhile, ""this is very bad news,"" Knightley said.

Bradley Saunders, North America economist at Capital Economics, said that the most exposed industries in Canada ""could be crippled"" by the high levies.

There is no longer an exemption for goods that comply with production rules set out in the United States-Mexico-Canada Agreement, or USMCA — a trilateral deal that is currently under renegotiation — as there has been in previous rounds of tariffs since Trump 's "" liberation day "" in April 2025.

Though the targeted goods only comprise around 0.6% of Canada's gross domestic product, ""a collapse in exports would still be enough to push already-weak GDP growth back towards zero,"" Saunders said.

""This would especially be the case if weaker U.S. demand for finished items such as furniture and electrical equipment had knock-on effects on upstream primary industries, which are already struggling under the strain of Section 232 tariffs.""

The situation could escalate further if Trump retaliates against Canada's countermeasures, Saunders added, estimating that extending a 50% tariff rate to a fifth of Canada's U.S. goods exports, from 5% currently, could knock around 2% from Canadian GDP and push it into recession territory.

Christian Lawrence, chief cross-asset strategist and head of Americas and energy markets research at Rabobank, said the existing package would have little impact on the U.S., but there was a risk if Ottawa opted to take a more aggressive stance on other goods.

""But, this is where lies Canada's difficulty. Diversifying away from the world's largest consumer sitting on your doorstep is impossible to do in a truly meaningful way,"" Lawrence said.

Despite the potential economic hit, Carney's stance was welcomed by many in Canada, where recent polling suggests a majority of the public support a hard line in U.S. negotiations, but a growing number are fearful of their job security. Ongoing U.S. tariffs of 50% could cause around 90,000 job losses, according to Canadian economist Trevor Tombe.

Carney was elected in March 2025 in large part on a pledge to stand up to the White House . It came as reports of Canadians removing U.S. alcohol from store shelves highlighted the sour relations between the North American neighbors.

Pierre Poilievre, leader of the opposition Conservatives, said on social media on Saturday that Canada ""cannot accept one-sided tariffs that will deindustrialize our country."""
2026-08-22,"U . S .- Canada trade talks collapse , ushering in wave of new tariffs",cnbc.com,https://www.cnbc.com/2026/08/22/us-canada-trade-talks-collapse-ushering-in-wave-of-new-tariffs.html,Trump Tariffs / Global Trade War,Trump tariffs; trade war; China; USD; markets,Trade Policy / Geopolitical,"The U.S. imposed 50% tariffs on some Canadian products on Saturday after trade talks between the two countries fell apart on Friday.

In response, Canada said it would impose its own retaliatory tariffs beginning on Sept. 8.

Negotiators for both sides had been working on a deal all week, at times signaling that an agreement was near. President Donald Trump had postponed the original deadline of Wednesday just hours ahead of it being imposed, saying that there was a soon-to-be finalized deal. Dominic LeBlanc, Canada's trade minister for the U.S., told reporters on Thursday that a deal was ""very close.""

However, both sides blamed the other for not reaching a deal as the tariffs, impacting roughly $20 billion in Canadian exports, including wine, furniture, dairy products, cement, clothing, fishing rods, hockey equipment, went into effect on Saturday morning.

U.S. Trade Representative Jamieson Greer, in a post on X early Saturday morning , that ""Canada declined to finalize the trade deal under the terms agreed earlier this week.""

Canadian Prime Minister Mark Carney said in a statement released on Friday that despite working toward a deal, ""that progress has not been enough to meet our objectives for Canadians,"" saying that ""last-minute changes in the U.S. proposed terms were unfair, uneconomic, and called into question the reliability of any deal.""

In a Saturday press conference in Ottawa, Ontario, Carney said that the U.S. demands had gone too far.

""They asked too much and offered too little,"" he said, adding that Canada had been willing to drop its remaining retaliatory tariffs on steel, aluminum and autos if the United States lowered its own.

As a result, Carney said Canada would put its own retaliatory tariffs into effect on Sept. 8, and those duties will target sectors such as steel, dairy, agricultural equipment, and pulp and paper, among others. He said additional details on those new measures would be released in the coming days, previously noting that the retaliatory measures would be ""dollar for dollar.""

Carney also highlighted the energy relationship between the two countries: ""Canada fuels American growth … I don't think they want us to stop sending any of that energy.""

""Canada wants the benefits of being a State, without being one!!!,"" Trump said in a post on Truth Social early Sunday. ""They have also charged our great farmers, for many years, massive amounts of Tariffs. No more!!!""

Senate Minority Leader Chuck Schumer , D-N.Y., criticized the retaliatory U.S. tariffs in a post on X .

""Trump just slapped another bill on hardworking American families — who are already crushed by his skyrocketing costs. This nonsense with Canada should have never gone into effect. It must end now,"" Schumer wrote.

Sen. Susan Collins, R-Maine, highlighted the impact to her state of what she called the ""on-again/off-again trade talks between the U.S. and Canada"" in a post on X , writing that ""Maine imports approximately $2 billion in non-petroleum products from Canada each year.""

""The Administration must consider the negative impact tariffs would have on Maine businesses, communities, and families and work to reach a fair agreement with our Canadian neighbors,"" she wrote, urging both sides to return to negotiations.

In a statement issued on Saturday, Business Roundtable CEO Joshua Bolten said that while the ""Business Roundtable appreciates the Trump Administration's focus on addressing barriers facing American exporters ... new tariffs and retaliation risk raising costs for American businesses and families, disrupting vital supply chains, and straining the important economic relationship between the United States and Canada.""

However, Greer, in an appearance on Fox News on Saturday , said that there are no new planned talks with the Canadians. ""They've always had the best deal, and they still would have an even better deal, but they didn't want that,"" he said.

The Trump administration signed three proclamations to impose the additional 50% tariffs on a range of Canadian goods in July, a response it said was due to trade discrimination against multiple U.S. products and industries such as motor vehicles, alcohol and dairy. The tariffs fell under Section 338 of the Tariff Act of 1930, which gives the president the power to impose tariffs of up to 50% on the goods of countries found to be discriminating against the U.S., and which had not been used since 1949.

The failure to reach a deal adds another complication to the increasingly tense relationship between the U.S. and Canada. The two sides had already been at the negotiating table regarding their trilateral trade pact with Mexico, known as USMCA, which was not renewed in July over concerns with U.S. trade deficits — a deal that Trump once called ""the best agreement we've ever made."""
2026-08-19,Meta legal troubles has options traders eyeing the  jade lizard,cnbc.com,https://www.cnbc.com/2026/08/19/metas-legal-troubles-has-options-traders-eyeing-the-jade-lizard.html,Trump Tariffs / Global Trade War,Trump tariffs; trade war; China; USD; markets,Trade Policy / Geopolitical,"One of the many beauties of options trading is the ability to make money on a rangebound stock. Shares of Meta Platforms are presenting that opportunity right now.

With its upside capped by litigation and much of the downside has already been priced in, it may make sense to try to capture some elevated options premium and sell both sides. The curiously named options strategy ""jade lizard"" — more on this in a second — collects a rich premium without the unlimited upside risk of a short strangle.

As opening statements began in Oakland today, where 29 state attorneys general accuse Meta of deliberately designing Facebook and Instagram to hook young users, META shares are off more than 30% from the highs of a year ago.

The headline figure, a theoretical worst case of $1.4 trillion in damages has been floated, although I think that number borders on the absurd, especially if one considers the inevitable appeal that would follow.

Behind that case sit more than 3,000 personal-injury suits in the federal MDL (multi-district litigation that combines similar lawsuits/related cases that seek to answer similar questions of fact), roughly 1,300 school-district claims, a nearly $1 billion New Mexico judgment, and a $6 million bellwether loss in Los Angeles. While virtually no one believes the trillion-dollar headline represents the real risk, nobody should expect a sustained rally through a seven-week trial either.

Much of the downside, arguably, has already been paid for. Meta is the worst-performing stock in the ""Magnificent Seven"" over the past 12 months, the market cap having fallen more than $600 billion so far. It is also acting as a boat anchor on the communications sector generally as it is the largest constituent. Granted some of that decline is probably also concerns about AI capex, but at about 22 times earnings with revenue still growing 28% a lot of anxiety is already baked in the price.

In this strategy, you sell an out-of-the-money put and also sell an out-of-the-money call spread. Often this trade is structured such that the total premium collected exceeds the width of the call spread, eliminating upside risk entirely, although without a potential catalyst to drive shares sharply higher, a modest amount of upside risk would also be acceptable. Implied volatility is, unsurprisingly, slightly inflated by the lawsuit(s). The September 25th expiration captures some of that while avoiding the Q3 earnings report expected in late October and also falls short of the anticipated length of the trial of six to eight weeks.

If shares sit between the short strikes at expiration, YOU keep the full credit. A rally through the call spread risks less than 5% of the current stock price and the downside risk is that one purchases the stock at less than $480/share, another 12% lower than where the stock is currently trading and below the tariff tantrum lows of late April 2025. If the stock does fall to those levels, and one purchases the stock around $480 share, one could look to then collect premium against the resulting position by selling covered calls, or covered call spreads (a position we currently have in META)."
2024-04-03,CNBC Daily Open : A projection is not a promise,cnbc.com,https://www.cnbc.com/2024/04/03/cnbc-daily-open-a-projection-is-not-a-promise.html,Indonesian Rupiah / Bank Indonesia Policy,Bank Indonesia; rupiah; IDR; BI rate,Domestic Monetary Policy,"Mid-week slide Asia-Pacific markets on Wednesday tracked U.S. weakness , with shares of electric vehicle makers hit by underwhelming quarterly sales at industry giants BYD and Tesla. The latter posted its first year-over-year decline in vehicle deliveries since 2020. Japan's Nikkei 225 was down 1%, while Korea's Kospi was down 1.6% and Hong Kong's Hang Seng Index shed 1.1%. U.S. stocks extended their feeble start to the second quarter as the 10-year Treasury yield spiked. Robust economic data and comments from Federal Reserve officials further tempered expectations for a rate cut in June. Taiwan earthquake Taiwan Semiconductor Manufacturing Co said all its workers were safe and those who were evacuated have started returning to some factory lines after Taiwan was hit by the strongest earthquake in 25 years early Wednesday. Officials said at least four people have died.

Disney leaks Ahead of a board vote on Wednesday, Bloomberg and The Wall Street Journal reported that Disney's largest and second-largest shareholders, the index fund manager Vanguard and BlackRock, plan to support Disney's management . Reuters reported Disney's chief executive Bob Iger has enough votes to ward off challenges from activist investors, Nelson Peltz and his Trian Partners, along with Blackwell Capital.

Biden-Xi chat U.S. President Joe Biden spoke with Chinese President Xi Jinping on the phone for nearly two hours Tuesday, a call the White House described as a ""check in"" between the two leaders to responsibly manage the strained U.S.-China relationship . On Wednesday, Biden's top economic envoy, Treasury Secretary Janet Yellen, is scheduled to depart for China to hold face-to-face meetings with her counterparts over five days in Guangzhou and Beijing.

[PRO] Safer 'meme' trading There may be a less volatile way to capitalize on the next lucrative ""meme"" stock frenzy if you are fearful of missing out on the next wave, yet worried about the risks that are beyond what you can bear.

U.S. Federal Reserve officials are dampening rate cut expectations again, and again.

In comments echoing those of the Federal Open Market Committee's two weeks ago, San Francisco Fed President Mary Daly said Tuesday she expects cuts this year — but wants to see more convincing evidence that inflation has been subdued.

""Three rate cuts is a projection, and a projection is not a promise,"" Daly said.

Cleveland Federal Reserve President Loretta Mester also said Tuesday she still expects interest rate cuts this year, but ruled out the next policy meeting in May.

To be sure, futures traders expect the Fed to start easing in June and to cut by three-quarters of a percentage point by the end of the year — though recent comments have diminished the odds of a June rate cut.

On Monday though, U.S. ISM manufacturing survey data pointed to a sharp price spike in the sector, inflaming investor worries that inflation may not drop to 2% soon — delaying the Fed's first rate cut.

If that happens though, the implications could be global.

Continued strength in the dollar is already adversely impacting several emerging market currencies in Asia, including the Malaysian ringgit and Indonesian rupiah .

The wide interest rate differentials between the U.S. and Japan is also at least partly responsible for the weak yen , which sank to its weakest against the dollar in more than three decades.

Japan's finance officials have repeatedly raised verbal warnings, but have so far abstained from tangible market intervention — as they did in 2022 when the yen tumbled to 152 to the dollar.

Vishnu Varathan, Mizuho's chief economist for Asia ex-Japan, expects Japanese yen intervention risks to rise. He also expects Chinese officials to up their ""intimidation"" of offshore Chinese yuan bears.

Volatility is the name of the game.

— CNBC's Jeff Cox contributed reporting for this story."
2024-10-13,UK leader Keir Starmer is marking 100 days in office . It has been a rocky ride,cnbc.com,https://www.cnbc.com/2024/10/13/uk-leader-keir-starmer-is-marking-100-days-in-office-it-has-been-a-rocky-ride.html,Russia-Ukraine War & Sanctions,Russia-Ukraine war; sanctions; SWIFT; USD,Geopolitical Conflict / Sanctions,"British Prime Minister Keir Starmer marks 100 days in office Saturday with little cause for celebration.

Starmer's center-left Labour Party was elected by a landslide on July 4, sweeping back to power after 14 years. But after weeks of stories about feuding, freebies and fiscal gloom, polls suggest Starmer's personal approval rating has plummeted, and Labour is only slightly more popular than a Conservative Party that was rejected by voters after years of infighting and scandal.

""You couldn't really have imagined a worse start,"" said Tim Bale, professor of politics at Queen Mary University of London. ""First impressions count, and it's going to be difficult to turn those around.""

Starmer won the election on promises to banish years of turmoil and scandal under Conservative governments, get Britain's sluggish economy growing and restore frayed public services such as the state-funded National Health Service.

His government argues it has made a strong start: It has ended long-running strikes by doctors and railway workers, set up a publicly owned green energy firm, scrapped the Conservatives' contentious plan to deport asylum-seekers to Rwanda and introduced bills to strengthen rights for workers and renters.

Starmer has traveled to Washington, the United Nations and European capitals as he seeks to show that "" Britain is back "" after years of inward-looking wrangling over Brexit. But the United Kingdom, like its allies, has struggled to have much impact on spiraling conflicts in the Middle East and the grinding war in Ukraine.

The new government also has faced crises at home, including days of far-right-fueled anti-immigrant violence that erupted in towns and cities across England and Northern Ireland in the summer. Starmer condemned the rioters as ""mindless thugs"" and vowed to jail those responsible. So far, more than 800 people have appeared in court and almost 400 have gone to prison.

Starmer's most intractable problem is Britain's sluggish economy, hobbled by rising public debt and low growth of just 0.2% in August, according to official figures.

Starmer has warned that things will be ""tough in the short term"" before they get better. He says public spending will be constrained by a 22-billion-pound ($29 billion) ""black hole"" in the public finances left by the Conservatives.

One of the government's first acts was to strip millions of retirees of a payment intended to help heat their homes in winter. It was intended to signal determination to take tough economic decisions, but it spawned a sharp backlash from Labour members and sections of the public.

It also sat awkwardly with news that Starmer had accepted thousands of pounds' (dollars') worth of clothes and designer eyeglasses from a wealthy Labour donor. Starmer insisted the gifts were within the rules, but after days of negative headlines agreed to pay back 6,000 pounds' (almost $8,000) worth of gifts and hospitality, including tickets to see Taylor Swift.

Government officials and advisers have traded blame for the faltering start, with the focus on Downing Street Chief of Staff Sue Gray, and her reported tensions with Labour campaign strategist Morgan McSweeney.

Amid intense media scrutiny — which produced the revelation that Gray earned more than the prime minister — she resigned Sunday, saying stories about her ""risked becoming a distraction."" McSweeney is replacing her as Starmer's chief of staff.

Anand Menon, director of the political think tank U.K. in a Changing Europe, wrote on its website that the government made ""avoidable mistakes"" that allowed a ""perception of incompetence and dysfunction"" to take hold.

The government's focus is now on Oct. 30, when Treasury chief Rachel Reeves will set out her first budget. The government is banking on a mix of public and private investment to spur economic growth, but needs to come up with billions for the task. Reeves has ruled out increasing income tax, sales tax or corporation tax, but also says there will be no ""return to austerity"" — a hard circle to square. She is thought to be considering hiking levies on wealth such as capital gains or inheritance tax.

The government is hoping it can take painful decisions early and then turn things around by showing a growing economy and improving living standards. And it has time — there does not have to be another election until 2029.

Starmer was working from 10 Downing St. on his 100th day in office, and insisted he would not be ""knocked off course.""

""You get these days and weeks when things are choppy, there's no getting around that,"" he told the BBC. ""That is in the nature of government.

""It's been much tougher than anything I've done before, but much better.""

Bale said the government can rebuild trust with voters, if it shows ""not only that it's had a pretty dire inheritance, but that it has a plan to improve the country.""

""What's been lacking in some ways is the vision thing,"" he said. ""I don't think people have that much of a sense of what Keir Starmer or indeed Labour is about. And that's something they need to put right very quickly."
2026-01-22,"CNBC Daily Open : Trump calls off tariffs on Europe , but nations are still walking a diplomatic tightrope",cnbc.com,https://www.cnbc.com/2026/01/22/cnbc-daily-open-trump-calls-off-tariffs-on-europe-but-nations-are-still-walking-a-diplomatic-tightrope.html,Russia-Ukraine War & Sanctions,Russia-Ukraine war; sanctions; SWIFT; USD,Geopolitical Conflict / Sanctions,"U.S. President Donald Trump announced Wednesday that he and NATO Secretary General Mark Rutte have agreed on what he called a ""framework of a future deal"" involving Greenland, prompting him to pull back threatened tariffs on European countries that were set to take effect Feb. 1.

Details, for now, remain elusive. Trump described the framework as more of a ""concept"" in an interview with CNBC's Joe Kernen , saying it would involve U.S.-European collaboration on a proposed Golden Dome missile defense system and access to mineral resources in Greenland .

The relief expressed by European leaders was swift and palpable.

Danish Foreign Minister Lars Lokke Rasmussen said on X t hat the day is ""ending on a better note than it began"" — though he added that Denmark's ""red lines"" should be respected.

Netherlands Prime Minister Dick Schoof and Italian Prime Minister Giorgia Meloni , while welcoming the news, also urged continued cooperation between allied nations.

The ""sell America"" trade that rattled investors earlier this week quickly reversed on the news. U.S. stocks shot up Wednesday stateside, with major indexes climbing more than 1% by the close, while the 10-year Treasury yield fell and the U.S. dollar index strengthened.

Other topics Trump discussed with CNBC include his pick for the next Federal Reserve chair , U.S. involvement in Iran and his push to cap interest rates on credit cards.

The developments capped off a striking day at Davos , whose theme this year was ""A Spirit of Dialogue,"" even as discussions across the conference were dominated by frayed alliances and geopolitical tension.

But the story isn't over yet. The European Council is having an extraordinary meeting Thursday, while Trump is set to participate in a Board of Peace ceremony the same day.

European tariffs may have been averted in the nick of time, but the clock is still ticking on other issues.

— CNBC's Kevin Breuninger contributed to this report.

U.S. has a Greenland deal 'framework': Trump. The U.S. president said Wednesday he and NATO Secretary General Mark Rutte have formed a "" framework of a future deal with respect to Greenland,"" prompting him to call off threatened tariffs on European countries.

European Council meeting and Trump's Board of Peace ceremony. Even though tariffs are off the table, European nations will still convene on Thursday to discuss the U.S.' recent overtures. Separately, Trump will be having a Board of Peace ceremony the same day.

OpenAI looks for Middle East investments. The Sam Altman-led firm is in talks with sovereign wealth funds in the Middle East to try to secure investments for a funding round expected to total around $50 billion , CNBC confirmed on Wednesday

U.S. stocks rebound as Trump retracts tariffs. Major U.S. indexes popped more than 1% on Wednesday, led by tech stocks. Asia-Pacific markets rose Thursday, with South Korea's Kospi topping the 5,000 mark for the first time during intraday trading.

[PRO] Early signs of a 'death cross.' The pattern occurs when a stock's short-term moving average falls below its longer-term one, and is seen as a signal that more downside may be ahead. One major AI stock is nearing this bearish threshold .

I was in the room when Trump addressed leaders in Davos. Here are my top takeaways

Trump's much-anticipated address at the World Economic Forum drew thousands, with attendees queuing for hours to get into the Congress Hall. I was one of them. Even Blackstone Group CEO Steve Schwarzman had to wait in line with the rest of us.

As the crowd packed in, the atmosphere began to resemble something closer to a star- studded concert than a policy forum. Trump was met with loud applause as he took the stage for what many billed as the most closely watched speech of this year's Davos.

After more than an hour, Trump turned to the topic many in the room had been bracing for. ""Would you like me to talk about Greenland ?"""
2026-01-12,"Gold hits new record as Powell probe , Venezuela , Iran crisis ignites demand",cnbc.com,https://www.cnbc.com/2026/01/12/gold-record-haven-powell-venezuela-iran.html,Russia-Ukraine War & Sanctions,Russia-Ukraine war; sanctions; SWIFT; USD,Geopolitical Conflict / Sanctions,"Gold hit a fresh record high on Monday, extending a blistering rally as investors piled into havens amid a swirl of geopolitical and policy shocks in recent days.

Spot gold advanced 2% to hit over $4,600 an ounce for the first time, before paring gains slightly, data from LSEG showed. Prices have risen around 6% this year alone so far.

An investigation into Federal Reserve Chairman Jerome Powell and speculation over whether it could hasten a leadership change at the Fed has added a fresh layer of policy risk: ""Especially if it results in him stepping down and then leaving the Fed earlier than scheduled and is replaced by someone more in favor of rate cuts,"" said Morningstar equity analyst Jon Mills.

Federal prosecutors are examining a $2.5 billion renovation of the Fed's Washington headquarters and Powell's testimony to Congress, Powell said Sunday night. The Fed Chair added that the investigation stems from President Donald Trump's long-running frustration with the Fed's reluctance to cut interest rates as aggressively or as quickly as he has urged.

The scenario that the appointment of a new Fed Chair may pave the way for faster interest-rate cuts, is traditionally supportive for gold. Lower interest rates tend to lift gold by reducing the opportunity cost of holding a metal that pays no yield. That effect has been amplified by recent U.S. economic data that pointed to a cooling labor market.

Latest flashpoints involving Iran and Venezuela also further catalyzed gold's appeal as a safe haven.

Tensions with Iran have resurfaced after Washington signaled it is weighing options to respond to unrest in the country. The U.S. also launched a military operation in Venezuela at the start of the year that saw the capture of the country's president Nicolas Maduro last weekend.

""They all add to the narrative of heightened geopolitical uncertainty that led us to pick gold as one of highest conviction asset classes this year,"" said Rajat Bhattacharya, senior investment strategist at Standard Chartered.

While the U.S. action in Venezuela has appeared to reach a relatively swift resolution, the episode still highlights the persistence of geopolitical uncertainty and the risk of flare-ups across multiple regions, Bank of Singapore's Eli Lee similarly echoed.

In such an environment, Lee expects gold prices to see further support amid an ongoing backdrop of geopolitical unpredictability. Beyond geopolitics, the structural case for gold remains intact, the bank added, as investors reassess portfolio allocations following years of sanctions, geopolitical fragmentation and fiscal-monetary complexity.

HSBC said trading momentum could carry prices to $5,000 an ounce in the first half of 2026, even as volatility remains elevated and pullbacks may become more frequent.

The London-headquartered bank attributed the rally to a combination of safe-haven demand, a weaker U.S. dollar and policy uncertainty, noting that its FX strategists expect the greenback to remain soft in 2026.

""Mounting fiscal deficits in the U.S. and other nations are encouraging gold demand and may be a key factor going forward,"" the bank said.

Central banks are also expected to remain strong buyers this year as they diversify away from the dollar, although HSBC cautioned that purchases may fall below the peaks seen between 2022 and 2024 due to high prices.

Gold prices saw a nearly 65% yearly gain in 2025, the highest in decades."
2023-06-12,Oil edges lower ahead of Fed meeting,cnbc.com,https://www.cnbc.com/2023/06/12/oil-edges-lower-ahead-of-fed-meeting.html,Middle East Conflict & Oil Shock,Israel; Gaza; Iran; Middle East; oil prices; USD,Geopolitical Conflict / Energy,"Oil prices fell by around $3 a barrel on Monday after analysts highlighted rising global supplies and concerns about demand growth just ahead of key inflation data and a U.S. Federal Reserve meeting later this week.

Brent crude futures fell $2.95, or 3.9%, to settle at $71.84 a barrel, their lowest since Dec. 2021. U.S. West Texas Intermediate (WTI) crude fell $3.05, or 4.4%, to settle at $67.12 a barrel.

Goldman Sachs cut its oil price forecasts early on Sunday, citing higher-than-expected supplies later this year and through 2024. The bank's December crude price forecast now stands at $86 a barrel for Brent, down from $95, and at $81 a barrel for WTI, down from $89.

""Goldman capitulating on their bullish price forecast appears to have been the catalyst to kickstart selling today,"" said Kpler analyst Matt Smith.

The revision comes at the start of a busy week for the U.S. Federal Reserve, which meets on Wednesday. While the Fed is expected to leave interest rates unchanged this month, investors are concerned that rate hikes are likely to resume next month, said UBS analyst Robert Yawger.

The Fed's rate hikes have strengthened the dollar, making commodities denominated in the U.S. currency more expensive for holders of other currencies and weighing on prices.

""The Fed meeting and inflation pressures remain key issues for the market this week,"" said Rob Haworth, senior investment strategist at U.S. Bank Asset Management.

""The more likely hold on interest rates means investors will closely track Fed Chair Powell's press conference for the expected path for interest rates,"" Haworth said.

Also weighing on investors' minds, oil demand recovery has been muted in China, the top importer of crude oil and refined products.

""Chinese demand has shown no signs of materializing, and it could be as much as 2 million barrels a day, so it is a significant amount. There are definitely fears that OPEC and IEA will cut their demand forecasts,"" Yawger said.

The Organization of Petroleum Exporting Countries and the International Energy Agency will each release their monthly market updates on Tuesday.

Last week, both Brent and WTI posted a second straight weekly decline after disappointing Chinese economic data erased the price boost from Saudi Arabia's pledge to cut production in July."
2024-03-02,Here why General Catalyst is trying to buy Summa Health,cnbc.com,https://www.cnbc.com/2024/03/02/heres-why-general-catalyst-is-trying-to-buy-summa-health.html,Middle East Conflict & Oil Shock,Israel; Gaza; Iran; Middle East; oil prices; USD,Geopolitical Conflict / Energy,"Dr. Marc Harrison is a different kind of venture capitalist.

He's not looking for the next Mark Zuckerberg or Elon Musk . He's not hanging out at startup demo days. He's definitely not posting life advice screeds to founders on X. (He hardly posts at all.)

Far removed from the internet hub of Silicon Valley, Harrison went to medical school in the late 1980s and has spent the bulk of the past two decades at the upper ranks of medical systems, most recently as CEO of Intermountain Healthcare, a Utah-based nonprofit with 33 hospitals and over 63,000 employees.

In late 2022, Harrison joined venture firm General Catalyst, which has backed tech highfliers like Stripe, Snap and Airbnb . But the move to VC from health care hardly represented a career change.

In January, General Catalyst announced it was buying Summa Health, a nonprofit integrated health system that supports more than 1,000 inpatient beds across its network of hospitals, community-based health centers and its multi-specialty group practice. Summa operates across five counties in northeast Ohio and also runs a health insurance entity.

Under its new structure , Summa will become a for-profit organization, and General Catalyst says it will introduce new tech-enabled solutions that aim to make care more accessible and affordable.

General Catalyst set the stage for the deal when it brought in Harrison and, a year later, introduced a new company called the Health Assurance Transformation Corporation, or HATCo, that would operate on a ""decades-long time horizon."" Harrison was named HATCo CEO, and is now in charge of overseeing its work with Summa.

""This is the first time that anybody has done anything quite like this,"" Harrison, 60, told CNBC in an interview. ""There are many digital health solutions that are out there as point solutions. This is the first holistic transformation of a health system to a thoughtful combination of digital and in-person care.""

Over the next several months, HATCo and Summa will engage in a due diligence period, work to craft a definitive agreement and begin to map out the specific challenges they hope to tackle. In the latter half of the year, the transaction will go through the regulatory approval process.

The parties declined to share specific financial details about the acquisition with CNBC, but HATCo wants to make clear that this isn't just ""another 'private equity' deal,"" Harrison wrote in a statement . By that, he means the objective isn't to overhaul Summa by cutting costs.

While buying a hospital is an unprecedented move in the venture industry, where firms rake in big piles of money from institutional investors and seek to outperform the market, General Catalyst has a rich history in the broader health-care sector.

The 24-year-old firm has closed the most deals in digital health since 2020, according to data from PitchBook . Its portfolio companies in the space include insurer Oscar and digital health company Livongo, which was acquired by Teladoc almost four years ago.

Hospitals are different though, and many are nonprofits for a reason. Providing health care is expensive, and reimbursement rates can vary dramatically. With patients shouldering so much of the load, a study last year by the Urban Institute found that 73% of adults with medical debt owe hospitals at least some of that money.

An October report from Fitch Ratings said labor costs ""remain stubbornly high,"" and that controlling these expenses will be crucial if nonprofit hospitals want to reduce credit pressure and deliver stronger margins.

Conditions are not likely to change overnight.

""We expect weak margins to persist through 2023 and into 2024 due to an inelastic revenue model and higher labor costs due to still very tight labor conditions,"" Fitch said.

General Catalyst says it wants Summa to serve as a ""blueprint"" that shows other health systems how delivering better care for patients can also be ""good for business.""

Experts like Ceci Connolly have concerns. Connolly, CEO of the Alliance of Community Health Plans, which represents nonprofit provider-aligned regional health plans, said she's excited to see if the deal presents a new approach that can address some of the problems in health care. She's just not sure how it will work.

""I would be lying if I didn't say it gives me a little bit of pause that you are going to take a nonprofit, community-based health-care entity, and now have it answering to investors and needing to generate profits,"" Connolly said.

Connolly's viewpoint makes sense. Limited partners — the endowments, sovereign wealth funds and pensions systems that put money into venture capital — look to the asset class as a bet on innovation in tech. It's where billions can get minted on a single lucky bet.

""A lot of people feel like a PE or venture capital company owning a hospital is kind of like asking Freddy Krueger to come babysit your kids,"" said John Bass, CEO of the health-care venture studio Hashed Health. ""It just makes people a little nervous, and it doesn't feel quite aligned with this concept of health care being a human right.""

Still, Bass said he's ""thrilled"" to see General Catalyst take big swings in health-care innovation, given all the challenges the industry faces.

HATCo is capitalized outside of General Catalyst's funds structure. It operates as a holding company within General Catalyst and is completely independent from its venture business, the firm says, though it will collaborate with the investment team.

General Catalyst said HATCo is not designed to realize returns through increases in volume-based revenue or cost cutting. Instead, it will work to generate new revenue streams by introducing new solutions and models of care.

Chris Bischoff has been leading General Catalyst's health investments since 2021. The firm has been in the space for more than a decade, and Bischoff said it's come to view the health-care business as having two distinct but interrelated parts.

The first is the ""innovation side,"" or the more traditional venture business, where General Catalyst works with entrepreneurs to create and scale new solutions. The second is the ""transformation side,"" which now includes HATCo. The goal there is to partner with health systems to try and speed up delivery and roll out new tools.

""We see a really powerful flywheel between the two,"" Bischoff told CNBC in an interview.

General Catalyst has teamed up with more than 20 health systems across the U.S., Canada, the U.K. and Israel as part of its transformation business. The partnerships are designed to share best practices and encourage collaboration. Bischoff said they help reduce friction when it comes to tech deployment, eliminating the need for a bunch of third parties to get involved.

Some partners include HCA Healthcare, University of California Davis Health and Intermountain Healthcare, Harrison's former employer. In a book published last year about his work at Intermountain, Harrison wrote that General Catalyst was helping the hospital build a new marketplace, much like the App Store, for health care.

""Think of it this way: Major airlines don't build their own air-planes,"" he wrote. ""They work with a range of partners to help them deliver their offerings. To revolutionize how we care for patients, we in health care are doing the same.""

The matter is personal for Harrison.

In 2009, he was diagnosed with bladder cancer, which was remedied thanks to ""aggressive surgical treatment,"" Harrison wrote in his book.

But almost a decade later, he was diagnosed with multiple myeloma, a form of blood cancer, and things looked dire. After a failed bone marrow transplant, Harrison said he ""scrambled"" and tried a novel immunotherapy that eventually helped him get his condition under control.

""I don't know how long this treatment and others I might try will contain my disease, so I'm not wasting a minute,"" Harrison wrote.

If his athletic accomplishments are any indication, Harrison isn't one to back down from a grueling fight. He's a nine-time Ironman participant who represented the U.S. in 2014 at the world triathlon championship.

Michael Greeley, co-founder and general partner at the health tech VC firm Flare Capital Partners, said the health-care provider world is in ""acute distress"" as many organizations are trying to operate on ""razor thin profit margins.""

""There's a lot of unused capacity, like beds that are empty, because they literally don't have the labor to clean the rooms,"" Greeley told CNBC in an interview. ""It's a high fixed-costs business that, if you can't drive the volume through it, you're gonna lose money.""

On its FAQ page about the acquisition, Summa said it's in ""sound financial standing"" and on track to meet its targets. The organization reported $1.79 billion in revenue in 2022 , up from $1.67 billion in 2021 , according to Summa's annual reports.

However, the organization said it would have a limited capacity to invest in growth or other improvements within its existing structure since challenges like supply costs will continue to hurt its bottom line.

Summa had been on the market for a partner since 2018 . The next year it announced plans to merge with the Michigan-based system Beaumont Health. The organizations reached a definitive agreement that December, but Beaumont, now Corewell Health, suddenly pulled out months later without offering a public explanation.

Dr. Cliff Deveny, Summa's CEO, said that in the years that followed, the organization hadn't been able to find a health system with adequate digital health resources and technological ambitions, especially since many large providers are contending with similar financial constraints.

""We had been on about a 10-year journey of growing, but not really making the transformational changes in and how we run our business,"" Deveny told CNBC in an interview. ""We saw this as a way to really pivot and change how we provide care.""

HATCo set its sights on Summa after scanning the broader health-care environment. Harrison said he was fortunate to meet Deveny early in the search.

Summa's executive leadership team will remain intact, and the organization says it will continue to provide the same services to patients and the greater community.

Harrison said the executives will have to remain careful and rigorous about managing traditional operations, but that they will now have additional ""money, time, people, technology.""

""This is not like a turnaround, this is not a distressed system,"" Harrison said. ""This is an excellent system that has weathered maybe the most difficult time in health care that anybody's ever experienced, and they've done it well. And now they're ready to go to the next level.""

HATCo said its primary objective is to bring sustainable and agile innovation to Summa, particularly through the introduction of new platforms and tech solutions. The organization will also transition to what's known as a value-based care model, which incentivizes preventative care and keeping patients healthy as opposed to charging fees for services like appointments and procedures.

It's an expensive undertaking, and aligning insurance payers, clinicians and patients behind a value-based care model is often easier said than done.

Harrison said HATCo will likely use tech solutions from some of General Catalyst's portfolio companies, as well as from others. The tech companies HATCo taps will be on the mature side, not early-stage startups, he added.

Ben Sutton, Summa's operating chief, said the two organizations are also still evaluating what introducing new technologies will look like in practice.

""We want to build it from the ground up,"" Sutton told CNBC. ""We really want to make sure that we're tailoring those solutions to the challenges that we're having here in Akron and in the region that we serve, and make sure that we're implementing things that are most impactful immediately.""

Additionally, Summa will no longer operate as a nonprofit system. Summa said on its website it will start a new community foundation in order to maintain its commitment to charity care, but the Summa Health Foundation will no longer be operational.

Summa supports a workforce of around 8,500 people, making it the largest employer in Summit County, home to the city of Akron. There's some fear among the locals about what happens next.

At a luncheon in late January, Akron Mayor Shammas Malik said residents and employees have expressed some confusion and concern about the deal, according to a report by Ideastream Public Media . More than 450 people have signed a petition urging Summa to remain a nonprofit and to halt negotiations with HATCo.

James Hardy, a member of Akron's city council, said during a meeting on Jan. 22, that he opposed the sale, citing a ""moral objection to the use of Summa, its staff and its patients as 'guinea pigs' for venture capitalists.""

During his more than six-minute speech, which was met at the end with scattered applause, Hardy went on to ask that Summa pause the process and consider alternatives like converting the hospital to a ""county-owned system.""

""The community has not been consulted at all and we stand to gain or lose the most at the outcome of this proposal,"" Hardy said. ""At the very least, Summa owes greater Akron a transparent process where concerns and questions of the general public are asked and answered.""

Mayor Malik met with Harrison and Summa executives early in February, following the city council meeting, and had a ""positive and thoughtful conversation"" about their ambitions to create a ""new model"" for health care instead of making cuts, the mayor said in a statement to CNBC.

""When looking at the proposed Summa acquisition, there are plenty of fair and understandable concerns,"" Malik said in a statement. ""There is also the potential for this to be a very positive and transformative step for Summa, stabilizing a pillar of our community.""

Harrison has dealt with competing concerns in the past. In his book, he wrote about steering Intermountain during the Covid pandemic, when health-care workers, government officials and Utah residents openly disagreed about the right path forward.

""Rather than avoiding conflict or seeking to ram through it, we've accepted it as a fact of life and attempted to manage it adroitly and compassionately on behalf of progress,"" Harrison wrote.

HATCo has a complex, decades-long road ahead, and Harrison is now at the center of an effort to show that community-based health-care providers can be profitable without cutting costs or abandoning patients.

Flare Capital's Greeley said other VCs are unlikely to follow General Catalyst's lead because of all the costs and complexities involved in owning a hospital system. But he said he's cheering the firm on from the sidelines.

""Hats off,"" he said. ""If anybody can pull it off, I think they'll have a reasonably good shot.""

WATCH: Health care has more upside ahead"
2024-02-20,"Gold at $3 , 000 and oil at $100 by 2025 ? Citi analysts dont rule it out",cnbc.com,https://www.cnbc.com/2024/02/20/gold-at-3000-and-oil-at-100-by-2025-citi-analysts-dont-rule-it-out.html,Middle East Conflict & Oil Shock,Israel; Gaza; Iran; Middle East; oil prices; USD,Geopolitical Conflict / Energy,"Gold prices could soar to $3,000 per ounce, and oil to $100 per barrel within the next 12 to 18 months subject to any one of three possible catalysts, according to Citi.

Gold , which is currently trading at $2,016, could surge by about 50%, if central banks sharply ramp up purchases of the yellow metal, a possible stagflation, or in case of a deep global recession, Aakash Doshi, Citi's North America head of commodities research, told CNBC.

""The most likely wildcard path to $3,000/oz gold is a rapid acceleration of an existing but slow-moving trend: de-dollarization across Emerging Markets central banks that in turn leads to a crisis of confidence in the U.S. dollar,"" Citi analysts including Doshi wrote in a recent note.

That could double central bank's gold purchases, challenging jewelry consumption as the largest driver of gold demand, Doshi elaborated.

Central banks' gold purchases have ""accelerated to record levels"" in recent years, as they seek to diversify reserves and reduce credit risk, Citi said. China and Russian central banks are leading gold purchases, with India, Turkey, and Brazil, also increasing bullion buying.

The world's central banks have sustained two successive years of more than 1,000 tons of net gold purchases, the World Gold Council reported in January .

""If that goes again [to] double very quickly to 2,000 tons, we think that would be actually very bullish for gold,"" Doshi told CNBC via phone.

Another trigger that could drive gold to $3,000 would be a ""deep global recession"" that could spur the U.S. Federal Reserves to cut rates rapidly.

""That means the brakes have been cut, not to 3%, but to 1% or lower - that will take us to $3,000,"" Doshi said, noting that this is a low probability scenario.

Gold prices tend to share an inverse relationship with interest rates. As interest rates dip, gold becomes more appealing compared to fixed-income assets such as bonds, which would yield weaker returns in a low interest rate environment.

The Fed benchmark interest rate has been between 5.25% and 5.5% since July 2023, the highest since January 2001 when it shot to 6% following the dot-com bubble burst. Markets expect the Fed to cut rates in May or June.

Stagflation — an increasing inflation rate, a slowing economic growth and rising unemployment — could be another trigger, though Doshi said there's a ""very low probability"" of such a scenario.

Gold is perceived as a safe haven and tends to perform well in periods of economic uncertainty when investors move away from the riskier assets such as equities.

These three potential triggers aside, Citi maintains that their base case for bullion is $2,150 in the second half of 2024, and the price of gold to average a little over $2,000 in the first half. A new record could be reached towards the end of 2024, Doshi added.

Another wildcard scenario highlighted in Citi's report was for oil prices to hit triple digits again.

The catalysts for oil to hit $100 per barrel include higher geopolitical risks, deeper OPEC+ cuts and supply disruptions from key oil producing regions, Doshi said.

The ongoing Israel-Hamas war has not hit oil production or exports, with the only significant impact being the Houthi attacks from Yemen on oil tankers and other ships traversing the Red Sea.

Major oil producer Iraq has been impacted by the conflict and any further escalation could hurt other major OPEC+ suppliers in the region, Citi said.

Recent developments show that tensions have been rising on the border between Israel and Lebanon, raising fears that the war in Gaza could spread elsewhere in the Middle East.

Doshi said Iraq, Iran, Libya, Nigeria and Venezuela are vulnerable to supply disruptions, with steeper U.S. sanctions policy on Iran and Venezuela potentially on the cards.

Other geopolitical risks such as Russian oil supplies, should Ukraine attack Russian refineries with drones, cannot be ruled out, Citi's analysts wrote. Doshi maintained that their base case for oil stands at around $75 per barrel for the year.

Global benchmark Brent 's April futures were trading at $83.56 a barrel, while the U.S. West Texas Intermediate March futures stood at $79.13 per barrel."
2024-04-15,Ukraine war live updates : Latest news on Russia and the war in Ukraine,cnbc.com,https://www.cnbc.com/2024/04/15/ukraine-war-live-updates-latest-news-on-russia-and-the-war-in-ukraine.html,Middle East Conflict & Oil Shock,Israel; Gaza; Iran; Middle East; oil prices; USD,Geopolitical Conflict / Energy,"Russia's Foreign Ministry on Sunday expressed ""extreme concern over another dangerous escalation"" in the Middle East following Iran's missile and drone strike on Israel.

""We express our extreme concern at yet another dangerous escalation in the region. We have repeatedly warned that the numerous unresolved crises in the Middle East, primarily in the area of the Palestinian-Israeli conflict, which are often fueled by irresponsible provocative actions, will exacerbate tensions,"" the foreign ministry said on Telegram.

""We call on all parties involved in the conflict to exercise restraint. We expect the regional states to resolve the existing problems through political and diplomatic means. We believe it is important for the constructively-minded international players to contribute to this effort,"" it added.

Israel has vowed to retaliate for the Iranian strike, which itself was carried out to avenge an alleged Israeli airstrike that killed several top Iranian commanders in Damascus earlier in April.

Russia did not condemn Iran's attack, repeating Iran's assertion that the attack was ""undertaken as part of the right to self-defence.""

Photos published via Getty Images on Monday depicted destruction in Ukraine's city of Sloviansk in the Donetsk region, including a water-filled missile crater.

Russian shelling on the city damaged two apartment buildings, an educational institution, a bank and several cars on Monday, Ukraine's National Police said on Telegram.

Two people were killed and four were injured on Monday in a Russian attack on the Ukrainian village of Lukyantsi in the Kharkiv region, local governor Oleh Syniehubov said on Telegram.

Russia used a guided aerial bomb to carry out the attack, Syniehubov said.

Two men in their sixties died immediately as a result of the attack, Syniehubov said, while four other civilians were being treated for shrapnel wounds and blast injuries in a medical facility. An educational institution was also hit by the strikes, he added.

CNBC could not independently verify the reports.

Russia continues to advertise and seek to recruit foreign nationals to join its armed forces to fight in Ukraine, the U.K. said Monday.

""The most recent leaflet, written in English, requests foreigners to join a 'special' unit in the Russian Army and highlights a monthly salary of $2,200, a signing on payment of $2,000, a Russian passport, free medical treatment and training,"" the U.K.'s Ministry of Defence said in an intelligence update.

""Online recruitment adverts were distributed during the middle of 2023 specifically appealing to citizens of neighbouring countries, such as Armenia and Kazakhstan, with monthly salary offers of $1,973 and signing on payments of $5,140,"" the ministry said on social media platform X.

Russia was also recently accused of looking to recruit migrants from India and Nepal who were then sent to fight in Ukraine with the U.K. noting that it was likely that migrant workers ""have been coerced to fight under false pretences or with the offer of financial incentives.""

Russia likely wishes to avoid further unpopular domestic mobilization measures, the ministry said, amid significant casualties in Ukraine — currently estimated at 913 per day, the U.K. noted.

""Russia needs to continue to explore all recruitment avenues to maintain a high tempo of personnel in-flow, the U.K. said.

A Russian military court handed down a 14-year sentence to a man it found guilty of cooperating with a foreign state and ""justifying terrorism,"" Russian media reported on Monday.

Investigators initially accused Vladlen Menshikov, 29, of attempting to sabotage railway lines carrying military equipment near his hometown of Rezh, a small village near the Urals city of Yekaterinburg, the Vecherniye Vedomosti newspaper said.

He was later charged with the two other counts and the attempted sabotage charge was dropped, the newspaper said, citing documents from the Yekaterinburg military court.

It said Menshikov was suspected of receiving instructions from the Freedom of Russia Legion, a Ukrainian-based paramilitary group of Russians who oppose President Vladimir Putin and who have claimed responsibility for cross-border attacks into Russian territory.

Russian officials have linked pro-Ukrainian sabotage groups with numerous attacks on railways aimed at disrupting supplies to the war front in Ukraine since Moscow's full-scale invasion began more than two years ago.

Ukraine's domestic spy agency has also been accused of detonating explosives on railway lines inside Russia

Russia's Federal Security Service (FSB), the successor to the Soviet-era KGB, detained Menshikov in September 2022 at St Petersburg airport while he was trying to board a flight to Belarus, Vecherniye Vedomosti said. The newspaper did not say if Menshikov intended to appeal.

The Kremlin said Monday that it's extremely concerned about the escalation of tensions in the Middle East, saying that diplomacy should be used to resolve disagreements between Israel and Iran.

""We are extremely concerned about the escalation of tensions in the region, we call on all countries in the region to show restraint. Further escalation is in no one's interests,"" Russian Presidential Press Secretary Dmitry Peskov, news agency RIA Novosti reported .

""Therefore, of course, we advocate that all disagreements be resolved exclusively by political and diplomatic methods,"" Peskov told reporters.

Russia will be wary of any further attacks following Iran's retaliatory drone and missile attack on Israel on Saturday. Russia is closely allied with Iran on an economic and military level and war with the Middle East would weaken that partnership; Moscow could also see its influence and assets in the wider region destabilized if a wider conflict erupts.

Swathes of northern Kazakhstan and Russia's Urals region were flooded on Monday as melt waters swelled the tributaries of the world's seventh longest river system, forcing more than 125,000 people to flee their homes.

Russia's southern Ural region and northern Kazakhstan have been grappling with the worst flooding in living memory after very large snow falls melted swiftly amid heavy rain over land already waterlogged before winter.

That has swelled the tributaries of the Ob, which rises in the Altai Mountains of southern Siberia and empties into the Arctic Ocean, beyond bursting point, leaving some cities in Russia and Kazakhstan under water.

Several districts of the northern Kazakh city of Petropavlovsk were completely flooded, said a Reuters journalist in the city, which sits on the Ishim River, a tributary of the Irtysh, the chief tributary of the Ob.

Almost 1,000 houses have been flooded in the North Kazakhstan region of which Petropavlovsk is the center, and over 5,000 people have been evacuated, local officials said. There have been interruptions in power and water supply in the city.

People were queuing up in front of water trucks moving from one neighbourhood to another in the city. The main reservoir supplying the city with drinkable water has been flooded.

Just a few hundred kilometres over the border, Russia's Kurgan, a region of 800,000 people at the confluence of the Ural mountains and Siberia, was grappling with flooding and rising water levels in the Tobol River, another tributary of the Irtysh.

Ukraine's military chief said Russian forces are aiming to capture the town of Chasiv Yar in Donetsk by May 9, the date on which Russia commemorates Soviet victory in World War II.

Chasiv Yar lies west of Bakhmut, a town reduced to rubble but finally captured by Russian forces last May after months of fighting. Capturing the town would give Russia another strategic gain in Donetsk in eastern Ukraine, a war hot spot, and could allow it to advance on industrial hub Kramatorsk.

""The higher Russian military leadership has set the task for its troops to capture Chasiv Yar by May 9,"" Colonel General Oleksandr Syrskyi, commander-in-chief of Ukraine's armed forces, said on Telegram , without presenting evidence for his claim.

Syrskyi said he had responded to Russian operations to seize Chasiv Yar by strengthening defensive positions and strengthening brigades with ammunition, drones, and electronic warfare devices.

On Saturday, Syrskyi posted on Telegram that the situation on the eastern front had ""significantly worsened in recent days.""

Ukrainian President Volodymyr Zelenskyy on Sunday condemned the Iranian drone and missile attack on Israel and said both Israel and Ukraine need help from allies.

""Ukraine condemns Iran's attack on Israel using 'Shahed' drones and missiles. We in Ukraine know very well the horror of similar attacks by Russia, which uses the same ""Shahed"" drones and Russian missiles, the same tactics of mass air strikes,"" he said on social media platform X.

""Iran's actions threaten the entire region and the world, just as Russia's actions threaten a larger conflict, and the obvious collaboration between the two regimes in spreading terror must face a resolute and united response from the world,"" Zelenskyy said.

The attack on Israel has raised expectations that Congress could move sooner to approve a multibillion dollar aid package for Ukraine and Israel that has been blocked by Republicans in recent months.

Mike Johnson, speaker of the U.S. House of Representatives, said Sunday that he would try to secure passage of aid to Israel this week but did not say whether the legislation would include aid for Ukraine, Reuters reported .

""The world cannot wait for discussions to go on,"" Zelenskyy said. ""Words do not stop drones and do not intercept missiles. Only tangible assistance does. The assistance we are anticipating ... It is critical that the United States Congress make the necessary decisions to strengthen America's allies at this critical time,"" he said.

Russia's Foreign Ministry spokesperson slammed Israel following Iran's massive drone and missile attack on the country on Saturday, saying Israel had not shown any solidarity or sympathy for Moscow when its territory was attacked by Ukraine.

Israeli Ambassador to Russia Simona Halperin was reported by news agency RIA Novosti as stating Sunday that Israel expected Russia to condemn Iran's large-scale missile attack on the country this weekend.

Foreign Ministry spokesperson Maria Zakharova rebuked the ambassador, however, noting, ""Simona, remind me when was the last time that Israel condemned at least one of Kiev's attacks on Russian regions? You can't recall that, can you? Neither can I,"" she said.

""What I do recall are routine statements by Israeli officials in support of Zelensky's actions. The very same criminal and terrorist actions committed by the thugs from Ukraine's Presidential Office that have for years been killing civilians and destroying civilian infrastructure,"" Zakharova said.

Russia and Israel used to enjoy warm diplomatic relations, but those have become frayed as Moscow has grown closer to Israel's archenemy Iran — and as Israel has backed its Western allies' condemnation of Russia's invasion of Ukraine — although it has not joined its partners in imposing sanctions on Russia.

Russia's Foreign Ministry on Sunday expressed ""extreme concern over another dangerous escalation"" in the Middle East following Iran's missile and drone strike on Israel.

""We express our extreme concern at yet another dangerous escalation in the region. We have repeatedly warned that the numerous unresolved crises in the Middle East, primarily in the area of the Palestinian-Israeli conflict, which are often fueled by irresponsible provocative actions, will exacerbate tensions,"" the foreign ministry said on Telegram.

""We call on all parties involved in the conflict to exercise restraint. We expect the regional states to resolve the existing problems through political and diplomatic means. We believe it is important for the constructively-minded international players to contribute to this effort,"" it added.

Israel has vowed to retaliate for the Iranian strike, which was carried out to avenge an alleged Israeli airstrike that killed several top Iranian commanders in Damascus earlier in April.

Russia did not condemn Iran's attack, repeating Iran's assertion that the attack was ""undertaken as part of the right to self-defence.""

An all-out war between Israel and Iran could drag Russia into its orbit, given its close relationship with Tehran. Russia has become a close ally of Iran, with the countries developing a deeper military relationship in recent years, and with Russia using thousands of Iranian-made attack drones in Ukraine.

Ukraine's military chief warned Saturday that the battlefield situation in the east of the country, which continues to be the epicenter of the fiercest fighting in Ukraine, has deteriorated sharply.

""The situation on the eastern front has significantly worsened in recent days,"" Oleksandr Syrskyi, commander-in-chief of Ukraine's armed forces, said on Telegram .

""This is primarily due to the significant intensification of enemy offensive actions following the presidential elections in the Russian Federation,"" he added, in comments translated by NBC News.

Syrskyi said warm, dry weather had facilitated Russian forces' attacks on Ukrainian positions in the Lyman and Bakhmut areas of the Donetsk region in eastern Ukraine, with Russian ""assault groups supported by armored vehicles,"" including dozens of tanks and infantry fighting vehicles.

""Despite significant losses, the enemy is increasing efforts by deploying new units with armored vehicles, occasionally achieving tactical success,"" Syrsyki said.

Read more here : Situation on eastern front has ‘significantly worsened’ in recent days, Ukraine’s army chief warns"
2024-04-05,CNBC Daily Open : Risk aversion in vogue,cnbc.com,https://www.cnbc.com/2024/04/05/cnbc-daily-open-risk-aversion-in-vogue.html,Middle East Conflict & Oil Shock,Israel; Gaza; Iran; Middle East; oil prices; USD,Geopolitical Conflict / Energy,"Weak quarterly kickoff Japan markets led losses in Asia on Friday, tracking a Wall Street sell-off ahead of a crucial jobs report, as yet another U.S. Federal Reserve official cooled expectations this week for imminent rate cuts. The Nikkei 225 was down more than 2%, while Korea's Kospi shed 1%. Hong Kong's Hang Seng Index edged up 0.1%., while mainland China markets remain shut for a public holiday. Oil prices climbed, with West Texas Intermediate crude for May delivery breaking above $86 per barrel and Brent for June delivery hitting $90.65 per barrel, their respective highest levels since Oct. 20 . The Dow Jones Industrial Average closed down Thursday 1.35% at 38,596.98 in its biggest loss since March 2023 and fourth-straight daily loss.

Jobs report preview Economists expect the U.S. March nonfarm payrolls, due Friday morning, to come in at 200,000 , according to the Dow Jones consensus forecast. That would be weaker than February's initial 275,000, but still indicative of a solid hiring pace. Investors will likely focus on any other information pointing to weakening foundations in the labor market, scouring for clues on whether the U.S. Federal Reserve will hold off cutting rates.

Yellen in China U.S. Treasury Secretary Janet Yellen kicked off her first full day of official meetings in China, discussing overcapacity concerns and encouraging Chinese officials to pursue market-oriented reforms. ""Overcapacity isn't a new problem, but it has intensified, and we're seeing emerging risks in new sectors,"" Yellen said in prepared remarks at an American Chamber of Commerce in China event in Guangzhou.

Chips ahoy Samsung Electronics on Friday said it expects to post an eye-popping 931% increase in first quarter operating profit as chip prices rebound. The profit guidance for 6.6 trillion Korean won ($4.89 billion) exceeded even LSEG's estimate of 5.24 trillion won.

Tech layoffs, again Apple is laying off 614 workers in California, according to a new state filing, in the company's first significant round of job cuts since the pandemic. Apple hasn't been forced into layoffs on the scale of its tech rivals largely because it didn't expand as aggressively during the Covid-19 pandemic. While the filing didn't specify the part of the business where Apple is planning to cut numbers, this announcement comes weeks after it canceled a long-running project to build an electric, self-driving car.

[PRO] Pre-earnings upgrades Analysts have become more bullish on six stocks from around the world this week, raising their price targets ahead of the quarterly earnings release season.

Some of the usual safe haven suspects have been suspiciously popular this week.

Gold prices scaled new highs this week. Even the beleaguered Japanese yen got a rare reprieve, rallying Thursday from levels against the dollar that many worry may spark government intervention.

Rising geopolitical tensions in the Middle East have been cited, as oil prices surged to their highest in more than five months.

Israel is reportedly bracing for retaliatory attacks after a presumed Israeli air strike on Iran's embassy compound in Damascus killed several Iranian generals.

All of this as U.S. stock markets — which have been a standout outperformer in the past 12 months —have corrected this week in a feeble start to the second quarter.

Successive comments from U.S. Federal Reserve officials this week have also tempered hopes of a a first rate cut, which markets are expecting to happen at the Fed's June meeting.

With the CBOE Market Volatility index touching its highest since late last year, some investors are appearing to hedge their positions in anticipation of more volatility ahead.

The risk off sentiment is unmistakable."
2024-04-05,CNBC Daily Open : Safe havens in vogue,cnbc.com,https://www.cnbc.com/2024/04/05/cnbc-daily-open-safe-havens-in-vogue.html,Middle East Conflict & Oil Shock,Israel; Gaza; Iran; Middle East; oil prices; USD,Geopolitical Conflict / Energy,"Weak quarterly kickoff U.S. markets slid Thursday ahead of a crucial Friday jobs report, as yet another U.S. Federal Reserve official cooled expectations this week for imminent rate cuts. Oil prices climbed, with West Texas Intermediate crude for May delivery breaking above $86 per barrel and Brent for June delivery hitting $90.65 per barrel, their respective highest levels since Oct. 20 . The Dow Jones Industrial Average closed down Thursday 1.35% at 38,596.98 in its biggest loss since March 2023 and fourth-straight daily loss. The S&P 500 ended down 1.23% at 5,147.21, while the tech-heavy Nasdaq Composite finished down 1.4% at 16,049.08.

Jobs report preview Economists expect the U.S. March nonfarm payrolls, due Friday morning, to come in at 200,000 , according to the Dow Jones consensus forecast. That would be weaker than February's initial 275,000, but still indicative of a solid hiring pace. Investors will likely focus on any other information pointing to weakening foundations in the labor market, scouring for clues on whether the U.S. Federal Reserve will hold off cutting rates.

EV realities Ford Motor is delaying production of a new all-electric large SUV and another pickup truck model codenamed ""T3"" in its latest rejigging of EV plans. The automotive industry is confronting the reality of a slower rate of EV adoption among consumers even as production costs remain elevated.

Trusting Zuckerberg Meta shares soared to an intraday record on Thursday, outperforming the broader market after Jefferies and RBC Capital analysts raised their price targets. ""Meta has too many advantages to count,"" Jefferies analysts wrote in their report, where they predicted Meta could outgrow Amazon's ad business for the first time since 2015.

[PRO] Pre-earnings upgrades Analysts have become more bullish on six stocks from around the world this week, raising their price targets ahead of the quarterly earnings release season.

Some of the usual safe haven suspects have been relatively popular this week.

Gold prices scaled new highs this week. Even the beleaguered Japanese yen got a rare reprieve, rallying Thursday from levels against the dollar that many worry may spark government intervention.

Rising geopolitical tensions in the Middle East have been cited, as oil prices surged to their highest in more than five months.

Israel is reportedly bracing for retaliatory attacks after a presumed Israeli air strike on Iran's embassy compound in Damascus killed several Iranian generals.

All of this as U.S. stock markets — which have been a standout outperformer in the past 12 months —have corrected this week in a feeble start to the second quarter.

Successive comments from U.S. Federal Reserve officials this week have also tempered hopes of a a first rate cut, which markets are expecting to happen at the Fed's June meeting.

With the CBOE Market Volatility index touching its highest since late last year, some investors are appearing to hedge their positions in anticipation of more volatility ahead.

The risk off sentiment is unmistakable."
2024-03-24,House Republicans ramp up Speaker Johnson pressure after budget saga,cnbc.com,https://www.cnbc.com/2024/03/24/house-republicans-ramp-up-speaker-johnson-pressure-after-budget-saga.html,Middle East Conflict & Oil Shock,Israel; Gaza; Iran; Middle East; oil prices; USD,Geopolitical Conflict / Energy,"After six months of budget deadlocks , stopgap funding measures and near-miss government shutdowns , Congress finalized the remaining parts of a permanent spending package for the rest of the fiscal year this weekend.

Before House Speaker Mike Johnson, R-La., can exhale, he will have to face the House Republican hard-liners of the Freedom Caucus .

And they have made it clear that they intend to turn up the heat on the speaker's next uphill funding battle: Ukraine .

""I can promise you, if you put a Ukraine bill on the floor and you haven't secured the border, there's going to be a problem within the ranks and on Capitol Hill,"" said Freedom Caucus member Rep. Chip Roy, R-Texas, Sunday on CNN's ""State of the Union.""

Johnson is already in hot water with the Freedom Caucus for his concessions to pass the budget bill and avert a government shutdown.

""I think Speaker Johnson — I've been public about this — made a mistake,"" said Roy. ""I don't think this bill was reflective of what the American people want.""

Roy joins a chorus of Republican hard-liners who opposed the budget bill as it was being passed through the chambers of Congress over the past several days. Moments after the House voted to pass the budget bill on Friday morning, hard-liner Rep. Marjorie Taylor Greene, R-Ga., filed a motion to oust Johnson from his post.

Johnson made several last-minute moves in order to pass the budget bill before funding ran out Friday at midnight, after which a partial government shutdown would take effect.

For example, he disobeyed the House's 72-hour review rule, which requires a 72-hour window after the legislative text is released and before voting so that lawmakers can review the proposals.

He also used an expedited voting procedure that requires two-thirds of votes in favor rather than a simple majority, which meant he would have to seek Democratic support to pass the legislation.

""We have famously the smallest majority in U.S. history,"" Johnson said Thursday on CNBC's "" Squawk Box ."" ""So yeah, by necessity, you have to get both parties to agree to a lot of this.""

Compromising with Democrats was one of the central grievances that led to former House Speaker Kevin McCarthy's losing his post. He became the first speaker ever to be ousted.

McCarthy's fate has been a specter looming over Johnson's speakership as he tries to balance the interests of the hard-line conservatives who elected him while compromising enough to keep the government running.

With the budget finally agreed upon, the Ukraine funding decision will be more challenging for Johnson to dodge.

Congress has continued to punt Ukraine funding, which has been depleted for months. The House is currently sitting on a $95 billion spending proposal to provide aid to Ukraine and Israel, along with other war-torn regions, which the Senate passed in February.

But Republicans like Roy oppose sustained aid for Ukraine's ongoing war with Russia , ""Not one dollar should go to the Ukraine funding — not one dollar — if the border of the United States is wide open.""

The border has become a top voting issue in the 2024 election, mainly after Republicans tanked a spending package that would have provided $20 billion in border funding. Former President Donald Trump fueled Republican dissent, reportedly telling Republicans to oppose the package so as not to deliver Democrats a border victory during this election year."
2024-05-01,BlackRock to open a Saudi investment firm with $5 billion from PIF,cnbc.com,https://www.cnbc.com/2024/05/01/blackrock-to-open-a-saudi-investment-firm-with-5-billion-from-pif-.html,Middle East Conflict & Oil Shock,Israel; Gaza; Iran; Middle East; oil prices; USD,Geopolitical Conflict / Energy,"Asset manager BlackRock will launch an investment platform in Riyadh with the help of a $5 billion anchor investment from Saudi Arabia's Public Investment Fund, the kingdom's sovereign wealth fund.

The announcement Tuesday followed the signing of a memorandum of understanding between BlackRock's Saudi division and the PIF with the aim of spurring capital markets growth in the oil-rich Gulf country.

BlackRock, the world's largest asset manager with $10 trillion in assets under management, will ""launch investment strategies across asset classes for the Saudi market, including both public and private markets, managed by a Riyadh-based investment team,"" a joint press release from the firm and the PIF read.

The new platform will be called BlackRock Riyadh Investment Management, or BRIM.

BRIM aims to help bring foreign institutional investment into Saudi Arabia as well as develop the Saudi asset management industry, expand local capital markets and investor diversification, and support the development of the kingdom's asset management talent, the release said.

The initiative, as well as many others by the PIF, which oversees $925 billion in assets under management, contributes to Saudi Arabia's Vision 2030, a multitrillion-dollar project aiming to modernize the kingdom's economy and diversify it away from oil. Central to that effort is bringing major international institutions, investment and foreign talent into Saudi Arabia itself.

The establishment of BRIM aims to foster "" further growth in the Saudi capital market ecosystem and enable a growing international investment management sector based in Saudi Arabia,"" the press statement said.

Larry Fink, CEO of BlackRock, said in the statement that the kingdom ""has become an increasingly attractive destination for international investment as Vision 2030 comes to life.""

The asset managing giant has been doing work with Saudi Arabia for years, and in 2018 made clear it would not pull out despite major controversy over the killing of journalist Jamal Khashoggi by Saudi agents.

In another move increasing its ties to the kingdom, BlackRock in July 2023 gave Saudi Aramco CEO Amin Nasser a seat on its board of directors. Aramco is the largest oil company in the world.

At the time, BlackRock said the move reflected the firm's emphasis on the Middle East as part of its long-term strategy.

— CNBC's Yun Li contributed to this report."
2024-04-24,Ukraine war live updates : Latest news on Russia and the war in Ukraine,cnbc.com,https://www.cnbc.com/2024/04/24/ukraine-war-live-updates-latest-news-on-russia-and-the-war-in-ukraine.html,Middle East Conflict & Oil Shock,Israel; Gaza; Iran; Middle East; oil prices; USD,Geopolitical Conflict / Energy,"U.S. President Joe Biden on Wednesday signed a bill into law that provides billions of dollars of additional aid to Ukraine to help it repel Russia's onslaught.

The overall package, which includes aid for Israel and Taiwan is worth $95 billion, is a lifeline for Ukraine, whose forces have been running short on artillery units and ammunition on parts of the front line. Kyiv has been pleading for more air defense systems and long-range missiles for months.

In other news, a Russian court on Wednesday formally arrested Deputy Defense Minister Timur Ivanov and charged him with bribery, following his detention Tuesday. The case marks one of the most high-profile corruption cases since Moscow invaded Ukraine in 2022.

U.S. President Joe Biden on Wednesday signed a bill into law that provides billions of dollars of additional aid to Ukraine to help it repel Russia's onslaught, bringing an end to a protracted political battle over urgently needed assistance.

Biden said the first tranche of military equipment would be sent to Ukraine within the next few hours. He described the U.S. aid as an investment not only in Ukraine and Europe's security but also U.S. security.

""America stands with our friends, we stand up against dictators. We bow to no one, to no one. Certainly not [Russian President] Vladimir Putin,"" Biden said.

Earlier in the day, Ukrainian President Volodymyr Zelenskyy said he was grateful to the U.S. Senate for approving aid to the war-torn country.

Russia, meanwhile, has said its forces will intensify attacks on Ukraine's Western weapons.

Photos published via Getty Images on Wednesday showed an armored vehicle said to be captured by Russian servicemen during Russia's war in Ukraine. The display was held at the Victory Park memorial complex in Moscow.

A Russian Orthodox priest who led a memorial service last month at the grave of late opposition leader Alexei Navalny has been suspended from clerical duties and ordered to serve three years of ""penance"".

Dmitry Safronov has prayed several times at the Moscow grave of Navalny and conducted a service there on March 26 to mark 40 days since Navalny's death in an Arctic penal colony.

His suspension was announced by the Moscow Diocese of the Russian Orthodox Church, which said he would be demoted to the role of psalm-reader.

No reason was stated for the punishment, the latest in a series that the Church has imposed on priests deemed sympathetic to the opposition or not sufficiently supportive of Russia's war in Ukraine.

The number of Russian soldiers being sentenced for desertion is rocketing, the U.K.'s Ministry of Defense said in an intelligence update Wednesday.

According to the independent Russian media group, Mediazona, Russian military courts in March 2024 sentenced a record high 684 members of the Russian armed forces for desertion. The total number of cases since a partial mobilization in September 2022 is 7,400.

CNBC could not independently verify the report.

""Many of the soldiers who have been tracked down and appear in military court are given suspended sentences, returned to their units and to the frontlines. At the same time, asylum requests in Western nations from Russian nationals avoiding military service have reached record levels,"" the U.K.'s defense ministry said via social media platform X.

The ministry noted that Russian soldiers, including those forcibly recruited during the partial mobilization, are required to remain in military service indefinitely, with little prospect of release.

Ukraine's SBU security service drones struck two Rosneft-owned oil depots in Russia's Smolensk region in an overnight attack, according to a source in Ukrainian intelligence.

The source said the depots contained 26,000 cubic metres of fuel and that the attack caused major fires and evacuation of personnel.

""The SBU continues to effectively destroy military infrastructure and logistics that provide fuel to the Russian army in Ukraine,"" the source said.

""These facilities are and will remain our absolutely legitimate targets.""

Energy facilities in Russia's Smolensk region are reportedly on fire as a result of an attack by Ukrainian drones, a Russian official said Wednesday.

""Our region is again under attack by Ukrainian UAVs [unmanned aerial vehicles],"" Vasily Anokhin, governor of the Smolensk region, said on Telegram.

""The air defense forces of the Russian Armed Forces are fighting against air targets. In all likelihood, as a result of an enemy attack on civilian fuel and energy facilities, fires occurred in the Smolensk and Yartsevo districts,"" Anokhin said on Telegram .

The governor added that emergency personnel are working on the spot. It's unclear what facilities Anokhin was referring to; Reuters noted that there are no large oil refineries in Smolensk.

Separately, the governor of the southwestern Lipetsk region said that Ukraine had targeted infrastructure in Lipetsk's industrial zone.

""The object was isolated, there was no threat of an attack on the residential area,"" Igor Artamonov said.

""It was decided not to turn on warning systems in the city and to evacuate only the area where the UAV fell."" It's unclear whether the downed drone caused any damage.

The Governor of the Voronezh region Alexander Gusev also reported that air defense systems destroyed a Ukrainian aircraft-type drone in the suburbs of the regional capital.

CNBC was unable to verify the reports and Ukraine rarely comments on attacks against Russian territory, although Russian energy facilities and border regions have come under frequent attacks recently.

A Russian court on Wednesday formally arrested Deputy Defense Minister Timur Ivanov and charged him with bribery, the court said, following his detention on Tuesday.

The court remanded Ivanov in custody for two months and said that according to the charges he had put himself in a position to benefit from hiring contractors for the ministry where he oversaw construction activities.

The U.S. Senate approved a $61 billion foreign aid package for Ukraine on Tuesday night, paving the way for President Joe Biden to sign the legislation into law on Wednesday.

The overall package, which including aid for Israel and Taiwan is worth $95 billion, is a lifeline for Ukraine, whose forces have been running short on artillery and ammunition on parts of the front line. Kyiv has been pleading for more air defense systems and long-range missiles for months.

The Democratic-controlled Senate was always expected to pass the aid package but it has taken months for it to be approved by the Republican-led House of Representatives amid opposition to ongoing aid for Ukraine. The bill finally received enough bipartisan support last Saturday, however, despite ongoing resistance from many Republican lawmakers.

The Pentagon has promised that supplies of weapons and equipment will reach Ukraine within days of Biden signing the bill into law.

Ukraine's President Volodymyr Zelenskyy expressed his gratitude to the U.S., Kyiv's biggest backer, commenting on X Wednesday, ""I am grateful to the United States Senate for approving vital aid to Ukraine today ... This vote reinforces America's role as a beacon of democracy and the leader of the free world.""

Zelenskyy said he looked forward to the bill being signed soon ""and the next military aid package matching the resoluteness that I always see in our negotiations.""

""Ukraine's long-range capabilities, artillery, and air defense are critical tools for restoring just peace sooner,"" he said.

A Russian deputy defense minister in charge of military construction has been detained on Tuesday on suspicion of ""large-scale"" bribe-taking, in one of the highest-profile corruption cases since Moscow launched its war in Ukraine.

A brief statement by the Investigative Committee, Russia's top investigative body, said late on Tuesday that Timur Ivanov had been taken into custody and an investigation into his case was proceeding.

The statute that the investigators cited for the detention of Ivanov, who has been in his job for eight years, is for accepting bribes ""on a particularly large scale"".

In 2022, Russia's Anti-Corruption Foundation, headed by the late Russian opposition leader Alexei Navalny, alleged that Ivanov and his family led a lavish lifestyle filled with spending on real estate, luxurious trips and designer clothing.

Russian media reported that Ivanov was in charge, among other things, of large construction projects rebuilding the eastern Ukrainian city of Mariupol, which was heavily bombarded and taken by Russia as part of Moscow's invasion of Ukraine.

Kremlin spokesman Dmitry Peskov, quoted by Russian news agencies, said a report on Ivanov's detention had been presented to President Vladimir Putin. Defense Minister Sergei Shoigu had been informed in advance of his detention, he said. Russian news reports said that Ivanov, if convicted, could face up to 15 years in prison.

Russian news reports also said Ivanov was likely the most senior Russian official to face such charges since Moscow launched its invasion of Ukraine in February 2022.

Russia is preparing ""unpleasant surprises"" in unexpected places when its forces launch an offensive in early summer, the commander of Ukraine's National Guard told a Ukrainian news agency.

Oleksandr Pivnenko echoed comments by other senior military officials, warning that Ukraine will face a difficult few months when the Russian offensive begins, with the launch expected in mid-May.

""Now they will not cause such problems that the commanders of the defense forces will run in panic and not know what to do. We are preparing,"" Pivnenko told Liga.net Tuesday .

""Yes, the enemy will make unpleasant surprises for us. He will act in directions that we do not expect. But he will not achieve his goal,"" he said.

Russian Foreign Minister Sergei Lavrov last week gave one of the clearest indications yet that Russia intends to try to capture Kharkiv in northeastern Ukraine when it launches its offensive. Pivnenko said any attempts to seize the city would cost Russia thousands of personnel.

""In order to capture Kharkiv, they [will] have to fight for years. Remember how long Bakhmut and Avdiivka held out. It is easier for the Russians to change the leadership of the Russian Federation and abandon their plans than to take the city by putting thousands more of their soldiers [into the fighting there],"" he said.

A $61 billion U.S. military aid package for Ukraine is close to being approved by the U.S. Senate before being signed into law by President Joe Biden, but it could take weeks for supplies to reach Ukrainian forces on the frontline.

A grateful Ukraine has urged officials to speed up the passage of the aid and the transfer of weapons, particularly long-range weapons systems including ATACMs (Army Tactical Missile Systems) and air defense systems, as Russia retains an advantage on the battlefield.

Andrius Tursa, Central and Eastern Europe advisor at consultancy firm Teneo consultancy, commented that while the first shipments of military supplies are expected to reach Ukraine within days after the signing of the bill, it will likely take weeks to sufficiently replenish heavily-depleted Ukrainian forces across the more than 1,000km (621 mile) frontline.

""The Russian forces will likely attempt to exploit this period of vulnerability on the Ukrainian side and intensify offensive actions around the strategically important town of Chasiv Yar (west of Bakhmut),"" Tursa said in emailed comments.

""The occupation of Chasiv Yar would facilitate future Russian advances deeper into the Donetsk region and give Russian President Vladimir Putin an important victory during his inauguration on 7 May and Victory Day celebrations on 9 May,"" he added.

Ukrainian officials have commented publicly that Russian forces are aiming to capture Chasiv Yar, which lies on high ground, given Russia a potential strategic advantage as it looks to fully occupy the wider Donetsk region in eastern Ukraine.

Ukraine's military said Monday that Russia has a force of 20,000-25,000 troops trying to storm Chasiv Yar and surrounding villages. Russian forces have claimed several advances in Donetsk in recent days, although Ukraine disputed claims on Monday that Russia had seized the village of Novomykhailivka.

Russian Defense Minister Sergei Shoigu said his forces will look to target storage bases containing Western weapons given to Ukraine.

""We will increase the intensity of attacks on logistics centers and storage bases for Western weapons,"" Shoigu said at a meeting of senior ministry officials Tuesday, news agency Interfax reported.

""The Russian Armed Forces will continue to carry out assigned tasks until the objectives of the special operation are fully achieved,"" he added. Despite more than two years of war with Ukraine, Russia continues to characterize its invasion of Ukraine as a ""special military operation.""

Ukraine has suspended consular services for military-age male citizens living abroad except for those needed to return to Ukraine, a government helpline said on Tuesday, in what appeared to be a measure to boost conscription for the war with Russia.

Ukraine is on the back foot on the battlefield facing a shortage of troops against a larger, better equipped foe nearly 26 months since Russia launched its full-scale invasion.

Foreign Minister Dmytro Kuleba said in a statement on X that he had ordered measures to be taken to restore what he described as ""fair treatment"" for men of mobilization age. He criticised those who had left Ukraine before or during the war.

""How it looks like now: a man of conscription age went abroad, showed his state that he does not care about its survival, and then comes and wants to receive services from this state,"" he said.

""It does not work this way. Our country is at war.""

He said the foreign ministry would clarify the procedure for military-age men to obtain consular services soon. ""Staying abroad does not relieve a citizen of his or her duties to the homeland,"" he added.

In a separate statement, the state passport service said: ""Unfortunately, due to technical reasons, the issuance of ready-made documents in foreign branches of SE (State Enterprise) Document has been suspended.""

The Eurostat database estimated about 4.3 million Ukrainians were registered in European Union countries as of January 2024 of whom about 20% are adult men, roughly 860,000 people.

A close ally of Russian President Vladimir Putin warned Tuesday that Russia is ready to retaliate if almost $300 billion of frozen Russian assets are seized by the West and used to assist Ukraine.

""The Europeans know that there will be a very tough response on our part, and an adequate response,"" Valentina Matviyenko, the speaker of the Russian upper house of parliament, told state news agency RIA Novosti.

Matviyenko, a member of Russia's Security Council, said in an interview that a draft law on response measures had already been prepared. She did not specify what the retaliatory measures would be but said Europe ""will lose more than we do.""

Western officials are not fully decided on the controversial proposal to seize frozen Russian assets abroad, the majority of which — around $224 billion — are in the European Union, a Russian lawmaker said Monday , noting that only $5 to $6 billion worth of assets were in the U.S.

Supporters of the proposal say Russia needs to be punished for its invasion of Ukraine beyond sanctions on high-profile Russian individuals, entities and industries, and that Russian assets should be used to fund Ukraine's war effort and eventual multi-billion dollar reconstruction.

Critics of the move warn that seizing Russian assets will only escalate tensions and create a dangerous precedent.

The Kremlin has thundered against the proposal, describing it as illegal and illegitimate. Some Russian officials have warned that Moscow could, in turn, confiscate Western assets if the proposal goes ahead.

Russia warns it’s ready to retaliate if the West seizes frozen assets, says Europe will be hurt most"
2024-09-05,Saudi Arabia fiscal breakeven oil price is rising fast,cnbc.com,https://www.cnbc.com/2024/09/05/saudi-arabias-fiscal-breakeven-oil-price-is-rising-fast.html,Middle East Conflict & Oil Shock,Israel; Gaza; Iran; Middle East; oil prices; USD,Geopolitical Conflict / Energy,"Saudi Arabia has a superpower. Not only is it the largest exporter of crude oil in the world; its production costs for oil projects are also the lowest in the world, at around just $10 per barrel. When around 75% of your fiscal revenue comes from oil, that's a big deal.

And for a time, its fiscal breakeven oil price — what it needed a barrel of crude to cost in order to balance its government budget — was fairly comfortable, too.

That's changing as the kingdom embarks on huge spending projects as part of Vision 2030, which aims to modernize its economy and diversify its revenue sources away from oil. With each passing year, that projected fiscal breakeven oil price gets higher, and the kingdom's deficit widens.

In May of 2023 the International Monetary Fund forecast the kingdom's breakeven oil price at $80.90 per barrel, which moved it back into a fiscal deficit following its first surplus in nearly a decade. To be sure, the fiscal breakeven isn't the price at which Saudi Arabia makes a profit on crude but the average oil price it needs to balance the books.

The IMF's latest forecast, in April, put that breakeven figure at $96.20 for 2024; a roughly 19% increase on the year before, and about 32% higher than the current price of a barrel of Brent crude, which is trading at around $73 as of Wednesday afternoon.

""At least until 2030, Saudi will have massive budgetary needs due to the need to demonstrate some significant outcome in key Vision 2030 projects and to prepare for and host big sporting and cultural events"" like the World Cup 2034 and Expo 2030, said Li-Chen Sim, a non-resident scholar at the Washington-based Middle East Institute.

""All this amidst expected growth in oil supply from the U.S., Guyana, Brazil, Canada, and even the UAE and possible anemic oil consumption growth in China, the Kingdom's largest oil customer, means that the Kingdom's fiscal breakeven price is likely to rise perhaps to around $100.""

All that, she adds, does not include the domestic spending requirements of the kingdom's mammoth sovereign wealth fund, the Public Investment Fund, which is behind multi-trillion dollar megaprojects like NEOM. A Bloomberg forecast cited by Nomura Asset Management put this year's breakeven price, including PIF spending, at $112 per barrel.

""Saudi Arabia is wealthy and government spending has climbed rapidly over the past decade but it has fiscal parameters within which it must operate just like every other country,"" a Nomura report on Arabian markets published Sept. 2 read.

Important economic indicators ""like oil production and prices, are now flashing warning signs,"" it added. ""A global slowdown amid supply uncertainties may hamper prospects for hydrocarbon economies.""

Saudi Arabia's economy swung dramatically from a budget surplus of $27.68 billion in 2022 to a deficit of $21.6 billion in 2023 as it ramped up public spending and decreased oil production due to its OPEC+ supply cut agreement. Its government forecasts a deficit (meaning the total amount of money spent will be more than the money received) of $21.1 billion for 2024, projecting revenue at $312.5 billion and expenditures at $333.5 billion.

But wait — fiscal breakeven prices are not always as important as people think they are, some economists and market analysts argue. And for Saudi Arabia, a range of options exist to manage deficits and less-than-ideal oil prices.

""The reality is that countries run deficits all the time, and therefore the idea Saudi Arabia needs $112 oil, or whatever the number is, to me doesn't provide a true representation of what's going on,"" one energy analyst who focuses on the kingdom told CNBC.

""For Saudi Arabia, they have a lot of capacity to take on more debt if they wanted to ... it's not an issue for them to run a small deficit,"" the analyst said, speaking anonymously due to professional restrictions on speaking to the press.

The kingdom also has robust foreign currency reserves, which grew to a 20-month high of $452.8 billion in July, and has been successfully issuing bonds, tapping debt markets for $12 billion so far this year. Oil revenue should increase in 2025 when the OPEC+ production cuts, the majority of which were taken by Saudi Arabia, expire, according to energy analysts.

""From that perspective, they're also starting from a relatively strong position,"" the source said.

Saudi Arabia's public debt has grown from around 3% of its GDP in the 2010s to 24% today — that's a massive increment, Sim said. But by international standards, it's still low. Average public debt in EU countries, for instance, averages 82%. In the U.S. in 2023, that figure was 123%.

Its relatively low debt level and high credit rating makes it easier for Saudi Arabia to take on more debt as it needs to. The kingdom has also rolled out a series of reforms to boost and de-risk foreign investment and diversify revenue streams. While the country's economy has contracted for the last consecutive four quarters, non-oil economic activity grew 4.4% in the second quarter year-on-year, up 3.4% from the prior quarter.

""The good news is that the economy is progressing along its diversification track and has already absorbed large reductions in subsidies and higher VAT while generating a huge number of jobs,"" the Nomura report said.

While the kingdom ""still lacks the quantum of foreign direct investments desired,"" it wrote, ""the newly approved investment law should bring it closer to achieving its goal of building a substantially bigger non-oil sector.""

Risks remain, however — primarily if oil demand continues to be soft in major consuming countries and crude supply in non-OPEC+ countries continue to grow, Sim said. And those risks are entirely out of Saudi Arabia's control.

""With regard to the first point, the biggest danger is a possible tit-for-tat tariff war between China and the US or Europe,"" Sim said. This ""could result in slower global economic growth and hence a reduced demand for oil."""
2026-04-07,Kelly Evans : From Suez to the Strait,cnbc.com,https://www.cnbc.com/2026/04/07/kelly-evans-from-suez-to-the-strait.html,Middle East Conflict & Oil Shock,Israel; Gaza; Iran; Middle East; oil prices; USD,Geopolitical Conflict / Energy,"I'll be honest. I didn't know what a ""petrodollar"" was, exactly, until now.

Yes, I knew it related to the connection between oil and the U.S. dollar. But the specifics are now fascinating to ponder; what started as Egypt nationalizing the Suez Canal in 1956 ended with Britain losing the pound as the standard for global oil and trade. By 1974, the U.S. struck a deal with Saudi Arabia that they would price and sell oil exclusively in U.S. dollars.

The ""petrodollar""--and the modern global financial system--was born. From then on, countries that wanted to buy oil (as many of the largest economies do) needed to hold dollar reserves. And oil producers who received dollars would often hold them in the form of U.S. Treasuries.

Today, some are drawing parallels between that moment and what's happening in the Strait of Hormuz. Bloomberg reports that Iran has imposed a ""toll system"" on the Strait, and will only allow ships to pass through this vital waterway if they prove they aren't linked to the U.S. or Israel... and if they pay in Chinese yuan (or crypto stablecoins).

""I think we're going through a big paradigm change in terms of the de-dollarization of global reserves,"" said Chris Mancini of Gabelli Asset Management on Power Lunch yesterday . It's not just about Iran, either. It goes back to the Russia-Ukraine war, when the U.S. ""essentially confiscated"" Russia's U.S. Treasury holdings in retaliation for their attack.

That moment, he and others note, put global central banks on alert, and many of them began buying gold. ""I think that took gold from around $2,000 to $5,000 an ounce,"" Mancini told us. ""In this new world order, I think there's a good chance that the dollar is not the global reserve.""

He still thinks gold will go to $6,000 an ounce, despite its recent pullback as some nations like Turkey have reportedly been selling to support their sliding currency.

The larger question is whether this ""de-dollarization"" is likely to mean a bigger global financial shift towards gold, the yuan, and/or other major currencies. If so, it's not so much about what it means for the value of the U.S. dollar, but more about how it leaves one less avenue--economic sanctions--for the U.S. to potentially impose when global conflicts arise.

It's also about what it means for U.S. interest rates. At a moment when our debt levels are high, interest payments now rival the defense budget, and the White House has just asked for a 40% increase in that budget, it is essential to retain enough global buyers of our debt.

Or perhaps we'll just have to hold more of it ourselves. As Vahan Janjigian of Greenwich Wealth Manangement told me yesterday, if rates go up much further from here, he'd be looking to buy longer-term U.S. Treasuries."
2026-04-04,Asian travelers seek other options as Middle East plans stay grounded,cnbc.com,https://www.cnbc.com/2026/04/04/asian-travelers-seek-other-options-as-middle-east-plans-stay-grounded.html,Middle East Conflict & Oil Shock,Israel; Gaza; Iran; Middle East; oil prices; USD,Geopolitical Conflict / Energy,"Amid the ongoing Iran war, the roar of the Middle East's commercial tourism has been replaced by the steady hum of repatriation flights, leaving vacationers to navigate the landscape of rising airfares and safety concerns . It's yet another airspace closure that airlines have had to deal with since the 2022 Russian invasion of Ukraine.

It's a stark contrast to a prediction from the United Arab Emirates' Ministry of Economy and Tourism that the country would amass a market volume of almost $950 billion by 2026. Dubai, in particular, finds its position as the crown jewel of Middle East's tourism faltering as its airports have been forced to shut temporarily during the conflict.

Canceled flights to and from the Middle East region have exceeded 46,000 since the U.S.-Israel attacks on Feb. 28, aviation data firm Cirium told CNBC previously. And at the Aviation Festival in Singapore in March, India's SpiceJet said the Middle East conflict has significantly affected its operations due to heavy traffic between India and the region.

But it's not just airlines that have been cancelling flights. Travelers from Asia told CNBC they have been canceling their travel plans to the Middle East and considering holidays within their own region instead.

Vietnam-based Michelle Bui, Regional Associate Manager at Ellerton & Co. Public Relations, told CNBC she initially intended to tour the Middle East in May to visit friends in the region and spend time in its deserts.

Her plans were quickly cut short when she began looking for flight tickets, as prices were ""just so high,"" that she couldn't justify the cost, she told CNBC in an interview — a surge in fuel prices caused by the fallout from the Iran war has seen airfares rise . Bui found that flight tickets, including layovers, from Vietnam to the Middle East, had reached about $1,500 to $2,000 in March.

Many travelers cited non-refundable fare change fees as a top cancellation trigger, Jay Ellenby, president of Safe Harbors travel group, said in an email. There was a noticeable 20-30% uptick in cancellations for Middle East routes from the travel agency's Asian clients, with many quoting $450 non-refundable fare change fees on international trips being a top cancellation trigger.

Instead, these travelers were pivoting to Southeast Asian hubs like Singapore or intra-Asian routes, Ellenby added.

Booking platforms have been collating user data to create more effective suggestions for travelers stuck in transit or in ticket planning limbo.

Instead of needing to have multiple booking tabs open, travel websites have been looking to help shoppers find quick solutions, according to Maurizio Garavello, senior vice president at data analytics company Qlik.

""Are you checking three times because you're checking a different price, if there is a promo, or [are you] checking three times because you cannot find something that makes you comfortable [to travel]?"" By identifying a consumer's issue, it's easier for a company to provide a solution and gain an extra booking dollar, he said.

Business trips have been no different.

With some companies pausing travel to risky areas until further notice, voluntary flight cancellations on Europe to Asia routes more than doubled in the first week of March, according to data from travel agency Perk. It's a likely indication that companies are ""weighing their options to ensure their employees are out of risk,"" said Perk's President, JC Taunay-Bucalo, in an email to CNBC.

Vincent Siow, general manager for Singapore and Brunei at Novo Nordisk , told CNBC his flight to Singapore from Copenhagen on Feb. 28 was canceled and he became temporarily stranded in Dubai.

Novo Nordisk's security team organized flights for Siow from Dubai to Istanbul via Doha and Riyadh, and then back to Singapore, a convoluted route by any estimation.

For business travelers like Siow, work travel is likely to continue. ""We'll still have meetings,"" Siow said, ""it's just that we need to plan properly, try to avoid flying in that zone.""

For some businesses, traveling to closer locations and via other means, is proving the more attractive option.

There has been a good take up rate for passengers traveling from Singapore to Batam in Indonesia by ferry, according to Singapore Cruise Centre's CEO Jacqueline Tan. Some Singaporean businesses run offshore manufacturing operations in Batam, while others send staff to the island for meetings or corporate retreats, Tan said.

In spite of a fuel surcharge of 6 Singapore dollars ($4.66), Horizon Ferry, which operates vessels on the popular 60-minute trip between Singapore and Batam, has seen the number of customers in March ""holding quite well,"" Tan added.

Regional travel, particularly via ferry or cruise, offers ""a very quick gratification for a very short get away. You don't really have to think about it, and you're really not spending that much,"" Tan said.

Companies that run corporate retreats in Batam or weekend travelers that might be looking for an inexpensive getaway can do so at a cost lower than in their own city due to the strength of the Singapore dollar, she added.

For Bui, vacationing in Vietnam is now a more attractive option — but she's likely to travel by train or car, given that the price of internal flights doubled in April when compared to March, she told CNBC.

Generally, traveling within one's own region has become a more attractive option for Asians, according to David Mann, Asia Pacific chief economist at Mastercard, speaking to ""Squawk Box Asia,"" in March.

Instability in the Middle East with rising airfare has made the cost a bit too high to bear for many Asian travelers, he said. While the jury's still out on how long this trend will maintain, Mann said it remains heavily dependent on whether oil and jet fuel prices continue to rise."
2026-04-02,5 things to know before the market opens Thursday,cnbc.com,https://www.cnbc.com/2026/04/02/5-things-to-know-before-the-market-opens.html,Middle East Conflict & Oil Shock,Israel; Gaza; Iran; Middle East; oil prices; USD,Geopolitical Conflict / Energy,"Happy Thursday. It's the one-year anniversary of President Donald Trump's initial tariff unveiling, what the president dubbed ""liberation day.""

Stock futures are falling this morning. The three major indexes are coming off another winning day.

Here are five key things investors need to know to start the trading day:

Trump's prime-time address on the Iran war last night appears to have done little to appease Wall Street. Stock futures tumbled and oil prices surged after the president said the U.S. will strike Iran ""extremely hard"" for the next two to three weeks, dampening hopes for a near-term resolution.

SpaceX has confidentially filed for its long-awaited IPO, sources told CNBC's David Faber yesterday. The Elon Musk-led company is now one step closer to what's expected to be a record-setting debut on the public market.

The confidential filing allows SpaceX to share its financials with the Securities and Exchange Commission before revealing them to the public and potential investors. But as CNBC's Lora Kolodny notes, SpaceX will still have to put out a public filing at least 15 days before a road show.

Bloomberg, citing people familiar with the matter, reported that the company could seek a $1.75 trillion valuation and list around June. If SpaceX joins the public market, Musk would be the first person to run two separate, publicly traded trillion-dollar companies.

Republican leaders in Congress said yesterday that they will support a two-track plan to fund the Department of Homeland Security, effectively reverting back to the Senate plan that the House GOP killed last week.

The proposal would provide money for most of the department, including the Transportation Security Administration, but leave the debate over immigration enforcement for a later date. Trump had said he would pay TSA agents via executive order beginning this week, a move experts say is likely funded by a section of the so-called One Big Beautiful Bill Act.

CNBC's Morning Squawk recaps the biggest stories investors should know before the stock market opens, every weekday morning.

Eli Lilly has received approval from the U.S. Food and Drug Administration for its new GLP-1 pill, the company announced yesterday. The approval sets the stage for Lilly's rivalry with Novo Nordisk to heat up, as both pharma giants hope their GLP-1 pills boost their business in the weight loss drug market's new frontier.

The company said its once-daily pill, Foundayo, will start shipping through its direct-to-consumer platform next week before later becoming available through other platforms. People with insurance could pay $25 monthly with a coupon, while those without coverage could pay as much as $349.

In an interview with CNBC, Eli Lilly CEO Dave Ricks also said that the pharma giant opposes the White House's push to codify ""most favored nation"" drug pricing. Ricks said he worried that lowering prices today could lead to a weaker medication pipeline in the future.

Sam's Club is raising the price of its annual membership for the first time since 2022.

The Walmart -owned warehouse club said yesterday that it will up its annual membership fee by $10 beginning next month. The basic and higher-tier memberships will now cost $60 and $120, respectively.

As CNBC's Melissa Repko notes, Sam's Club's membership is still cheaper than Costco 's, even with the increase. Sam's Club in a statement cited perks such as expanded hours and improved pickup and delivery options as reasons for the price hike.

Here are some stories we'd suggest bookmarking for the long weekend:

— CNBC's Davis Giangiulio, Justin Papp, Dan Mangan, Kevin Breuninger, Garrett Downs, Sean Conlon, Lora Kolodny, Annika Kim Constantino, Angelica Peebles and Melissa Repko contributed to this report. Josephine Rozzelle edited this edition."
2023-06-22,Dollar weakens after Federal Reserve chair testimony ; sterling steady,cnbc.com,https://www.cnbc.com/2023/06/22/dollar-weakens-after-federal-reserve-chair-testimony-sterling-steady.html,BOJ / ECB Policy Shifts,Bank of Japan; ECB; yen; euro; interest rate; USD,Global Monetary Policy,"The U.S. dollar advanced against a basket of currencies on Thursday after Fed Chair Jerome Powell backed more U.S. rate increases albeit at a ""careful pace"" and as a spate of interest rate hikes by several central banks fuelled concerns over the outlook for global growth.

Sterling was volatile, the Swiss franc fell and the Norwegian crown rose on Thursday after the Bank of England (BoE), the Swiss National Bank (SNB) and Norges Bank all hiked their benchmark interest rates.

The slew of rate hikes come a day after Powell told lawmakers on Capitol Hill further rate increases were ""a pretty good guess"" of where the central bank was heading if the economy continued in its current direction.

During the second day of testimony Powell said the central bank would move interest rates at a ""careful pace"" from here.

Asked about rate cuts, Powell said ""we don't see that happening any time soon ... It is going to have to wait a time when we're confident that inflation is moving down to 2%,"" the Fed's inflation target.

The dollar index, which measures the currency against six rivals, rose 0.372% to 102.4. Against the yen, the dollar was up 0.85% at 143.1 yen, its strongest level in more than seven months.

The Australian dollar, viewed as a liquid proxy for risk appetite, fell 0.58%.

""I believe the doom and gloom is back as a dominating narrative across markets now,"" said Juan Perez, director of trading at Monex.

""It legitimately feels like while a recession may not entirely materialize, stagflation - low economic levels combined with stubborn inflation - is a tale to be had for the second half of the year,"" Perez said.

U.S. data on Thursday showed the number of people filing for state unemployment benefits for the first time held steady at a 20-month high last week, remaining elevated for a third straight week in what may be an early indication of a softening labor market.

Sterling was 0.17% lower at $1.27465 in a choppy session after the BoE's Monetary Policy Committee (MPC) voted 7-2 to raise its main interest rate to 5% from 4.5%, its highest since 2008 and its largest rate increase since February.

After inflation data held at 8.7% in May, defying market expectations and making it the highest of any major economy, investors had been split on how big the new BoE hike would be.

""They (the BOE) are trying to jump in front of inflation but at what cost? The mortgage market is seizing, the cost of living crisis is not easing and the GBP is going to be caught in the crossfire,"" Brad Bechtel, global head of FX at Jefferies, said in a note.

The Swiss franc was about 0.3% lower against the greenback after the Swiss National Bank (SNB) hiked its benchmark interest rate by 25 basis points to 1.75%, defying some market expectations of a bigger increase.

Despite an easing in Swiss inflation, currently the lowest among G10 economies at 2.2%, SNB Chairman Thomas Jordan recently repeated his readiness to raise rates, encouraging markets to expect a 50-bps hike.

""Unlike the ECB (European Central Bank) and the Fed (Federal Reserve), the SNB can proceed slowly and steadily with its monetary policy tightening,"" said Thomas Gitzel, chief economist at VP Bank Group in Liechtenstein.

Against the Norwegian crown, the dollar was about 0.05% lower after having slipped by as much as 1.3% after the Norges Bank raised its benchmark interest rate by 50 bps to a 15-year high, more than expected by a majority of economists surveyed by Reuters, and said it aimed for another hike in August.

In cryptocurrencies, bitcoin was up 0.37% at $30,119, on pace for a fourth straight day of gains after hitting its highest level since mid-April, boosted by BlackRock's plan to create a bitcoin exchange-traded fund (ETF) even as the sector faces U.S. regulatory scrutiny."
2023-07-19,"Pound slides after cooler inflation data , yen under pressure again",cnbc.com,https://www.cnbc.com/2023/07/19/pound-slides-after-cooler-inflation-data-yen-under-pressure-again-.html,BOJ / ECB Policy Shifts,Bank of Japan; ECB; yen; euro; interest rate; USD,Global Monetary Policy,"The U.S. dollar bounced on Wednesday after inflation in the United Kingdom cooled more than economists expected in June, sending the pound sharply lower against other major currencies.

Britain's rate of inflation was its slowest in over a year at 7.9%, according to data that will ease some of the pressure on the Bank of England to keep on raising interest rates sharply. Economists polled by Reuters had mostly forecast a smaller slowdown, to 8.2% in the 12 months to June from May's 8.7%.

""It was the first time in five months that we've seen inflation surprise to the downside, the trend had been just the opposite,"" said Joe Manimbo, senior market analyst, at Convera in Washington, D.C. ""That's casting some doubt on another jumbo rate hike by the Bank of England next month.""

Before Wednesday's data, investors had assigned a roughly 60% chance that the BoE would hike rates on Aug. 3 by a half-percentage point. That turned into a 60% chance of a quarter-percentage point hike after the data.

""The dollar is catching a reprieve because it's the inflation data that's really dictating sentiment, the dollar was whacked by cooler inflation last week and now it's the pound's turn today,"" Manimbo added.

Sterling fell 0.7% against the greenback to $1.2937 and got as low as $1.2898, the lowest since July 11. It reached $1.31440 last Thursday, the highest since April 2022.

The euro also gained 0.9% against the British currency to 0.8690.

There is profit taking in the pound following its recent rally, which ""should not be a surprise as Gilt yields come down vs U.S. Treasuries and Bunds. The pound was overbought after the run-up in recent weeks,"" said Kenneth Broux, head of corporate research FX and rates, at Societe Generale.

The dollar index rose 0.3% against a basket of currencies to 100.28. The euro fell 0.2% to $1.1201.

The greenback tumbled last week after consumer and producer price gains slowed in June, boosting expectations that the Federal Reserve will stop hiking rates after a widely expected 25-basis-point increase at its July 25-26 meeting.

Fed funds futures traders are pricing in 33 basis points of additional tightening with the benchmark rate expected to peak at 5.40% in November.

The greenback rose 0.6% against the Japanese yen to 139.69.

Bank of Japan (BOJ) Governor Kazuo Ueda said on Tuesday there was still some distance to sustainably and stably achieving the central bank's 2% inflation target, signaling his resolve to maintain ultra-loose monetary policy for the time being.

The New Zealand dollar was volatile, briefly spiking after consumer inflation came in slightly above expectations in the second quarter, before falling to last trade down 0.4% at $0.6250."
2024-03-28,"Standard Chartered says Japan  very , very close  to yen intervention",cnbc.com,https://www.cnbc.com/2024/03/28/standard-chartered-says-japan-very-very-close-to-yen-intervention.html,BOJ / ECB Policy Shifts,Bank of Japan; ECB; yen; euro; interest rate; USD,Global Monetary Policy,"Japan is ""very, very close"" to intervening in the yen, Steven Englander, head of Global G10 FX research and North America macro strategy at Standard Chartered Bank, told CNBC as the currency languishes at multi-decade lows.

""I think we're actually very, very close to them [Japanese authorities] jumping in ... they've already discussed the political consequences and nobody's sitting there asking for a weaker yen,"" Englander told CNBC's "" Squawk Box Asia "" on Thursday.

The Japanese yen traded around 151.47 against the U.S. dollar on Thursday after falling to its weakest level in 34 years at 151.97 in the previous session.

These multi-decade lows have prompted market speculation over potential intervention of the currency.

Japan's finance minister Shunichi Suzuki had indicated this week that measures to ""respond to disorderly FX moves"" were not off the table. The vice finance minister for international affairs, Masato Kanda, reportedly said on Wednesday that the yen's moves were being watched closely and urgently.

Chief Cabinet Secretary Yoshimasa Hayashi said on Thursday that authorities will not rule out any measures to counter excessive currency moves, Reuters reported, echoing other members of administration that currency moves were being watch with a high sense of urgency.

Standard Chartered's Englander said potential intervention in the yen would be aimed at buying time for Japanese authorities until the U.S. Federal Reserve starts cutting interest rates or until the Bank of Japan hikes its rates a little more.

He further noted that when Japanese authorities last intervened in the yen in 2022, it ""worked out pretty well,"" even though investors were initially skeptical of the effectiveness of such currency intervention.

The Bank of Japan ended its regime of negative interest rates in a historic move last week and abolished its yield curve control policy, which did little to stop the yen from weakening.

The Fed, on the other hand, held its benchmark rate steady as expected last Wednesday and signaled plans for multiple rate cuts before the end of the year."
2024-09-09,"Carry trade unwind could replicate August mayhem , suggests BK Lein",cnbc.com,https://www.cnbc.com/2024/09/09/carry-trade-unwind-could-replicate-august-mayhem-suggests-bks-lein.html,BOJ / ECB Policy Shifts,Bank of Japan; ECB; yen; euro; interest rate; USD,Global Monetary Policy,"The unwinding of the yen carry trade is expected to continue in September, presenting a risk of another large sell-off, according to Kathy Lien, managing director of forex strategy at BK Asset Management.

Speaking to CNBC's "" Squawk Box Asia "" on Monday, Lien predicted that downward trends in U.S. yields and the dollar would continue to drive the Japanese yen higher.

""We have a risk off mood, which we're already seeing across financial markets, and that is going to lead to the ongoing unwind of carry trades that we have seen already,"" Lien said, adding that yen traders will be watching equity prices and taking cues from them. September typically represents a volatile month for stocks.

""Maybe it's going to be a much more aggressive unwind, like we saw back in August, if we do get a significant sell off in stocks,"" she said.

Carry trades refer to a practice in which investors borrow in a currency with low interest rates and then reinvest those proceeds into higher-yielding assets elsewhere.

""I think there i s still a lot that can unwind , especially if you look at how undervalued yen is. That is going to change the valuations for the next one to two years to come. That's going to have spillover effects,"" Richard Kelly, head of global strategy at TD Securities told CNBC's ""Squawk Box Europe ,"" last month.

The Japanese yen had become one of the largest carry trades the world had ever seen, as the Bank of Japan's negative interest rates kept the yen substantially weaker compared to peers.

This carry trade began unwinding in August when the BOJ hiked its interest rates, triggering a strengthening of the yen and a dramatic sell-off in global markets.

After strengthening for four straight days, yen weakened 0.38% against the dollar to trade at 141.9.

Some analysts estimated in the aftermath of the August rout that the yen carry trade could total as much as $4 trillion, according to Reuters .

While markets pared losses quite sharply after the sell-off, Lien has warned there was a risk of a repeat of this event as investors watch equity prices and the U.S. economy faces increasing headwinds.

Indexes on Wall Street fell on Friday, with the S&P 500 logging its worst week since March 2023 after a weak August jobs report.

""I do believe that there could be some periods of quite aggressive sell-offs in stocks this month, especially as the U.S. economy is moving in the direction that many of these central bankers fear,"" Lien said.

Japan's Nikkei 225 was leading losses in Asia on Monday after the country's second-quarter GDP missed analysts' expectations.

Softer GDP growth, however, could constrain the BOJ's options to raise rates further.

— CNBC's Sam Meredith contributed to the report ."
2024-09-02,The peak interest rate era is over . Here what investors are watching,cnbc.com,https://www.cnbc.com/2024/09/02/the-peak-interest-rate-era-is-over-heres-what-investors-are-watching.html,BOJ / ECB Policy Shifts,Bank of Japan; ECB; yen; euro; interest rate; USD,Global Monetary Policy,"Central banks around the world are set to kick off or continue interest rate cuts this fall, bringing an end to an era of historically high borrowing costs.

In September, the U.S. Federal Reserve is all but guaranteed to join the European Central Bank , the Bank of England , the People's Bank of China , the Swiss National Bank , Sweden's Riksbank , the Bank of Canada , the Bank of Mexico and others in cutting key rates, which have been held at levels not seen since before the Financial Crisis of 2007-2008.

Money markets had already fully priced in a rate cut from the Fed, but last week investors gained even more confidence in the path of easing ahead.

At the annual Jackson Hole symposium, Fed Chair Jerome Powell not only said the ""time has come for policy to adjust,"" but that the central bank could now equally focus on doing ""everything"" it can to keep the labor market strong and continue progress on inflation.

Current pricing suggests high expectations for three 25 basis point cuts by the Fed before the end of the year, according to CME's FedWatch tool. That will keep the Fed roughly in-line with its peers, despite it moving later.

The European Central Bank is seen cutting rates by 25 basis points at least three times in total this year; and the Bank of England by the same increment a total of three times, according to LSEG data. All three central banks are seen further continuing monetary easing at least in early 2025, even as stickiness in services inflation continues to trouble policymakers.

For the global economy, that means a broadly lower-rate environment next year, along with significantly reduced pressures from inflation. In the U.S., a recent spike in recession fear has largely abated , and despite where there is weakness in big manufacturing-oriented economies such as Germany, the likes of the more services-focused U.K. are recording solid growth .

What all that means for markets is less clear. European stocks, as measured on the regional Stoxx 600 index, rebounded in 2023 from a downturn in 2022 and gained nearly 10% in the year-to-date to reach an intraday record high on Friday. On Wall Street, the S&P 500 index is 17% higher so far in 2024.

The VIX volatility index — which spiked amid the global equities downturn at the start of August — is back below average, Beat Wittmann, chairman and partner at Porta Advisors, told CNBC's ""Squawk Box Europe"" on Thursday.

""The market, in terms of price momentum, in terms of valuations, of sentiment, has pretty much recovered, and we are going into the seasonally weak September, October period here. So I would expect choppy markets driven by various factors, geopolitics, corporate earnings, bellwethers like from the AI sector,"" Wittmann said.

Choppiness will also be due to an ""overdue consolidation correction"" and some sector rotation occuring; but ""the asset class of choice here very clearly for the rest of this year, and then especially for '25 and beyond, is equities,"" Wittmann added.

Even if recent Fed commentary appears supportive for stocks, data from the U.S. jobs market — with the next key report due Sept. 6 — remains important to watch, Manpreet Gill, chief investment officer for Africa, Middle East and Europe at Standard Chartered, told CNBC's ""Capital Connection"" on Monday.

""Our baseline is still very much that a [U.S.] soft landing is achievable... It almost becomes a little bit more binary, because as long as we avoid that downside risk, equity earnings growth is still very supportive, and we've had sort of the positioning clean out in the recent pullback,"" Gill said.

""And I think rate cuts, or at least expectation of those, really was the last piece markets were looking for. So on balance, we think it's a positive outcome,"" Gill said, referring to the risk of U.S. economic data causing volatility in the coming months.

Arnaud Girod, head of economics and cross asset strategy at Kepler Cheuvreux, told CNBC Tuesday that bonds have had a strong summer and equities have recovered; but that investors must now take a ""leap of faith"" on where the U.S. economy is heading and the pace of rate cuts.

""I truly think that the more rate cuts you get, the likelihood that [these cuts are] coming with negative data and hence weakening earnings momentum is very high. So it's difficult, I think, to be too optimistic,"" he said.

The stock market has meanwhile shown that there is an element to which it ""couldn't care less about interest rates,"" Girod added, since Big Tech has rallied across the peak rate months — which conventional wisdom states should harm growth and technology stocks. That will keep events such as Nvidia earnings as the key ones to watch, according to Girod.

In currency markets, attention will remain on the interplay between inflation, rate expectations and economic growth, Jane Foley, head of foreign exchange strategy at Rabobank, told CNBC by email.

If the euro rises significantly against the dollar, ""the disinflationary implication may have some impact on market expectations regarding the timing of the ECB rate cuts,"" she said.

Stateside, Foley continued, ""the result of the U.S. election will have implications for the Fed. If Trump wins, he could use an executive order to increase tariffs fairly quickly which would spur inflation risk and could cut the Fed's easing cycle short.""

Rabobank currently sees four Fed rate cuts between September and January and then a hold for the rest of 2025, providing the U.S. dollar with the potential to strengthen into the spring.

""The BOE's hand will likely remain constrained by services sector inflation, which is a function of wage inflation. This could limit the pace of BOE rate cuts to once a quarter,"" Foley added."
2024-10-03,Yen plunges but currency experts not rethinking Japan rate policy,cnbc.com,https://www.cnbc.com/2024/10/02/yen-plunges-but-currency-experts-not-rethinking-japans-rate-policy.html,BOJ / ECB Policy Shifts,Bank of Japan; ECB; yen; euro; interest rate; USD,Global Monetary Policy,"Despite dovish comments from Japanese Prime Minister Shigeru Ishiba leading to a sharp plunge in the yen , market analysts aren't budging from their Bank of Japan policy expectations for the longer term.

The yen slid to as weak as 147.15 against the U.S. dollar after Ishiba told reporters that the current economic climate does not require an additional rate increase. The currency clocked its largest single-day decline since June 2022 during the session.

""I do not believe that we are in an environment that would require us to raise interest rates further,"" Ishiba said on Wednesday after meeting with Bank of Japan Governor Kazuo Ueda — who leads the rate-setting committee at the bank. The prime minister's comments marked a drastic change in tone compared with the messaging on his recent campaign trail.

""This shift is particularly notable as the prime minister has been a long-time critic of past Liberal Democratic Party administrations, including the late Abe Shinzo's, whose 'Abenomics' was associated with monetary easing,"" said Stefan Angrick, senior economist at Moody's Analytics.

""My money is still on a rate hike in October,"" Angrick told CNBC, noting that the latest BOJ meeting minutes from September still held an optimistic view of the economy.

The futures market on Thursday implied less than a 50% chance that the BOJ could hike by 10 basis points before the end of the year, according to LSEG data.

On Thursday morning, BOJ board member Asahi Noguchi said that the central bank should continue its accommodative monetary policy for the time being. He noted that it will take a while to change the public's perception that prices will not increase significantly in the future.

The Bank of Japan kept its benchmark interest rate steady at ""around 0.25%"" — the highest rate since 2008 — in September. On July 31, Japan's central bank lifted its benchmark rate from its previous range of 0% to 0.1%. This came after the BOJ in March raised its policy rate for the first time in 17 years.

While BOJ board members were split over the future path of interest rates at the September meeting, the board noted that Japan's economic activity and prices had been ""developing generally in line with the Bank's outlook.""

The BOJ is expected to next review interest rates on Oct. 30-31, when it will also provide updated quarterly forecasts for growth and prices. Another meeting is scheduled for December.

Ken Matsumoto, macro strategist at Crédit Agricole CIB, said the markets were expecting the BOJ to raise the policy rate again at the upcoming October meeting with the economic and inflation outlook on track. But, he said, Ishiba's announcement Monday for a General Election due to held on Oct. 27 (which will decide which party is in control of the parliament's lower house) has thrown that off course.

Matsumoto, meanwhile, added that he expects the BOJ to likely hike at the January meeting next year, not before. Mazen Issa, a fixed income strategist at MRB Partners, said his firm ""would not rule out another rate hike by the end of this year, but if not, the BOJ will hike by early 2025.""

""We expect any further yen weakness will prove limited,"" he said.

When the BOJ hiked rates previously in July, the move sparked the unwinding of the popular yen carry trade , which led to a sharp sell-off in global markets. A ""carry trade"" takes place when an investor borrows in a currency with low interest rates, such as the yen, and reinvests the proceeds in a currency with a higher rate of return.

Higher interest rates generally lead to a stronger yen, which can negatively impact Japanese stock markets, particularly those indexes dominated by exporters. A strong yen makes their exports less competitive in the global market.

The BOJ and the government have been operating with greater coordination since the spring, and are now trying to encourage a consolidation in the currency following the great yen carry unwind, said Issa.

""Fundamental story still suggests that the BOJ is on track to hike into 2025, while the timing should depend on three factors,"" said Nomura's Yujiro Goto.

A December rate hike by the BOJ is still possible — but only if the yen weakens further, the U.S. avoids a hard landing and the American economy remains stable even beyond the upcoming presidential elections in November, Goto told CNBC.

Mizuho's executive economist, Kazuo Momma, echoed this view.

What the BOJ will do largely depends on developments in exchange rates, which are materially influenced by developments in the U.S. ""If the yen stays stable or strengthens, the BOJ will probably wait at least until January 2025,"" he said."
2024-09-20,Bank of Japan keeps benchmark interest rate steady as it treads cautiously,cnbc.com,https://www.cnbc.com/2024/09/20/bank-of-japan-keeps-benchmark-interest-rate-steady-as-it-treads-cautiously-on-normalizing-policy-.html,BOJ / ECB Policy Shifts,Bank of Japan; ECB; yen; euro; interest rate; USD,Global Monetary Policy,"The Bank of Japan kept its benchmark interest rate steady at ""around 0.25%"" — the highest rate since 2008 — at the conclusion of a two-day meeting Friday.

While the decision is in line with Reuters poll estimates , economists largely see another rate hike by end of the year.

The verdict came as the BOJ strives to normalize its monetary policy after a long-held ultra-easy approach, without hurting the country's economy.

Japan's economy has recovered moderately, the central bank said in its official statement , while acknowledging ""some weakness has been seen in part.""

It noted that the economy will continue to grow at ""a pace above its potential growth rate ... as a virtuous cycle from income to spending gradually intensifies.""

BOJ said the country's core inflation rate — which strips out fresh food prices — will rise through fiscal year 2025.

Japan's fiscal year runs from April 1 to March 31, which means the 2025 fiscal year will end on March 2026.

Yields on the 10-year Japanese government bond were down 0.4 basis points while the yen was nearly flat at 142.52 against the dollar. The Nikkei 225, which was up 2%, maintained the same level after the decision.

BOJ Governor Kazuo Ueda said last month that the central bank would continue to raise interest rates if the economy and inflation stayed in line with the central bank's projection.

The tightening stance has set the BOJ apart as an outlier at a time when most of the global central banks are shifting toward easing policy. On Thursday, The U.S. Federal Reserve cut interest rates by 50 basis points to a range of 4.75% to 5.0%.

The BOJ had long maintained interest rates near or below zero, as it sought to spur inflation and boost economic growth with massive monetary stimulus.

The central bank is expected to hike rates in October, and ""further dial back monetary support this year despite a poor run of economic data,"" Stefan Angrick, associate director at Moody's Analytics told CNBC.

""At best, rate hikes will be an added drag on growth. At worst, they could precipitate a broader downturn,"" he said.

The central bank abandoned negative interest rates in March and raised the key rates to 0.25% in July, as it views the economy was on track to achieving the 2% inflation target.

Japan's core consumer prices index climbed 2.8% year on year, in line with Reuters estimates, versus a 2.7% rise in the previous month. Excluding fresh food and energy costs, the inflation rose 2.0%, versus 1.9% in the previous month.

This was the fourth straight rise in inflation, and provides the BOJ room to continue monetary tightening.

Japan revised down its second-quarter GDP growth to an annualized 2.9% from the previous quarter, a softer economic recovery than the government's initial estimate and missing the 3.2% growth forecast in a Reuters poll.

BOJ's rate decision came one week ahead of the Liberal Democratic Party's leadership election on Sep. 27, where the winner is expected to be the new prime minister from early October."
2024-12-24,Dollar holds firm as U . S . rates outlook still dominates,cnbc.com,https://www.cnbc.com/2024/12/24/dollar-holds-firm-as-us-rates-outlook-still-dominates-.html,BOJ / ECB Policy Shifts,Bank of Japan; ECB; yen; euro; interest rate; USD,Global Monetary Policy,"The buoyant dollar slipped a notch on Friday at the end of a holiday-thinned trading week, while the yen hovered near a five-month low as traders chewed over contrasting messaging from a hawkish U.S. Federal Reserve and a cautious Bank of Japan.

Traders are betting U.S. rates will remain elevated for longer, sending Treasury yields higher in recent weeks and in turn boosting the dollar against other major currencies.

The U.S. dollar index , which measures the greenback against six currencies including the yen, euro and sterling, was down 0.1% on the day at 108.02. It has been in a holding pattern around 108 all week, and was still hovering close to the two-year high of 108.54 it hit last Friday.

Fed Chair Jerome Powell said earlier this month that U.S. central bank officials would be ""cautious"" about further cuts following an as-expected quarter-point rate reduction.

For the month, the dollar index is up 2%, bringing year-to-date gains to 6.4%.

In contrast, the BOJ has taken a cautious approach to raising borrowing costs amid uncertainty over U.S. president-elect Donald Trump's economic plans. This has dragged on the yen, which hit its weakest level since July 17 on Thursday at 158.09 per dollar.

The Japanese currency got little respite from a fresh warning from the country's finance minister who said that the government ""has been alarmed by foreign exchange developments ... and will take appropriate action against excessive moves"".

The yen slipped 0.1% to 157.75 per dollar, but still hovered close to Thursday's low.

Japanese officials have intervened in the currency market to prop up the yen this year but it remains on course for a fourth successive annual decline.

A summary of opinions from the BOJ's December policy meeting released on Friday showed some officials becoming more confident about a near-term rate increase, while others remained wary amid uncertainties over the trend for wages and Trump's policies.

BOJ Governor Kazuo Ueda said last week, after the central bank held rates, that it would take ""considerable time"" to fully gauge the outlook for wages and overseas economies, particularly the United States.

Trump's mooted looser regulation, tax cuts, tariff hikes and tighter immigration policies are seen as both pro-growth and inflationary by economists.

The dollar is on track for a 5.3% gain against the yen this month and a 11.8% advance for the year.

""Several market participants signal however that the upward trend in dollar/yen may be exaggerated, which increases the risk of a correction,"" said Sydbank analysts in a note.

""At the same time, Japanese authorities have indicated possible intervention in the event of rapid and sharp rises in dollar/yen.""

Other major currencies attempted to claw back some ground against the dollar.

The euro was unchanged at $1.0426, but was still heading for a 1.3% decline for December. Sterling was up 0.3% at $1.2566 and on track for a 1.4% fall for the month.

The Chinese yuan was set to round out the week near a 13-month low, at 7.2994 per dollar in the onshore market . The currency has suffered under the threat of additional U.S. tariffs on Chinese goods under Trump.

South Korea's won was down 0.4% at 1,472.5 per dollar after parliament impeached acting President Han Duck-soo, plunging the country deeper into political chaos. The won dropped to its lowest level in about 16 years ahead of the vote.

Leading cryptocurrency bitcoin rose 1% to $96,630, but was largely flat on the month after retreating from a record high of 108,379.28 hit on Dec. 17. It has surged about 127% so far this year."
2024-12-16,Bank of Japan expected to keep rates on hold this week CNBC survey,cnbc.com,https://www.cnbc.com/2024/12/16/bank-of-japan-expected-to-keep-rates-on-hold-this-week-cnbc-survey.html,BOJ / ECB Policy Shifts,Bank of Japan; ECB; yen; euro; interest rate; USD,Global Monetary Policy,"The Bank of Japan (BOJ) is likely to keep its benchmark interest rate unchanged this week as it awaits greater clarity on domestic wages and spending trends as well as policy changes by the incoming administration of U.S. President-elect Donald Trump, according to a survey of economists polled by CNBC.

A slim majority of 13 out of 24 economists, or 54%, said BOJ is likely to keep its benchmark interest rate unchanged at 0.25% at the end of its two-day meeting on Thursday. The same number of economists expect the Japanese central bank to raise rates in January. The survey was conducted between Dec. 9-13.

The BOJ, which last raised rates in July, has signaled its readiness to tighten further if wage growth and prices align with its projections. In a recent media interview, BOJ Governor Kazuo Ueda suggested another rate hike is ""nearing in the sense that economic data are on track,"" but he also noted risks, including wage trends next year and potential changes in U.S. economic policy.

Japanese interest rates are the lowest among developed countries due to the BOJ's longstanding policy of supporting the country's moribund economy. The policy has kept the yen weak against most major currencies, boosting exports and tourism and spurring the so-called ""carry trade"" when investors borrow yen to bet on higher-yielding assets. These trends could reverse as Japanese interest rates rise while central banks elsewhere begin to lower rates.

Many economists told CNBC they believe that recent data indicates Japan's economy is broadly on track to achieve the central bank's 2% inflation target, driven by wage growth. However, they noted the BOJ might prefer to wait another month to evaluate wage-driven inflation dynamics, focusing on momentum from next year's spring wage negotiations and Trump's trade and tariff policies.

The BOJ has yet to gain confidence in its outlook, according to Akira Otani of Goldman Sachs Japan. He noted the central bank lacks sufficient clarity on whether small and medium-sized enterprises can sustain wage increases, a risk flagged by the BOJ as crucial to achieving its inflation target. Japanese unions typically negotiate wage increases in the first three months of the calendar year ahead of the financial year that begins in April.

The view that the central bank is likely to hold rates this week also gained traction after recent media reports suggested policymakers wanted more time to monitor overseas risks and gather additional clues on Japan's wage outlook.

""The BOJ's confusing communications"" now suggests a likely outcome of the central bank leaving rates unchanged to await additional information from the spring wage negotiations and U.S. policy developments, Shigeto Nagai, head of Japan Economics at Oxford Economics, said in a note last week.

Regular wages in Japan have been growing annually at a rate of 2.5% to 3%, with inflation staying above the BOJ's 2% target for 30 consecutive months. While authorities are keen to normalize monetary policy, they are also wary of raising rates too quickly following more than two decades of deflation. Indeed, Japanese household spending has declined for three straight months as of October, while factory output has been volatile.

Teppei Ino, head of Tokyo Global Markets Research at MUFG Bank, also highlighted shifting market expectations due to media reports. Overnight swap markets have significantly reduced bets on a December rate hike, assigning a 77% probability of no change as of Monday morning – much higher than the about 35% likelihood of standing pat priced in at the end of November.

""Judging from the (media) reports so far, it seems the likelihood of a rate hike being postponed has increased,"" Ino told CNBC on Friday.

""However, considering the current trend of yen depreciation and the upcoming FOMC meeting just before the BOJ meeting, we should keep in mind that there remains a possibility of an abrupt decision to raise rates if the USD/JPY reaches levels like 155,"" Ino said, referring to the Federal Open Markets Committee meeting scheduled this week.

The yen was trading around 154 to the dollar on Monday morning.

To be sure, some economists still expect the BOJ to tighten policy this week.

Nomura expects the BOJ to raise its policy rate by 25 basis points on Thursday, citing fundamentals such as the economy and prices being on track. However, it also acknowledged that a hike might be delayed due to uncertainties surrounding U.S. policy.

""We think the BOJ could also decide to put off any rate hike if it decides to place greater emphasis on uncertainties, including U.S. policy conduct and market trends (in the forex market in particular) during the Christmas season, when markets tend to be quiet,"" research analyst Kyohei Morita said in a Dec. 11 note.

The brokerage also pointed to uncertainty around the government's fiscal support for households as a potential factor that might prompt the BOJ to hold off its rate increase. Prime Minister Shigeru Ishiba, whose government lacks a parliamentary majority, is currently in negotiations with opposition parties over the size of a proposed increase to the minimum annual taxable income threshold.

Many analysts highlighted the Japanese yen as a key factor influencing their outlook on the BOJ's decisions.

""The most important and likely driver that could change my outlook is the yen,"" said Kazuo Momma, executive economist at Mizuho Research, who said the BOJ is likely to stand pat this week and raise the benchmark rate by 25 basis points in January. ""Accelerated yen depreciation would upset the public and the federal government, forcing the BOJ to adopt a more aggressive stance on hiking,"" he said.

Jun Takazawa, Asia Economist at HSBC, emphasized risks from both directions.

""On one hand, a stronger U.S. dollar driven by fiscal, monetary, and trade policies in the U.S. could weigh on the yen and accelerate the BOJ's policy normalization process. On the other hand, a weaker yen — within limits — supports Japan's reflation efforts, so excessive yen strength could delay rate hikes.""

According to CNBC's survey of 24 analysts, the yen is forecast to average 147.4 against the U.S. dollar by the end of 2025. The dollar rose 2.4% against the yen last week as traders scaled back bets on a BOJ rate hike this month."
2025-04-07,"Japan yen , Swiss franc top hedges against Trump tariffs : Analysts",cnbc.com,https://www.cnbc.com/2025/04/07/japan-yen-swiss-franc-top-hedges-against-trump-tariffs-analysts-say.html,BOJ / ECB Policy Shifts,Bank of Japan; ECB; yen; euro; interest rate; USD,Global Monetary Policy,"Investors are flocking to safe haven assets after U.S. President Donald Trump announced a swathe of reciprocal tariffs last week — and some are looking at the Japanese yen, bonds, as well as a few other ""exotic"" assets.

""The Japanese yen will be a good — and probably the best — candidate to hide from trade tensions and a U.S. recession, for a whole host of familiar reasons,"" said Ebrahim Rahbari, head of rates strategy at Absolute Strategy Research.

""It is cheap, the likely decline in U.S. interest rates will narrow the rate differentials to the yen, and even though Japan is a prominent exporter, its overall reliance on trade is lower now, particularly as fiscal policy has been loose,"" he told CNBC via email.

The yen has strengthened around 3% against the greenback since April 2, according to data from LSEG. Rahbari added that the Swiss franc is another ""obvious candidate"" as an investment hedge. The franc has likewise appreciated more than 3% to 0.846 against the U.S. dollar — a fresh six-month high.

Those moves come as other currencies around the world weaken.

Another strategist echoed the view that both the yen and the Swiss franc are among the best options for cushioning the impact of Trump's tariffs.

""Both the Japanese yen and Swiss franc are good currencies to help mitigate the visceral reaction of the market to tariffs,"" said Matt Orton, head of advisory solutions and market strategy at Raymond James Investment Management.

But Orton expects the Swiss franc to act as a better hedge than the yen, given the uncertainty surrounding the path of Bank of Japan's rate hikes.

The yen usually outperforms in times of global recessions or crisis, said Jeff Ng, head of Asia macro strategy at Sumitomo Mitsui Banking Corporation. ""Even if the world avoids a hard landing, [the yen] may also do well as the BOJ will possibly hike further against a wave of central bank easing,"" he said.

However, he warned that Japan's economy is also facing headwinds from Trump tariffs, particularly from tariffs on automobiles and components. And a slowing economy would mean that the BOJ will be more inclined to keep rates low, keeping the yen weak.

A more interesting question is whether there could be more ""exotic"" hedges aside from the classic safe havens, said Rahbari, who named the Brazilian real as an option.

""The idea being that it is cheap, has high carry and that it is relatively less exposed to global trade,"" said Rahbari, adding that the real has been one of the major outperformers in currencies this year.

Investors have also been piling onto cash, as well as low-risk fixed income options such as Treasurys and bonds.

Bond yields have also been declining, reflecting a rising demand for bonds, with the benchmark 10-year U.S. Treasury bond yield falling 6% from April 2 to a low of 3.873% on Monday.

Japan's 10-year government bond yield plunged to a low of 1.05% on Monday, a 28.52% drop from April 2's close of 1.469%. This is also the lowest the 10-year JGB yield has been since December 2024.

Risk-off positioning has been dominating markets as participants sell stocks in favor of Treasurys, gold bars, greenback futures, crude oil barrels, volatility call options, equity index put derivatives, and forecast contracts, said José Torres, senior economist at Interactive Brokers.

Gold prices rose to a record high in the immediate aftermath of the reciprocal tariff announcement. Though they have fallen a bit since then, prices of the safe haven darling remain at elevated levels. Market watchers expect it will have more room to run as global markets remain on edge.

""Gold remains boosted by escalating trade uncertainties, heightened geopolitical tensions, a weaker U.S. dollar, increasing central bank purchases, and rising risks of recession,"" said BMI analysts.

SMBC's Ng said gold is usually a safe haven during financial crisis, noting that demand from private households and governments remains resilient. Nevertheless, he says, ""prices are stretched on the upside.""

The reasons behind gold's stellar start to 2025 are only stronger now that Trump has announced his tariffs, said Adrian Ash, director of research at BullionVault.

""Weaker trade, higher input costs and shrinking margins are badly hurting the stock market, while geopolitical mistrust is deepening. Such a gloomy outlook for economic growth offers the perfect backdrop for further gains in gold,"" he said.

U.S. equities capped off a brutal week for investors last Friday, down 9.08%, according to data from FactSet, as Trump's moves stoke more calls of a global economic slowdown. JPMorgan, for instance, raised the odds for a U.S. and global recession to 60% by the end of the year, up from 40% previously.

""There's no bid for equities right now,"" said Raymond James Investment Management's Orton."
2025-03-20,Japan : How a stronger yen may impact Tokyo booming tourism industry,cnbc.com,https://www.cnbc.com/2025/03/20/japan-how-a-stronger-yen-may-impact-tokyos-booming-tourism-industry.html,BOJ / ECB Policy Shifts,Bank of Japan; ECB; yen; euro; interest rate; USD,Global Monetary Policy,"Foreign tourists have had a disproportionately large impact on Japan's economic growth in recent years. However, their influence could start to wane as the yen strengthens, analysts said.

Tourists have been a key driver of the resurgence of the Japanese economy. Many have been attracted by weakness in the yen, which has made shopping, entertainment, transport and overnight stays cheaper.

What happens if the tide turns and the yen strengthens?

Travel spending in Japan has soared in recent years. Indeed, inbound tourism contributed half of Japan's full-year GDP growth rate of 1.5% in 2023, and 0.4 percentage points to Japan's 0.1% annual GDP growth last year, according to the Mastercard Economics Institute.

It marks a dramatic change in the make-up of the world's fourth-largest economy. Tourism contributed an average of 0.1 percentage point to GDP from 2010 to 2019, at a time when Japan's GDP growth rate was averaging 1.2%.

MEI's report showed that a weaker yen had made Japan a more appealing shopping destination. This is in stark contrast to other countries around the world, Mastercard's chief economist for Asia Pacific David Mann said, where tourists prefer to spend on experiences, such as going to a restaurant, concert or bar.

Japan has been one of Asia's hottest travel destinations of late. So much so that, according to Japan's tourism organization, the country saw a record 36.9 million visitor arrivals for the whole of 2024.

Not only that, but tourists also spent more, with preliminary figures showing that annual spending by international visitors to Japan in 2024 reached a record high of 8.1 trillion yen ($54.06 billion), a massive 53.4% rise compared to a year ago.

Average individual spending among overseas travelers to Japan rose by 6.8% to 227,000 yen. However, some of the clement conditions that enabled this higher tourism interest could be about to reverse.

Higher domestic inflation has prompted the Bank of Japan to raise interest rates, in contrast to other major central banks that are lowering rates. That, in turn, has triggered the yen to strengthen to a five-month high against the U.S. dollar on March 11.

Yujiro Goto, head of FX strategy for Japan at Nomura, told CNBC that weaker inbound tourism would be a negative for Japan's GDP growth.

This is because yen weakness has been one of the key reasons for the acceleration of inbound tourism. A substantial appreciation in the currency is then expected to reverse this trend.

The yen was last seen trading at 148.26 against the greenback, strengthening about 7.2% compared to its 2025 high of 158.87.

A small appreciation in the yen, which has been at historic lows, ""like from 161 to 146 so far against the USD may not change the trend, in my view,"" Goto said.

Min Joo Kang, senior economist for Japan and South Korea at Dutch bank ING, shares this view, but also pointed out that inbound tourism may still have room to grow, given that the number of Chinese tourists has not yet recovered to pre-Covid levels.

""The measures announced over the weekend to boost consumption also include supporting higher wage growth and stimulating Chinese asset markets. This may trigger an increase in Chinese outbound tourism,"" she added.

Beijing on Sunday rolled out a plan to boost consumption, calling for measures to raise wages, as well as ""multiple measures"" to stabilize the stock market, among others.

Weaker tourism growth does not necessarily mean Japan's GDP expansion will fall off a cliff. Mastercard's Mann said that the contribution from domestic consumption in Japan is expected to improve, given the strong labor market and the increase in wages.

Japan's largest labor union announced last Friday that it managed to secure an average 5.46% increase in wages from April, its largest increase in 34 years.

""So tourism may ease off, but then domestic consumption may take over as being a driver of growth,"" Mann said.

Should there be an appreciation of the Japanese yen, ING's Kang said it would have a more positive impact on the domestic economy, boosting private consumption and services.

Goto also said that gradual strength in the yen could slow cost-push inflation and would improve real wages among domestic residents. This would help shift the GDP contribution from foreign spending to domestic spending.

What's more, Goto said that while overtourism has become a major problem in regions like Kyoto, foreign demand is clearly supportive for wages and the inflation positive feedback loop that the BOJ wants to achieve.

He also pointed out that ""regional governments may consider higher taxes for foreign visitors (hotels, airports, etc), which can support the Japanese fiscal situation while managing the tourism flows.""

Mann concluded by saying that tourism has been a far bigger contributor than anyone would have expected over the past two years, and ""will remain a significant contributor to Japan's economy before it eases off further and be replaced by slightly stronger contributions from domestic consumer spending.""

""The yen weakness probably will be starting to reverse at least this year, but it will be a longer term process, rather than turn around in just one or two months."" Mann added."
2025-04-22,U . S . dollar weakening could force central banks to devalue currencies,cnbc.com,https://www.cnbc.com/2025/04/22/us-dollar-weakening-could-force-central-banks-to-devalue-currencies-.html,BOJ / ECB Policy Shifts,Bank of Japan; ECB; yen; euro; interest rate; USD,Global Monetary Policy,"The dollar has been sliding and the ripple effect on other currencies has brought a mix of relief and headache to central banks around the world.

Uncertainty about U.S. policymaking has led to a flight out of the U.S. dollar and Treasurys in recent weeks, with the dollar index weakening more than 9% so far this year. Market watchers see further declines.

According to Bank of America's most recent Global Fund Manager Survey, a net 61% of participants anticipate a decline in the dollar's value over the next 12 months — the most pessimistic outlook of major investors in almost 20 years.

The exodus from U.S. assets may reflect a broader crisis of confidence, with potential spillovers such as higher imported inflation as the dollar weakens.

The drop in the greenback has led other currencies to appreciate against it, especially safe havens such as the Japanese yen, the Swiss franc as well as the euro.

Since the start of the year, the Japanese yen has strengthened over 10% against the greenback, while the Swiss franc and the euro has appreciated about 11%, according to LSEG data.

Aside from the safe havens, other currencies that have strengthened against the dollar this year include the Mexican peso, up 5.5% against the dollar, and the Canadian dollar which has appreciated over 4%. The Polish zloty has strengthened more than 9% while and Russian rouble has appreciated over 22% against the greenback.

Some emerging market currencies, however, have depreciated despite the weakness in the greenback.

The Vietnamese dong and Indonesian rupiah weakened to a record low per U.S. dollar earlier this month. The Turkish lira also hit an all-time low last week. China's yuan hit a record low against the dollar nearly two weeks back but has since strengthened.

Barring a few exceptions like the Swiss National Bank, a weakening U.S. dollar is a relief to governments and central banks around the world, analysts told CNBC.

""Most central banks would be happy to see 10%-20% declines in the U.S. dollar,"" said Adam Button, chief currency analyst at ForexLive. He added that the dollar strength has been a persistent problem for years and poses a difficulty for countries with hard and soft dollar pegs.

With many emerging market countries having large dollar-denominated debt, a weaker dollar lowers real debt burden. Additionally, a softer greenback and stronger local currency tend to make imports relatively cheaper, lowering inflation and hence allowing central banks the room to cut rates to boost growth.

The recent U.S. dollar sell-off offers more ""breathing room"" for central banks to cut rates, said Button.

While a stronger local currency might help tame inflation via cheaper imports, it complicates export competitiveness particularly under renewed U.S. tariffs where Asia is exposed as the world's largest goods producer, said Thomas Rupf, VP Bank's co-head for Singapore and Asia chief investment officer.

Currency devaluation is likely to be more of an active consideration across emerging markets, particularly in Asia, said Nick Rees, head of macro research at Monex Europe.

However, these emerging markets and Asian central banks will need to tread a fine line, to avoid capital flight and other risks.

""Emerging markets face high inflation, debt, and capital flight risks, making devaluation dangerous,"" said Wael Makarem, financial markets strategists lead at Exness.

Additionally, devaluation could be seen by the U.S. administration as a trade measure which could attract retaliation, he added.

Emerging market economies may be reluctant to cut rates as it can affect the debt burden of domestic households and firms that have borrowed in U.S. dollars, said Fitch Ratings' director of economics, Alex Muscatelli. A weaker domestic currency can also lead to capital outflows in response to lower interest differentials with the U.S., he added.

For example, Muscatelli does not see Indonesia's central bank cutting rates too much given the recent currency volatility, but cited that Korea and India may have space for cutting rates.

The European Central Bank took the opportunity offered by declining inflation to cut rates by another 25 basis point at its April meeting. The ECB on Thursday said that ""Most measures of underlying inflation suggest that inflation will settle at around the Governing Council's 2% medium-term target on a sustained basis.""

Another example is the Swiss National Bank, which has grappled with a strong franc for much of the past 15 years, observed Button. Exports of goods and services make up over 75% of Switzerland's GDP and a strong franc makes Swiss goods more expensive abroad .

""If capital continues to flow in, they may have to take drastic measures to devalue,"" he said. Investors flood into the franc during times of uncertainties, such as in recent weeks, strengthening the franc.

Devaluing the currency poses the risk of stoking price growth and monetary authorities will be wary of inflation staying above their targets.

The risk of higher inflation arising from currency depreciation as well as tariffs — as countries respond to U.S. levies — are likely to make central banks reluctant to pursue a path of voluntary devaluation, said Wells Fargo's international economist and FX strategist, Brendan McKenna.

On top of that, while most foreign central banks do theoretically have the bandwidth to weaken their own currency, the likelihood is still low in the current environment, the strategist added.

Whether a country can devalue its currency is influenced by several factors: the size of its FX reserves, exposure to foreign debt, its trade balance, and sensitivity to imported inflation.

""Export-oriented countries with sufficient reserves and lower reliance on foreign debt would have more room to devalue – but even those are likely to tread carefully,"" said McKenna.

The broader direction of trade negotiations will be key to how countries choose to act. Aside from China, several countries have displayed a willingness to engage in trade negotiations, and if these talks lead to lower tariffs, then central banks will not be as likely to pursue weaker currencies, he added.

In the current geopolitical climate, devaluation could also invite retaliation and risks of accusations of currency manipulation, said VP Bank's Rupf.

Though there is still the possibility that trade tensions could lead to more protectionist outcomes, which will drive central banks toward devaluing their currencies.

""But for now, it seems the preferred action is avoiding a currency war that would only add more instability to the local and global economy,"" McKenna said."
2025-04-17,UBS loses crown as continental Europe most valuable bank to Santander,cnbc.com,https://www.cnbc.com/2025/04/17/ubs-loses-crown-as-continental-europes-most-valuable-bank-to-santander.html,BOJ / ECB Policy Shifts,Bank of Japan; ECB; yen; euro; interest rate; USD,Global Monetary Policy,"Spanish lender Banco Santander has eclipsed Swiss giant UBS as continental Europe's largest bank by market capitalization, as U.S. tariffs ripple through the region's bruised banking sector.

UBS — whose share took a deep tumble after the April 2 announcement of U.S. President Donald Trump's baseline and reciprocal duties on Washington's trade counterparties — had a market cap of 79.5 Swiss francs ($97.23 billion) as of the Wednesday close, according to FactSet data, with Banco Santander at 91.3 billion euros ($103.78 billion).

The two banks' shares have diverged over recent months, with the Swiss lender shedding 17.2% in the year to date, while Banco Santander has gained nearly 35%, according to LSEG data.

Both banks, along with Europe's broader banking sector, have suffered since the imposition of the White House's protectionist trade policies, given the shrinking growth outlook for tariff-struck European countries and the prospect of a recession in the U.S.

Washington imposed 20% tariffs on imports from the European Union, but has lowered them to 10% under a 90-day pause announced by Trump on April 9.

Switzerland — which is not a member of the EU — faces a steeper 31% levy after the pause lifts and the Trump administration has also threatened additional duties on imported drugs. This could deliver a blow to the Swiss pharmaceutical industry that ""grew robustly"" in the fourth quarter and ""contributed significantly"" to the country's exports over the period.

More broadly, European Union banks received a boost from the announcement of the European Union's ReArm initiative in March, which is set to loosen regional fiscal rules and trigger further borrowing activity to boost defense spending.

Continental Europe's two largest lenders have very different exposures to the U.S. market.

Banco Santander is the fifth-largest auto lender in the country and is expanding through a recent partnership with telecom giant Verizon. Nevertheless, it only logged around 9% of its total profits for 2024 Stateside.

The U.S. is, meanwhile, a key market for UBS' lucrative core global wealth management division, with roughly half of the Swiss lender's invested assets concentrated in the broader Americas region last year, according to its annual report.

UBS' outlook has also been clouded by a shroud of uncertainty surrounding potential new — and steeper — capital requirements from Swiss authorities. This follows its expansion in the wake of absorbing collapsed domestic peer Credit Suisse, from which it also inherited a significant U.S. presence. The lender expects to receive further clarity on these guidelines next month.

UBS' profitability could also be impacted by a strong Swiss franc — historically a safe haven asset during market turmoil — which has appreciated by roughly 8% against the U.S. dollar since the imposition of the latest tariffs.

Switzerland's appreciating currency — whose strength local trade groups had flagged as damaging to exports even before tariffs came into effect — could, along with depressed inflation in the country, see the Swiss National Bank make further defensive cuts to interest rates, which were already reduced to just 0.25% in March.

In comparison, the European Central Bank is also widely expected to trim its key deposit facility rate by a quarter point when it meets later on Thursday, although this will take it to 2.25%.

The potential interest rate cut would take place after the ECB said in March that its monetary policy was ""becoming meaningfully less restrictive"" — in a signal some analysts interpreted as indicating restraint when it comes to lowering rates further.

Declines in national interest rates typically weigh on local lenders' net interest income revenues from loans."
2025-12-18,Bank of Japan is poised to raise rates to a 30 - year high despite economic weakness,cnbc.com,https://www.cnbc.com/2025/12/18/bank-of-japan-is-poised-to-raise-rates-to-a-30-year-high-despite-economic-weakness-.html,BOJ / ECB Policy Shifts,Bank of Japan; ECB; yen; euro; interest rate; USD,Global Monetary Policy,"Japan's central bank on Thursday kicked off its last policy meeting of the year, with expectations that it will raise benchmark interest rates to their highest in 30 years, as it seeks to move ahead with policy normalization set forth last year.

The decision, due Friday, could see rates raised to 0.75% — highest since 1995 — with data from LSEG showing an 86.4% probability of a hike by the Bank of Japan.

A rate hike will likely strengthen the yen against the dollar, and contain inflation, which has run above the BOJ's target for 44 straight months. But it could further slow a weak Japanese economy that contracted in the third quarter.

Revised GDP numbers showed that Japan's economy in the three months through September contracted more than initially estimated, shrinking 0.6% quarter on quarter, and 2.3% on an annualized basis.

With a rate hike almost certain, experts said that market focus will be more on the BOJ's commentary after the decision.

Gregor MA Hirt, global multi-asset chief investment officer at Allianz Global Investors, said in a Tuesday note that the market reaction will depend on the nuances of the BOJ's communication.

Signals around the neutral, or terminal, rate — one that balances inflation and economic growth — and comments on yen weakness will be some of the things to look out for.

Governor Kazuo Ueda reportedly said earlier this month that it was difficult to estimate the terminal rate, with the central bank pegging it at 1% to 2.5%.

""Unfortunately, the neutral rate of interest is a concept for which we can only produce an estimate with quite a wide range,"" Ueda told Japan's parliament.

While efforts have been made to narrow the rate range, Ueda said that the BOJ must guide monetary policy without clarity on where exactly the neutral rate lies.

Carl Ang, fixed income research analyst at MFS Investment Management, said that an updated estimate on the neutral rate may be shared after the Friday meeting.

Japan embarked on policy normalization last year, abandoning the world's only negative interest rate regime that had been in place since 2016. Since then, the BOJ has consistently maintained its stance of gradually raising rates.

Investors will be looking out for the BOJ's commentary around the pace of future rate hikes.

Dutch bank ING said in a note on Wednesday that while the market largely expects another hike in June 2026, it is more likely that the BOJ will next raise rates only in October.

In contrast, Bank of America estimates a hike in June, while not entirely discounting the BOJ fast-forwarding it to April if the yen weakens rapidly. BofA analysts expect the central bank to bring the terminal rate to 1.5% by end 2027.

While MFS' Ang said there were some risks to Japan's policy normalization path, including a U.S. economic slowdown and escalating China-Japan tensions, it would take a ""material shock"" to veer the BOJ away from its rate trajectory.

The central bank has not directly addressed foreign exchange concerns, but should Ueda comment on the yen's weakness directly, it would be seen as a ""line in the sand,"" Allianz's Hirt said.

The yen has been trading around the 154-157 against the dollar since November, having weakened over 2.5% since Prime Minister Sanae Takaichi, a proponent of looser monetary policy, took office in October.

Takaichi during her leadership contest had staunchly opposed rate hikes by the BOJ, but has since softened her stance.

A higher rate will also push up bond yields and borrowing costs for the Japanese government, which has unleashed its largest stimulus package since the Covid-19 pandemic as it tries to boost the economy.

Nikkei earlier this month reported that Japan's borrowing costs could double, if benchmark yields rise to 2.5% from its current level of about 2%. Yields on 10-year Japanese government bonds are hovering near 18-year highs, last at 1.971%.

Yields at 2.5% would mean interest payments for the Japanese government will jump to 16.1 trillion yen in its 2028 fiscal year compared to 7.9 trillion yen in fiscal 2024.

Accounting for fiscal concerns and possible finance ministry intervention in forex markets, something that finance minister Satsuki Katayama has not ruled out, MFS' Ang expects the yen to stay between 150 and 160 against the dollar next year."
2026-02-13,"Dollar flat after inflation data , yen set for strong weekly gain",cnbc.com,https://www.cnbc.com/2026/02/13/yen-on-track-for-best-week-in-nearly-15-months.html,BOJ / ECB Policy Shifts,Bank of Japan; ECB; yen; euro; interest rate; USD,Global Monetary Policy,"The U.S. dollar was mostly flat against peer currencies on Friday after data showed a less-than-expected increase in inflation in January, suggesting the Federal Reserve could continue to hold rates steady in the near term.

The Japanese yen was set for its strongest weekly gain in a year.

U.S. Labor Department data on Friday showed that the consumer price index rose 0.2% last month compared with an estimate of 0.3% from economists polled by Reuters.

The euro was slightly higher at $1.1875 against the dollar, and was set to gain 0.4% this week. Against the Swiss franc , the dollar weakened 0.21% to 0.7677 and was on course for a weekly loss of 0.95%.

The dollar's behavior reflects market positioning as it awaits fresh central bank signals on the direction of interest rates, said Olivier Bellemare, senior derivatives trader at Monex Canada in Montreal.

Earlier this week, data suggested the U.S. labor market was stabilizing with a drop in the U.S. unemployment rate amid strong jobs growth in January and a less-than-expected decrease in the number of Americans filing new applications for unemployment.

""The market reaction to the data was timid at best and the moves were mostly tactical,"" Bellemare said.

The dollar index edged lower by 0.08% to 96.84, on track to shed 0.73% for the week.

The yen has dominated activity in the foreign exchange market this week, after Japanese Prime Minister Sanae Takaichi's historic election win allayed some investor worries about the government's finances.

The yen was still headed for a gain of 2.64% for the week, its largest rise since February last year, and it gained slightly on the day at 152.65.

The yen was flat against the euro but still was headed for a 2.27% weekly jump against the single currency, its strongest performance in a year.

""Over the longer term, yen‑weakening risks remain firmly in place,"" said Bank of America Global Research analysts led by Claudio Piron in an investor note. ""But in the near term, the combination of potential intervention and scope for the market to further price-in Bank of Japan hikes at the March and April meetings skews the risk‑reward for USD/JPY to the downside.""

The Australian dollar , the top-performing major currency of 2026 so far after soaring in recent weeks on a hawkish Reserve Bank of Australia, was down 0.19% at $0.707, but still headed for a 0.66% gain this week.

The Canadian dollar was flat flat versus the greenback to $1.36 per dollar, and set to drop 0.45% for the week."
2026-02-08,Japan ruling LDP seen winning outright majority in snap poll : NHK,cnbc.com,https://www.cnbc.com/2026/02/08/japans-ruling-ldp-seen-winning-outright-majority-in-snap-poll-nhk.html,BOJ / ECB Policy Shifts,Bank of Japan; ECB; yen; euro; interest rate; USD,Global Monetary Policy,"Japan's Liberal Democratic Party was projected to secure a supermajority in the Lower House, according to a projection by national broadcaster NHK.

NHK forecast the Liberal Democratic Party could win between 274 and 328 seats in the 465-seat chamber, while its coalition partner, the Japan Innovation Party, could take 28 to 38 seats. A two-thirds majority requires 310 seats and would enable the LDP to override any veto on legislation by the Upper House, where it remains in the minority.

NHK data shows the largest opposition bloc, the Centrist Reform Alliance, was likely to lose about half its seats, falling to between 37 and 91 from its previous 172.

The alliance was formed through a merger of the Constitutional Democratic Party of Japan and Komeito, the LDP's former coalition partner.

The projections broadly matched pre-election polling by Nikkei and Asahi Shimbun , which suggested the LDP-JIP coalition could secure more than 300 seats in the Lower House.

People trudged through heavy snow in several parts of the country to cast their votes.

Before parliament was dissolved, the LDP-JIP coalition held 230 seats, and with three independents voting with the LDP, the ruling coalition effectively had a one-seat majority in the chamber.

Prime Minister Sanae Takaichi, Japan's first female leader, dissolved the Lower House on Jan. 23, a move that was seen as an attempt to quickly strengthen the ruling coalition's position in the chamber by capitalizing on her high public approval ratings.

""Takaichi now has the LDP and the technocrats exactly where she always wanted them,"" economist Jesper Koll said in a Substack post .

""The LDP is now beholden to her, and the elite technocrats now know she'll be in power for at least two or three more years … so they have no choice but to invest their career in her success,"" Koll added.

Polls compiled by Japanese media outlet Nippon.com showed that Takaichi remained popular heading into the election, although her support had slipped slightly in recent weeks.

The outlet reported that just one domestic poll in January indicated more than 70% support, compared to three in December, while six polls showed support in the 60% range, up from four in the previous month.

Meanwhile, the Central Reform Alliance, made up of the former Constitutional Democratic Party of Japan and Komeito, the LDP's former coalition partner, was likely to pick up between 37 and 91 seats.

The CDP was the largest opposition party before its merger with Komeito, holding 148 seats, while Komeito held 24.

The election comes amid heightened tensions between Japan and China, as well as persistent concerns about the yen's weakness and inflation in the country.

Japan has endured inflation above the Bank of Japan's target for 45 consecutive months, declining real wages and persistent yen weakness.

The most recent inflation reading stood at 2.1%, while full-year inflation reached 3.2%. Real wages fell for 11 consecutive months year-on-year in 2025, and on an annual basis, they have fallen every year since 2022.

The yen weakened further at the start of 2026, briefly approaching the 160 level against the U.S. dollar. While a weaker currency benefits exporters, it has also amplified imported inflation.

Takaichi had earlier laid out a record $783 billion budget for the next fiscal year starting April 1, on top of a $135 billion stimulus package introduced last year to help households with rising living costs.

""Watch for more state-directed initiatives to create 'national champions', leveraging the $550 [billion] U.S.-Japan investment deal to create a sense of urgency amongst reluctant CEOs,"" Koll said. ""Japan's M&A boom will get turbo-charged to create greater economies of scale, and thus more credible global competitiveness — all this in the name of higher national economic security.""

— Azhar Sukri contributed to this story"
2024-03-05,Nigeria battles to halt spiraling currency crisis and rising food insecurity,cnbc.com,https://www.cnbc.com/2024/03/05/nigeria-battles-to-halt-spiraling-currency-crisis-and-rising-food-insecurity.html,Emerging Market Currency Contagion,emerging market currency; lira; peso; sovereign default; USD,EM Currency Contagion,"Nigeria is battling to contain a historic currency crisis and soaring inflation, with the International Monetary Fund on Monday warning that almost one in 10 people are facing food insecurity.

Inflation hit an annual 29.9% in January , driven by soaring food prices that have triggered a cost-of-living crisis in Africa's largest economy. The naira currency, meanwhile , plunged to an all-time low of around 1,600 against the U.S. dollar in late February.

President Bola Tinubu's government came to power in May 2023, inheriting a highly precarious economic situation, characterized by anemic growth, rising inflation, low revenue collection and import-export imbalances that had accumulated over many years.

His administration promptly launched a raft of economic reforms aimed at liberalizing the economy , such as the removal of fuel subsidies and the relaxation of currency controls.

Though welcomed by foreign investors, the short-term impact has been an uncorking of the various macroeconomic issues that had been artificially contained by the interventionist policies.

IMF staff completed a mission to Nigeria in February and noted on Monday that although economic growth reached 2.8% in 2023, this falls slightly short of the level needed to support the country's rapid population growth.

""Improved oil production and an expected better harvest in the second half of the year are positive for 2024 GDP growth, which is projected to reach 3.2 percent, although high inflation, naira weakness, and policy tightening will provide headwinds,"" the Washington, D.C.-based organization said in its report on the country.

""With about 8 percent of Nigerians deemed food insecure, addressing rising food insecurity is the immediate policy priority.""

However, the IMF welcomed Nigeria's approval of an ""effective and well-targeted social protection system"" along with the government's release of grains, seeds and fertilizers and introduction of dry-season farming.

Mission staff noted recent improvements in government revenue collection and oil production as ""encouraging,"" along with the Central Bank of Nigeria's recent decision to hike interest rates by 400 basis points to 22.75%, in a bid to contain inflation and ease pressure on the naira. This has triggered a slight strengthening of the currency in recent days.

""The interest rate announcement received a cautious welcome from investors, with the naira gaining some ground against the dollar in the official and parallel markets,"" said David Omojomolo, Africa economist at Capital Economics.

""Much of positive reaction was thanks to the scale of the hike, which took the consensus (but not ourselves) by surprise. Also helpful was the recommitment to an inflation targeting framework.""

However, he suggested that there was some cause for concern in the accompanying speech from CBN Governor Olayemi Cardoso, who seemed worried by government policy.

""He delicately cast some of the inflation problem on 'non-monetary factors' including persistent infrastructure and insecurity problems,"" Omojomolo said in a note Friday.

""He also pointed the finger at loose fiscal policy – Mr. Cardoso probably feels that the CBN's inflation fight is not being helped by the government's decision to reintroduce cash transfers to households.""

The central bank's strategy for stabilizing the naira is also unconvincing, according to Omojomolo.

""Rate hikes will help attract dollars via foreign investment, but [Cardoso] and the government's focus on alleged foreign exchange speculation shows that the authorities are still reluctant to let the naira move with market forces,"" he added.

""Failure to resist these interventionist tendencies risks a fresh build-up of macro-imbalances that lay at the heart of the recent currency and inflation crisis and require monetary policy to be kept tighter for even longer at the expense of economic growth.""

Data last week showed that private sector momentum in Nigeria slowed in February, with the Stanbic IBTC Bank PMI (purchasing managers' index) dropping to 51.0 from 54.5 in January.

Any reading above 50 represents an expansion, and Nigerian PMIs have remained in positive territory for the past three months. However, the full-year average declined from 53.9 in 2022 to 50.4 in 2023.

Pieter Scribante, senior political economist at Oxford Economics Africa, said that high input price and output cost inflation were stifling private sector confidence and business activity .

""Disruptions in the non-oil economy, currency volatility, spiking inflation, higher fuel and transport costs, and food shortages should remain issues throughout 2024, while mounting price pressures, policy uncertainty, and softening consumer spending dampen economic activity and growth,"" Scribante said in a research note Monday.

Oxford Economics expects real GDP growth of 2.8% in 2024 as improvements in the hydrocarbon sector offset the weakness in the non-oil economy.

""This year, recovering domestic industries, higher foreign investments, and easing inflation are upside risks,"" Scribante added.

""In contrast, downside risk factors are sticky prices, exchange rate weakness, oil price volatility, and domestic insecurity."""
2025-10-07,"Gold prices keep rising , and jewelry companies are sounding the alarm",cnbc.com,https://www.cnbc.com/2025/10/07/gold-prices-jewelry.html,Emerging Market Currency Contagion,emerging market currency; lira; peso; sovereign default; USD,EM Currency Contagion,"Amid global economic turbulence, the prices of precious metals have been climbing higher and higher.

The price of gold in particular has skyrocketed over the past year, rising more than 50%. For midsize jewelry companies aiming to offer fine gold necklaces, earrings and more at lower price points than legacy luxury jewelry brands, gold futures could be spelling trouble.

Though gold is often subject to market fluctuations, investors have been increasing their holdings over the past year over recession fears and market uncertainty, according to Goldman Sachs. Gold is on pace for its third straight year of double-digit gains, even hitting record highs this week during the government shutdown.

On Tuesday, gold prices hit $4,000 an ounce for the first time in history — and they're showing no signs of slowing down.

Analysts from UBS wrote last week that lower interest rates, weakness in the dollar and political uncertainty will only continue to drive the price of gold higher.

""We now expect inflows for this year to be 830 metric tons, which is almost double our initial forecast of 450 metric tons at the start of the year,"" the UBS analysts wrote in a note. ""The key risk for gold is better U.S. growth and if the Fed is forced to raise rates due to inflation-related upside surprises.""

A Goldman Sachs report from late last month predicted the climb, forecasting that the price of gold will rise 6% through the middle of 2026 to $4,000 per troy ounce, a unit of measurement used for precious metals. The report categorized buyers of gold into two groups: conviction buyers, who purchase the metal consistently, and opportunistic buyers, who jump in ""when they believe the price is right.""

The analysts said they expect central banks to continue buying gold for three more years.

""Our rationale is that emerging market central banks remain significantly underweight gold compared to their developed market counterparts and are gradually increasing allocations as part of a broader diversification strategy,"" analyst Lina Thomas wrote.

And according to July survey data from the World Gold Council, roughly 95% of central banks expect global gold holdings to rise in the next year.

That uncertainty comes on top of an already turbulent global economy reeling from changing tariff policies from President Donald Trump . Though he made clear in August that gold will not be tariffed and that bars from Switzerland will not be subject to the country's 39% tariff, Trump's steep rates on other countries have been disrupting the global supply chain .

For jewelers, the rising price of the precious metal may be a cause for concern. Large retailers like Pandora and Signet have signaled that they are exploring price hikes or alternative manufacturing methods to counteract the hit they're taking from gold.

And some jewelry companies that aim to offer gold products at lower price points, like Mejuri, are feeling the pressure too.

Mejuri, which aims to sell gold and luxury jewelry at more affordable levels than its competitors, announced last month that the company was being forced to raise its prices due to the rising cost of gold, silver and tariffs.

""While we've been doing everything we can to absorb the impact and preserve the quality and craftsmanship you expect from us, you'll see some prices update on Monday, September 29th,"" Mejuri wrote in an email to customers. ""We're tackling these shifts head-on: streamlining our supply chain, strengthening sourcing and designing with pricing in mind.""

The company said it's also innovating new products like 10 karat solid gold to keep offering quality jewelry at affordable prices. Mejuri declined to comment.

With the price of gold rising and showing no signs of stopping, some jewelry companies are being forced to be innovative with their pricing and products.

In its second-quarter earnings report in August, Pandora said it faced an 80-basis point hit due to higher prices of gold and silver and that it planned some price adjustments to offset those headwinds. And on Signet's most recent earnings call in early September, the company said it had seen more than 30% increase in the cost of gold.

BaubleBar, which specializes in fine jewelry, offers a large selection of ""demi-fine"" gold pieces, which co-founder Daniella Yacobovsky said has allowed the company to somewhat avoid the brunt of the pressure from gold prices.

The company's demi-fine jewelry features a thick, high-quality 18k gold plated over a sterling silver base, which allows BaubleBar to avoid the costs associated with solid gold jewelry. The brand's demi-fine earrings range from anywhere between $50 to $150.

""We've actually seen a really huge increase in interest in demi-fine,"" Yacobovsky told CNBC. ""I think that it offers people a really fantastic alternative to solid gold. … You're going to get a really fantastic quality similar to that for a lower price point.""

Still, Yacobovsky said it's concerning that significant events affecting the global economy are happening at higher rates than even five years ago. She said she hasn't seem something as volatile as the skyrocketing price of gold in the industry ""for a long time.""

The key, she said, will be for businesses to capitalize on their ability to make smart choices.

For Alexis Bittar, CEO of his eponymous jewelry company, the smart choice meant leaning into gold-plated pieces, which allows the company to save costs over solid gold, and raising prices slightly to match the products that are coming in.

But the company is not repricing any of its existing products, Bittar said.

""You're constantly juggling between the tariff and the acceleration of the gold prices, so you're staying within a price point that you're known for,"" Bittar said. ""From the consumer side, they're not really caring. They vaguely know the prices of gold are going up … but mentally, they have an unconscious price point that they're looking to spend, and when you start to way exceed it, you're pricing people out.""

Bittar said his company is seeing a ""cautious"" consumer, but that any pullback in spending is likely more related to solid gold than plated gold, and that the wealthy consumer base is more willing to pay higher prices than lower- or middle-income shoppers.

Even for ear piercing company Rowan, which also offers gold jewelry, the rapidly changing industry may be spelling trouble. CEO Louisa Schneider told CNBC that it's hard to imagine any other industry whose raw material costs have risen as dramatically as gold.

Because ear piercing requires some level of surgical steel or titanium for ideal healing, Rowan often uses 14k gold to coat those materials, leaving the company ""somewhat insulated"" from the rising price of gold because it is required to uphold certain health and safety standards.

Still, Schneider said Rowan had to raise prices on some of its gold pieces in the beginning of the third quarter, which she said customers are willing to pay for because the company specializes in employing trained nurses for the piercings.

""This is a fear indicator. So that, from my standpoint, is quite concerning,"" Schneider said. ""Our expectation is that we do not see a significant reduction in the current pricing – if anything, we expect that gold will continue to be quite expensive. So we will continue to hedge ourselves and to work really closely with our vendors.""

Schneider said she's seeing an ""inflection point"" in the price of gold and that it's a cause for concern for all jewelry companies, but especially those that are unable to raise their prices to counteract the costs because they sell to non-luxury consumers who are less flexible with price changes.

Ultimately, she said this serves as a warning sign for the broader economy, even if it might not be hitting Rowan too hard.

""The demand is not coming from consumers that want to wear gold or industries that require gold as a component of manufacturing,"" Schneider said. ""This is coming from a hoarding of gold given an uncertainty around the U.S. dollar, and that's unlike anything that we've seen.""

Correction: A previous version of this story misstated Signet's sales."
